TITLE     = ""
VARIABLES = "x [m]"
"r [m]"
ZONE T="Ogive Surface"
 STRANDID=0, SOLUTIONTIME=0
 I=8000, J=1, K=1, ZONETYPE=Ordered
 DATAPACKING=POINT
 DT=(SINGLE SINGLE )
 6.306000798940658569E-02 2.499999936844687909E-06
 6.306001543998718262E-02 7.499999355786712840E-06
 6.306001543998718262E-02 1.249999786523403600E-05
 6.306002289056777954E-02 1.749999501043930650E-05
 6.306003034114837646E-02 2.249998760817106813E-05
 6.306003779172897339E-02 2.749997838691342622E-05
 6.306005269289016724E-02 3.249996370868757367E-05
 6.306006759405136108E-02 3.749994357349351048E-05
 6.306008249521255493E-02 4.249991980032064021E-05
 6.306009739637374878E-02 4.749988511321134865E-05
 6.306011974811553955E-02 5.249984678812325001E-05
 6.306014209985733032E-02 5.749979754909873009E-05
 6.306016445159912109E-02 6.249974103411659598E-05
 6.306019425392150879E-02 6.749966996721923351E-05
 6.306021660566329956E-02 7.249959162436425686E-05
 6.306024640798568726E-02 7.749950600555166602E-05
 6.306028366088867188E-02 8.249939855886623263E-05
 6.306031346321105957E-02 8.749928383622318506E-05
 6.306035071611404419E-02 9.249915456166490912E-05
 6.306038796901702881E-02 9.749901073519140482E-05
 6.306043267250061035E-02 1.024988523568026721E-04
 6.306046992540359497E-02 1.074986721505410969E-04
 6.306051462888717651E-02 1.124984846683219075E-04
 6.306055933237075806E-02 1.174982680822722614E-04
 6.306061148643493652E-02 1.224980369443073869E-04
 6.306065618991851807E-02 1.274977839784696698E-04
 6.306070834398269653E-02 1.324975164607167244E-04
 6.306076794862747192E-02 1.374972198391333222E-04
 6.306082010269165039E-02 1.424969086656346917E-04
 6.306087970733642578E-02 1.474965829402208328E-04
 6.306093931198120117E-02 1.524962135590612888E-04
 6.306099891662597656E-02 1.574958296259865165E-04
 6.306106597185134888E-02 1.624954165890812874E-04
 6.306113302707672119E-02 1.674949890002608299E-04
 6.306120008230209351E-02 1.724945177556946874E-04
 6.306126713752746582E-02 1.774940319592133164E-04
 6.306134164333343506E-02 1.824935170589014888E-04
 6.306141614913940430E-02 1.874929730547592044E-04
 6.306149065494537354E-02 1.924923853948712349E-04
 6.306157261133193970E-02 1.974917831830680370E-04
 6.306164711713790894E-02 2.024911373155191541E-04
 6.306172907352447510E-02 2.074904768960550427E-04
 6.306181848049163818E-02 2.124897582689300179E-04
 6.306190043687820435E-02 2.174890250898897648E-04
 6.306198984384536743E-02 2.224882482551038265E-04
 6.306207925081253052E-02 2.274874423164874315E-04
 6.306216865777969360E-02 2.324865927221253514E-04
 6.306226551532745361E-02 2.374857140239328146E-04
 6.306236237287521362E-02 2.424847916699945927E-04
 6.306245923042297363E-02 2.474838402122259140E-04
 6.306255608797073364E-02 2.524828305467963219E-04
 6.306266039609909058E-02 2.574817917775362730E-04
 6.306276470422744751E-02 2.624806948006153107E-04
 6.306286901235580444E-02 2.674795687198638916E-04
 6.306298077106475830E-02 2.724784135352820158E-04
 6.306309252977371216E-02 2.774772001430392265E-04
 6.306320428848266602E-02 2.824759576469659805E-04
 6.306331604719161987E-02 2.874746569432318211E-04
 6.306343525648117065E-02 2.924732980318367481E-04
 6.306354701519012451E-02 2.974719100166112185E-04
 6.306366622447967529E-02 3.024704637937247753E-04
 6.306379288434982300E-02 3.074689884670078754E-04
 6.306391209363937378E-02 3.124674549326300621E-04
 6.306403875350952148E-02 3.174658631905913353E-04
 6.306417286396026611E-02 3.224642132408916950E-04
 6.306429952383041382E-02 3.274625341873615980E-04
 6.306443363428115845E-02 3.324607969261705875E-04
 6.306456774473190308E-02 3.374590014573186636E-04
 6.306470185518264771E-02 3.424571477808058262E-04
 6.306483596563339233E-02 3.474552358966320753E-04
 6.306497752666473389E-02 3.524532949086278677E-04
 6.306511908769607544E-02 3.574512666091322899E-04
 6.306526809930801392E-02 3.624491801019757986E-04
 6.306540966033935547E-02 3.674470644909888506E-04
 6.306555867195129395E-02 3.724448615685105324E-04
 6.306570768356323242E-02 3.774426295422017574E-04
 6.306586414575576782E-02 3.824403102044016123E-04
 6.306601315736770630E-02 3.874379326589405537E-04
 6.306616961956024170E-02 3.924354969058185816E-04
 6.306632608175277710E-02 3.974330029450356960E-04
 6.306648999452590942E-02 4.024304507765918970E-04
 6.306665390729904175E-02 4.074278112966567278E-04
 6.306681782007217407E-02 4.124251427128911018E-04
 6.306698173284530640E-02 4.174223868176341057E-04
 6.306714564561843872E-02 4.224195436108857393E-04
 6.306731700897216797E-02 4.274166713003069162E-04
 6.306748837232589722E-02 4.324137116782367229E-04
 6.306766718626022339E-02 4.374106938485056162E-04
 6.306783854961395264E-02 4.424075887072831392E-04
 6.306801736354827881E-02 4.474044253583997488E-04
 6.306819617748260498E-02 4.524011746980249882E-04
 6.306838244199752808E-02 4.573978658299893141E-04
 6.306856125593185425E-02 4.623944696504622698E-04
 6.306874752044677734E-02 4.673910152632743120E-04
 6.306894123554229736E-02 4.723874735645949841E-04
 6.306912750005722046E-02 4.773838736582547426E-04
 6.306932121515274048E-02 4.823801864404231310E-04
 6.306951493024826050E-02 4.873764410149306059E-04
 6.306970864534378052E-02 4.923726082779467106E-04
 6.306990981101989746E-02 4.973686882294714451E-04
 6.307011097669601440E-02 5.023646517656743526E-04
 6.307031214237213135E-02 5.073606153018772602E-04
 6.307051330804824829E-02 5.123564042150974274E-04
 6.307072192430496216E-02 5.173521931283175945E-04
 6.307093054056167603E-02 5.223478656262159348E-04
 6.307113915681838989E-02 5.273434217087924480E-04
 6.307134777307510376E-02 5.323389777913689613E-04
 6.307156383991241455E-02 5.373345920816063881E-04
 6.307177990674972534E-02 5.423307302407920361E-04
 6.307199597358703613E-02 5.473288474604487419E-04
 6.307221949100494385E-02 5.523319123312830925E-04
 6.307244300842285156E-02 5.573452799580991268E-04
 6.307266652584075928E-02 5.623773322440683842E-04
 6.307289749383926392E-02 5.674400599673390388E-04
 6.307312846183776855E-02 5.725491209886968136E-04
 6.307336688041687012E-02 5.777241894975304604E-04
 6.307361274957656860E-02 5.829883739352226257E-04
 6.307386606931686401E-02 5.883681005798280239E-04
 6.307412683963775635E-02 5.938924732618033886E-04
 6.307439506053924561E-02 5.995928659103810787E-04
 6.307468563318252563E-02 6.055021658539772034E-04
 6.307498365640640259E-02 6.116543081589043140E-04
 6.307529658079147339E-02 6.180835189297795296E-04
 6.307563185691833496E-02 6.248241406865417957E-04
 6.307598948478698730E-02 6.319097592495381832E-04
 6.307636946439743042E-02 6.393732037395238876E-04
 6.307677924633026123E-02 6.472459062933921814E-04
 6.307721138000488281E-02 6.555578438565135002E-04
 6.307767331600189209E-02 6.643372471444308758E-04
 6.307817250490188599E-02 6.736105424351990223E-04
 6.307870149612426758E-02 6.834022351540625095E-04
 6.307927519083023071E-02 6.937347934581339359E-04
 6.307988613843917847E-02 7.046288810670375824E-04
 6.308054178953170776E-02 7.161031826399266720E-04
 6.308123469352722168E-02 7.281745201908051968E-04
 6.308198720216751099E-02 7.408579695038497448E-04
 6.308278441429138184E-02 7.541670347563922405E-04
 6.308363378047943115E-02 7.681134738959372044E-04
 6.308453530073165894E-02 7.827078225091099739E-04
 6.308550387620925903E-02 7.979590445756912231E-04
 6.308653205633163452E-02 8.138751145452260971E-04
 6.308762729167938232E-02 8.304626680910587311E-04
 6.308878958225250244E-02 8.477274677716195583E-04
 6.309001892805099487E-02 8.656742866151034832E-04
 6.309133023023605347E-02 8.843069663271307945E-04
 6.309271603822708130E-02 9.036286501213908195E-04
 6.309418380260467529E-02 9.236417827196419239E-04
 6.309573352336883545E-02 9.443481103517115116E-04
 6.309737265110015869E-02 9.657486225478351116E-04
 6.309910118579864502E-02 9.878439595922827721E-04
 6.310093402862548828E-02 1.010634005069732666E-03
 6.310285627841949463E-02 1.034117885865271091E-03
 6.310489028692245483E-02 1.058294670656323433E-03
 6.310702860355377197E-02 1.083162263967096806E-03
 6.310927867889404297E-02 1.108718104660511017E-03
 6.311164051294326782E-02 1.134959282353520393E-03
 6.311412900686264038E-02 1.161881606094539165E-03
 6.311672925949096680E-02 1.189480419270694256E-03
 6.311947107315063477E-02 1.217750250361859798E-03
 6.312233209609985352E-02 1.246684580110013485E-03
 6.312533468008041382E-02 1.276275841519236565E-03
 6.312847882509231567E-02 1.306515187025070190E-03
 6.313175708055496216E-02 1.337392837740480900E-03
 6.313519179821014404E-02 1.368897384963929653E-03
 6.313876807689666748E-02 1.401016255840659142E-03
 6.314250826835632324E-02 1.433735131286084652E-03
 6.314639747142791748E-02 1.467037829570472240E-03
 6.315044313669204712E-02 1.500906888395547867E-03
 6.315465271472930908E-02 1.535322749987244606E-03
 6.315903365612030029E-02 1.570263761095702648E-03
 6.316357105970382690E-02 1.605706638656556606E-03
 6.316827237606048584E-02 1.641626120544970036E-03
 6.317314505577087402E-02 1.677994965575635433E-03
 6.317818909883499146E-02 1.714784186333417892E-03
 6.318339705467224121E-02 1.751963049173355103E-03
 6.318876147270202637E-02 1.789499656297266483E-03
 6.319429725408554077E-02 1.827360363677144051E-03
 6.319999694824218750E-02 1.865511294454336166E-03
 6.320585310459136963E-02 1.903917407616972923E-03
 6.321187317371368408E-02 1.942544244229793549E-03
 6.321804225444793701E-02 1.981357345357537270E-03
 6.322436034679412842E-02 2.020323881879448891E-03
 6.323082000017166138E-02 2.059411955997347832E-03
 6.323742866516113281E-02 2.098592463880777359E-03
 6.324417889118194580E-02 2.137838862836360931E-03
 6.325106322765350342E-02 2.177127869799733162E-03
 6.325808167457580566E-02 2.216439694166183472E-03
 6.326523423194885254E-02 2.255758969113230705E-03
 6.327251344919204712E-02 2.295073121786117554E-03
 6.327991932630538940E-02 2.334373770281672478E-03
 6.328745186328887939E-02 2.373655326664447784E-03
 6.329510360956192017E-02 2.412914531305432320E-03
 6.330288946628570557E-02 2.452149521559476852E-03
 6.331080198287963867E-02 2.491359831765294075E-03
 6.331883370876312256E-02 2.530544530600309372E-03
 6.332699209451675415E-02 2.569703152403235435E-03
 6.333528459072113037E-02 2.608835464343428612E-03
 6.334368884563446045E-02 2.647941233590245247E-03
 6.335222721099853516E-02 2.687019761651754379E-03
 6.336089223623275757E-02 2.726071048527956009E-03
 6.336967647075653076E-02 2.765094162896275520E-03
 6.337858736515045166E-02 2.804088871926069260E-03
 6.338761746883392334E-02 2.843055175617337227E-03
 6.339678168296813965E-02 2.881992142647504807E-03
 6.340606510639190674E-02 2.920899540185928345E-03
 6.341547518968582153E-02 2.959777135401964188E-03
 6.342501193284988403E-02 2.998624462634325027E-03
 6.343466788530349731E-02 3.037441056221723557E-03
 6.344445049762725830E-02 3.076226683333516121E-03
 6.345435231924057007E-02 3.114980645477771759E-03
 6.346438080072402954E-02 3.153702709823846817E-03
 6.347453594207763672E-02 3.192392410710453987E-03
 6.348481774330139160E-02 3.231049515306949615E-03
 6.349521875381469727E-02 3.269673557952046394E-03
 6.350573897361755371E-02 3.308264072984457016E-03
 6.351638585329055786E-02 3.346820827573537827E-03
 6.352715939283370972E-02 3.385343123227357864E-03
 6.353805214166641235E-02 3.423830727115273476E-03
 6.354907155036926270E-02 3.462283406406641006E-03
 6.356021016836166382E-02 3.500700695440173149E-03
 6.357147544622421265E-02 3.539082128554582596E-03
 6.358286738395690918E-02 3.577427240088582039E-03
 6.359437108039855957E-02 3.615735564380884171E-03
 6.360600143671035767E-02 3.654007101431488991E-03
 6.361775845289230347E-02 3.692241152748465538E-03
 6.362963467836380005E-02 3.730437485501170158E-03
 6.364163011312484741E-02 3.768595401197671890E-03
 6.365375220775604248E-02 3.806714899837970734E-03
 6.366599351167678833E-02 3.844795282930135727E-03
 6.367836147546768188E-02 3.882836317643523216E-03
 6.369084864854812622E-02 3.920837771147489548E-03
 6.370345503091812134E-02 3.958798944950103760E-03
 6.371618062257766724E-02 3.996719606220722198E-03
 6.372903287410736084E-02 4.034599289298057556E-03
 6.374200433492660522E-02 4.072437528520822525E-03
 6.375509500503540039E-02 4.110234323889017105E-03
 6.376831233501434326E-02 4.147989209741353989E-03
 6.378164142370223999E-02 4.185701254755258560E-03
 6.379509717226028442E-02 4.223370458930730820E-03
 6.380867213010787964E-02 4.260996356606483459E-03
 6.382236629724502563E-02 4.298578947782516479E-03
 6.383618712425231934E-02 4.336117301136255264E-03
 6.385011970996856689E-02 4.373611416667699814E-03
 6.386417150497436523E-02 4.411060363054275513E-03
 6.387834995985031128E-02 4.448464605957269669E-03
 6.389264762401580811E-02 4.485822748392820358E-03
 6.390705704689025879E-02 4.523135256022214890E-03
 6.392159312963485718E-02 4.560401663184165955E-03
 6.393624842166900635E-02 4.597621038556098938E-03
 6.395101547241210938E-02 4.634793382138013840E-03
 6.396590918302536011E-02 4.671918693929910660E-03
 6.398091465234756470E-02 4.708995576947927475E-03
 6.399604678153991699E-02 4.746024496853351593E-03
 6.401129066944122314E-02 4.783004987984895706E-03
 6.402665376663208008E-02 4.819936119019985199E-03
 6.404214352369308472E-02 4.856818355619907379E-03
 6.405773758888244629E-02 4.893650300800800323E-03
 6.407345831394195557E-02 4.930432885885238647E-03
 6.408929824829101562E-02 4.967164248228073120E-03
 6.410524994134902954E-02 5.003845319151878357E-03
 6.412132084369659424E-02 5.040474701672792435E-03
 6.413751095533370972E-02 5.077052395790815353E-03
 6.415381282567977905E-02 5.113578401505947113E-03
 6.417023390531539917E-02 5.150052253156900406E-03
 6.418677419424057007E-02 5.186473019421100616E-03
 6.420342624187469482E-02 5.222840700298547745E-03
 6.422019749879837036E-02 5.259154830127954483E-03
 6.423708796501159668E-02 5.295415408909320831E-03
 6.425409018993377686E-02 5.331621505320072174E-03
 6.427121162414550781E-02 5.367773119360208511E-03
 6.428844481706619263E-02 5.403869785368442535E-03
 6.430579721927642822E-02 5.439911037683486938E-03
 6.432326138019561768E-02 5.475896410644054413E-03
 6.434083729982376099E-02 5.511825904250144958E-03
 6.435853242874145508E-02 5.547699052840471268E-03
 6.437634676694869995E-02 5.583515390753746033E-03
 6.439427286386489868E-02 5.619274452328681946E-03
 6.441231071949005127E-02 5.654976237565279007E-03
 6.443046033382415771E-02 5.690619815140962601E-03
 6.444872915744781494E-02 5.726205185055732727E-03
 6.446710973978042603E-02 5.761731881648302078E-03
 6.448560208082199097E-02 5.797199439257383347E-03
 6.450421363115310669E-02 5.832607857882976532E-03
 6.452292948961257935E-02 5.867956671863794327E-03
 6.454176455736160278E-02 5.903244949877262115E-03
 6.456071138381958008E-02 5.938473157584667206E-03
 6.457976996898651123E-02 5.973640363663434982E-03
 6.459894031286239624E-02 6.008746568113565445E-03
 6.461822986602783203E-02 6.043791305273771286E-03
 6.463762372732162476E-02 6.078773643821477890E-03
 6.465712934732437134E-02 6.113694049417972565E-03
 6.467675417661666870E-02 6.148552056401968002E-03
 6.469648331403732300E-02 6.183347199112176895E-03
 6.471632421016693115E-02 6.218078546226024628E-03
 6.473627686500549316E-02 6.252746563404798508E-03
 6.475634127855300903E-02 6.287350319325923920E-03
 6.477651745080947876E-02 6.321889813989400864E-03
 6.479680538177490234E-02 6.356364581733942032E-03
 6.481719762086868286E-02 6.390774156898260117E-03
 6.483770161867141724E-02 6.425118539482355118E-03
 6.485831737518310547E-02 6.459396798163652420E-03
 6.487904489040374756E-02 6.493608932942152023E-03
 6.489987671375274658E-02 6.527754943817853928E-03
 6.492082029581069946E-02 6.561833899468183517E-03
 6.494187563657760620E-02 6.595845799893140793E-03
 6.496303528547286987E-02 6.629789713770151138E-03
 6.498430669307708740E-02 6.663666106760501862E-03
 6.500568240880966187E-02 6.697474047541618347E-03
 6.502716988325119019E-02 6.731213536113500595E-03
 6.504876166582107544E-02 6.764884106814861298E-03
 6.507046520709991455E-02 6.798485759645700455E-03
 6.509227305650711060E-02 6.832017097622156143E-03
 6.511418521404266357E-02 6.865479052066802979E-03
 6.513620913028717041E-02 6.898870225995779037E-03
 6.515833735466003418E-02 6.932191085070371628E-03
 6.518057733774185181E-02 6.965441163629293442E-03
 6.520292162895202637E-02 6.998619530349969864E-03
 6.522537022829055786E-02 7.031726185232400894E-03
 6.524792313575744629E-02 7.064761128276586533E-03
 6.527058035135269165E-02 7.097723428159952164E-03
 6.529334932565689087E-02 7.130613084882497787E-03
 6.531621515750885010E-02 7.163430098444223404E-03
 6.533919274806976318E-02 7.196173537522554398E-03
 6.536227464675903320E-02 7.228842936456203461E-03
 6.538546085357666016E-02 7.261438760906457901E-03
 6.540874391794204712E-02 7.293960079550743103E-03
 6.543213874101638794E-02 7.326406892389059067E-03
 6.545563787221908569E-02 7.358778268098831177E-03
 6.547923386096954346E-02 7.391074672341346741E-03
 6.550294160842895508E-02 7.423295173794031143E-03
 6.552674621343612671E-02 7.455439772456884384E-03
 6.555065512657165527E-02 7.487508002668619156E-03
 6.557466089725494385E-02 7.519499398767948151E-03
 6.559877842664718628E-02 7.551413960754871368E-03
 6.562299281358718872E-02 7.583251222968101501E-03
 6.564731150865554810E-02 7.615011185407638550E-03
 6.567172706127166748E-02 7.646692451089620590E-03
 6.569624692201614380E-02 7.678295951336622238E-03
 6.572087109088897705E-02 7.709820754826068878E-03
 6.574559211730957031E-02 7.741266395896673203E-03
 6.577041745185852051E-02 7.772632874548435211E-03
 6.579533964395523071E-02 7.803919725120067596E-03
 6.582035869359970093E-02 7.835126481950283051E-03
 6.584548205137252808E-02 7.866253145039081573E-03
 6.587070226669311523E-02 7.897299714386463165E-03
 6.589602679014205933E-02 7.928264327347278595E-03
 6.592144072055816650E-02 7.959148846566677094E-03
 6.594695895910263062E-02 7.989951409399509430E-03
 6.597258150577545166E-02 8.020672015845775604E-03
 6.599829345941543579E-02 8.051310665905475616E-03
 6.602410972118377686E-02 8.081867359578609467E-03
 6.605001538991928101E-02 8.112340234220027924E-03
 6.607602536678314209E-02 8.142731152474880219E-03
 6.610213220119476318E-02 8.173038251698017120E-03
 6.612833589315414429E-02 8.203261531889438629E-03
 6.615462899208068848E-02 8.233400061726570129E-03
 6.618102639913558960E-02 8.263455703854560852E-03
 6.620752066373825073E-02 8.293425664305686951E-03
 6.623410433530807495E-02 8.323311805725097656E-03
 6.626078486442565918E-02 8.353111334145069122E-03
 6.628756225109100342E-02 8.382826112210750580E-03
 6.631443649530410767E-02 8.412455208599567413E-03
 6.634140759706497192E-02 8.441997691988945007E-03
 6.636846810579299927E-02 8.471454493701457977E-03
 6.639562547206878662E-02 8.500823751091957092E-03
 6.642287224531173706E-02 8.530106395483016968E-03
 6.645021587610244751E-02 8.559301495552062988E-03
 6.647764891386032104E-02 8.588409051299095154E-03
 6.650517880916595459E-02 8.617428131401538849E-03
 6.653280556201934814E-02 8.646359667181968689E-03
 6.656051427125930786E-02 8.675201795995235443E-03
 6.658832728862762451E-02 8.703956380486488342E-03
 6.661622226238250732E-02 8.732620626688003540E-03
 6.664421409368515015E-02 8.761196397244930267E-03
 6.667229533195495605E-02 8.789681829512119293E-03
 6.670046597719192505E-02 8.818077854812145233E-03
 6.672872602939605713E-02 8.846382610499858856E-03
 6.675708293914794922E-02 8.874597959220409393E-03
 6.678552925586700439E-02 8.902721107006072998E-03
 6.681405752897262573E-02 8.930753916501998901E-03
 6.684268265962600708E-02 8.958695456385612488E-03
 6.687139719724655151E-02 8.986544795334339142E-03
 6.690019369125366211E-02 9.014302864670753479E-03
 6.692908704280853271E-02 9.041967801749706268E-03
 6.695806235074996948E-02 9.069540537893772125E-03
 6.698713451623916626E-02 9.097020141780376434E-03
 6.701628863811492920E-02 9.124406613409519196E-03
 6.704552471637725830E-02 9.151699952781200409E-03
 6.707485765218734741E-02 9.178899228572845459E-03
 6.710427254438400269E-02 9.206004440784454346E-03
 6.713377684354782104E-02 9.233015589416027069E-03
 6.716336309909820557E-02 9.259932674467563629E-03
 6.719303876161575317E-02 9.286754764616489410E-03
 6.722279638051986694E-02 9.313480928540229797E-03
 6.725264340639114380E-02 9.340112097561359406E-03
 6.728257238864898682E-02 9.366648271679878235E-03
 6.731259077787399292E-02 9.393087588250637054E-03
 6.734269112348556519E-02 9.419430978596210480E-03
 6.737287342548370361E-02 9.445678442716598511E-03
 6.740314513444900513E-02 9.471829049289226532E-03
 6.743349879980087280E-02 9.497882798314094543E-03
 6.746392697095870972E-02 9.523838758468627930E-03
 6.749444454908370972E-02 9.549696929752826691E-03
 6.752505153417587280E-02 9.575458243489265442E-03
 6.755573302507400513E-02 9.601120837032794952E-03
 6.758649647235870361E-02 9.626685641705989838E-03
 6.761734187602996826E-02 9.652151726186275482E-03
 6.764826923608779907E-02 9.677518159151077271E-03
 6.767927855253219604E-02 9.702786803245544434E-03
 6.771036982536315918E-02 9.727954864501953125E-03
 6.774153560400009155E-02 9.753024205565452576E-03
 6.777278333902359009E-02 9.777992963790893555E-03
 6.780411303043365479E-02 9.802862070500850677E-03
 6.783552467823028564E-02 9.827630594372749329E-03
 6.786701083183288574E-02 9.852298535406589508E-03
 6.789857894182205200E-02 9.876865893602371216E-03
 6.793022155761718750E-02 9.901331737637519836E-03
 6.796194612979888916E-02 9.925696067512035370E-03
 6.799374520778656006E-02 9.949959814548492432E-03
 6.802562624216079712E-02 9.974120184779167175E-03
 6.805758178234100342E-02 9.998179040849208832E-03
 6.808961182832717896E-02 1.002213545143604279E-02
 6.812172383069992065E-02 1.004598941653966904E-02
 6.815391033887863159E-02 1.006974093616008759E-02
 6.818617135286331177E-02 1.009338907897472382E-02
 6.821850687265396118E-02 1.011693291366100311E-02
 6.825091689825057983E-02 1.014037430286407471E-02
 6.828340142965316772E-02 1.016371138393878937E-02
 6.831596791744232178E-02 1.018694415688514709E-02
 6.834860146045684814E-02 1.021007355302572250E-02
 6.838130950927734375E-02 1.023309770971536636E-02
 6.841409206390380859E-02 1.025601662695407867E-02
 6.844694912433624268E-02 1.027883123606443405E-02
 6.847988069057464600E-02 1.030154060572385788E-02
 6.851287931203842163E-02 1.032414380460977554E-02
 6.854595243930816650E-02 1.034664176404476166E-02
 6.857910007238388062E-02 1.036903355270624161E-02
 6.861231476068496704E-02 1.039131917059421539E-02
 6.864560395479202271E-02 1.041349861770868301E-02
 6.867896020412445068E-02 1.043557189404964447E-02
 6.871239095926284790E-02 1.045753806829452515E-02
 6.874588876962661743E-02 1.047939620912075043E-02
 6.877945363521575928E-02 1.050114817917346954E-02
 6.881309300661087036E-02 1.052279211580753326E-02
 6.884679943323135376E-02 1.054432801902294159E-02
 6.888058036565780640E-02 1.056575682014226913E-02
 6.891442090272903442E-02 1.058707665652036667E-02
 6.894833594560623169E-02 1.060828845947980881E-02
 6.898231804370880127E-02 1.062939129769802094E-02
 6.901636719703674316E-02 1.065038517117500305E-02
 6.905047595500946045E-02 1.067127007991075516E-02
 6.908465921878814697E-02 1.069204602390527725E-02
 6.911890953779220581E-02 1.071271207183599472E-02
 6.915321946144104004E-02 1.073326915502548218E-02
 6.918760389089584351E-02 1.075371541082859039E-02
 6.922204792499542236E-02 1.077405270189046860E-02
 6.925655156373977661E-02 1.079427916556596756E-02
 6.929112970829010010E-02 1.081439480185508728E-02
 6.932576745748519897E-02 1.083439961075782776E-02
 6.936046481132507324E-02 1.085429359227418900E-02
 6.939523667097091675E-02 1.087407674640417099E-02
 6.943006068468093872E-02 1.089374814182519913E-02
 6.946495175361633301E-02 1.091330777853727341E-02
 6.949990987777709961E-02 1.093275658786296844E-02
 6.953492015600204468E-02 1.095209270715713501E-02
 6.956999748945236206E-02 1.097131706774234772E-02
 6.960514187812805176E-02 1.099042873829603195E-02
 6.964033842086791992E-02 1.100942771881818771E-02
 6.967560201883316040E-02 1.102831494063138962E-02
 6.971091777086257935E-02 1.104708854109048843E-02
 6.974630057811737061E-02 1.106574852019548416E-02
 6.978174299001693726E-02 1.108429580926895142E-02
 6.981723755598068237E-02 1.110272947698831558E-02
 6.985279917716979980E-02 1.112104952335357666E-02
 6.988841295242309570E-02 1.113925594836473465E-02
 6.992408633232116699E-02 1.115734782069921494E-02
 6.995981931686401367E-02 1.117532514035701752E-02
 6.999561190605163574E-02 1.119318883866071701E-02
 7.003145664930343628E-02 1.121093705296516418E-02
 7.006736099720001221E-02 1.122857164591550827E-02
 7.010331749916076660E-02 1.124609075486660004E-02
 7.013933360576629639E-02 1.126349437981843948E-02
 7.017540931701660156E-02 1.128078252077102661E-02
 7.021152973175048828E-02 1.129795517772436142E-02
 7.024771720170974731E-02 1.131501235067844391E-02
 7.028394937515258789E-02 1.133195403963327408E-02
 7.032024115324020386E-02 1.134877931326627731E-02
 7.035657763481140137E-02 1.136548910290002823E-02
 7.039297372102737427E-02 1.138208154588937759E-02
 7.042942941188812256E-02 1.139855757355690002E-02
 7.046592980623245239E-02 1.141491718590259552E-02
 7.050248235464096069E-02 1.143115945160388947E-02
 7.053908705711364746E-02 1.144728530198335648E-02
 7.057574391365051270E-02 1.146329380571842194E-02
 7.061245292425155640E-02 1.147918403148651123E-02
 7.064921408891677856E-02 1.149495784193277359E-02
 7.068601995706558228E-02 1.151061337441205978E-02
 7.072287797927856445E-02 1.152615156024694443E-02
 7.075978815555572510E-02 1.154157146811485291E-02
 7.079674303531646729E-02 1.155687309801578522E-02
 7.083375006914138794E-02 1.157205551862716675E-02
 7.087080180644989014E-02 1.158712059259414673E-02
 7.090790569782257080E-02 1.160206645727157593E-02
 7.094506174325942993E-02 1.161689404398202896E-02
 7.098225504159927368E-02 1.163160242140293121E-02
 7.101950049400329590E-02 1.164619158953428268E-02
 7.105679064989089966E-02 1.166066154837608337E-02
 7.109412550926208496E-02 1.167501229792833328E-02
 7.113151252269744873E-02 1.168924290686845779E-02
 7.116893678903579712E-02 1.170335430651903152E-02
 7.120641320943832397E-02 1.171734556555747986E-02
 7.124393433332443237E-02 1.173121761530637741E-02
 7.128149271011352539E-02 1.174496859312057495E-02
 7.131909579038619995E-02 1.175860036164522171E-02
 7.135675102472305298E-02 1.177211105823516846E-02
 7.139444351196289062E-02 1.178550068289041519E-02
 7.143217325210571289E-02 1.179877016693353653E-02
 7.146995514631271362E-02 1.181191857904195786E-02
 7.150777429342269897E-02 1.182494685053825378E-02
 7.154563069343566895E-02 1.183785311877727509E-02
 7.158353179693222046E-02 1.185063831508159637E-02
 7.162147760391235352E-02 1.186330243945121765E-02
 7.165946066379547119E-02 1.187584549188613892E-02
 7.169748097658157349E-02 1.188826654106378555E-02
 7.173554599285125732E-02 1.190056558698415756E-02
 7.177364081144332886E-02 1.191274262964725494E-02
 7.181178778409957886E-02 1.192479766905307770E-02
 7.184996455907821655E-02 1.193673163652420044E-02
 7.188817858695983887E-02 1.194854266941547394E-02
 7.192642986774444580E-02 1.196023076772689819E-02
 7.196472585201263428E-02 1.197179686278104782E-02
 7.200305163860321045E-02 1.198324095457792282E-02
 7.204141467809677124E-02 1.199456118047237396E-02
 7.207981497049331665E-02 1.200575940310955048E-02
 7.211825251579284668E-02 1.201683469116687775E-02
 7.215672731399536133E-02 1.202778704464435577E-02
 7.219523191452026367E-02 1.203861553221940994E-02
 7.223377376794815063E-02 1.204932108521461487E-02
 7.227234542369842529E-02 1.205990370362997055E-02
 7.231095433235168457E-02 1.207036245614290237E-02
 7.234960049390792847E-02 1.208069734275341034E-02
 7.238826900720596313E-02 1.209090929478406906E-02
 7.242698222398757935E-02 1.210099644958972931E-02
 7.246571779251098633E-02 1.211096066981554031E-02
 7.250449061393737793E-02 1.212080009281635284E-02
 7.254329323768615723E-02 1.213051564991474152E-02
 7.258212566375732422E-02 1.214010734111070633E-02
 7.262098789215087891E-02 1.214957423508167267E-02
 7.265987992286682129E-02 1.215891633182764053E-02
 7.269880175590515137E-02 1.216813456267118454E-02
 7.273776084184646606E-02 1.217722799628973007E-02
 7.277674227952957153E-02 1.218619756400585175E-02
 7.281574606895446777E-02 1.219504140317440033E-02
 7.285478711128234863E-02 1.220376044511795044E-02
 7.289385050535202026E-02 1.221235468983650208E-02
 7.293294370174407959E-02 1.222082413733005524E-02
 7.297206670045852661E-02 1.222916785627603531E-02
 7.301121205091476440E-02 1.223738677799701691E-02
 7.305038720369338989E-02 1.224547997117042542E-02
 7.308958470821380615E-02 1.225344836711883545E-02
 7.312880456447601318E-02 1.226129103451967239E-02
 7.316805422306060791E-02 1.226900797337293625E-02
 7.320732623338699341E-02 1.227659918367862701E-02
 7.324662804603576660E-02 1.228406466543674469E-02
 7.328594475984573364E-02 1.229140534996986389E-02
 7.332529127597808838E-02 1.229861937463283539E-02
 7.336466014385223389E-02 1.230570673942565918E-02
 7.340404391288757324E-02 1.231266930699348450E-02
 7.344345748424530029E-02 1.231950521469116211E-02
 7.348289340734481812E-02 1.232621539384126663E-02
 7.352234423160552979E-02 1.233279891312122345E-02
 7.356182485818862915E-02 1.233925577253103256E-02
 7.360132038593292236E-02 1.234558690339326859E-02
 7.364083081483840942E-02 1.235179416835308075E-02
 7.368036359548568726E-02 1.235789060592651367E-02
 7.371989637613296509E-02 1.236398145556449890E-02
 7.375942915678024292E-02 1.237007044255733490E-02
 7.379896938800811768E-02 1.237615849822759628E-02
 7.383850216865539551E-02 1.238224655389785767E-02
 7.387803494930267334E-02 1.238833367824554443E-02
 7.391756772994995117E-02 1.239441987127065659E-02
 7.395710051059722900E-02 1.240050606429576874E-02
 7.399664074182510376E-02 1.240659132599830627E-02
 7.403617352247238159E-02 1.241267658770084381E-02
 7.407570630311965942E-02 1.241876091808080673E-02
 7.411523908376693726E-02 1.242484431713819504E-02
 7.415477931499481201E-02 1.243092771619558334E-02
 7.419431209564208984E-02 1.243701018393039703E-02
 7.423384487628936768E-02 1.244309265166521072E-02
 7.427337765693664551E-02 1.244917418807744980E-02
 7.431291788816452026E-02 1.245525479316711426E-02
 7.435245066881179810E-02 1.246133539825677872E-02
 7.439198344945907593E-02 1.246741507202386856E-02
 7.443152368068695068E-02 1.247349381446838379E-02
 7.447105646133422852E-02 1.247957255691289902E-02
 7.451058924198150635E-02 1.248565036803483963E-02
 7.455012947320938110E-02 1.249172817915678024E-02
 7.458966225385665894E-02 1.249780505895614624E-02
 7.462920248508453369E-02 1.250388193875551224E-02
 7.466873526573181152E-02 1.250995788723230362E-02
 7.470826804637908936E-02 1.251603290438652039E-02
 7.474780827760696411E-02 1.252210792154073715E-02
 7.478734105825424194E-02 1.252818200737237930E-02
 7.482688128948211670E-02 1.253425516188144684E-02
 7.486641407012939453E-02 1.254032831639051437E-02
 7.490595430135726929E-02 1.254640053957700729E-02
 7.494548708200454712E-02 1.255247276276350021E-02
 7.498502731323242188E-02 1.255854405462741852E-02
 7.502456009387969971E-02 1.256461441516876221E-02
 7.506410032510757446E-02 1.257068477571010590E-02
 7.510363310575485229E-02 1.257675420492887497E-02
 7.514317333698272705E-02 1.258282363414764404E-02
 7.518270611763000488E-02 1.258889213204383850E-02
 7.522224634885787964E-02 1.259495969861745834E-02
 7.526178658008575439E-02 1.260102726519107819E-02
 7.530131936073303223E-02 1.260709390044212341E-02
 7.534085959196090698E-02 1.261316053569316864E-02
 7.538039237260818481E-02 1.261922623962163925E-02
 7.541993260383605957E-02 1.262529101222753525E-02
 7.545947283506393433E-02 1.263135578483343124E-02
 7.549900561571121216E-02 1.263741962611675262E-02
 7.553854584693908691E-02 1.264348346740007401E-02
 7.557808607816696167E-02 1.264954637736082077E-02
 7.561761885881423950E-02 1.265560835599899292E-02
 7.565715909004211426E-02 1.266167033463716507E-02
 7.569669932126998901E-02 1.266773138195276260E-02
 7.573623955249786377E-02 1.267379149794578552E-02
 7.577577233314514160E-02 1.267985161393880844E-02
 7.581531256437301636E-02 1.268591172993183136E-02
 7.585485279560089111E-02 1.269196998327970505E-02
 7.589439302682876587E-02 1.269802823662757874E-02
 7.593392580747604370E-02 1.270408648997545242E-02
 7.597346603870391846E-02 1.271014381200075150E-02
 7.601300626993179321E-02 1.271620020270347595E-02
 7.605254650115966797E-02 1.272225659340620041E-02
 7.609208673238754272E-02 1.272831205278635025E-02
 7.613161951303482056E-02 1.273436658084392548E-02
 7.617115974426269531E-02 1.274042110890150070E-02
 7.621069997549057007E-02 1.274647470563650131E-02
 7.625024020671844482E-02 1.275252830237150192E-02
 7.628978043794631958E-02 1.275858096778392792E-02
 7.632932066917419434E-02 1.276463270187377930E-02
 7.636886090040206909E-02 1.277068443596363068E-02
 7.640840113162994385E-02 1.277673523873090744E-02
 7.644794136285781860E-02 1.278278604149818420E-02
 7.648748159408569336E-02 1.278883591294288635E-02
 7.652702182531356812E-02 1.279488485306501389E-02
 7.656656205654144287E-02 1.280093379318714142E-02
 7.660610228776931763E-02 1.280698180198669434E-02
 7.664563506841659546E-02 1.281302981078624725E-02
 7.668518275022506714E-02 1.281907688826322556E-02
 7.672472298145294189E-02 1.282512303441762924E-02
 7.676426321268081665E-02 1.283116918057203293E-02
 7.680380344390869141E-02 1.283721439540386200E-02
 7.684334367513656616E-02 1.284325867891311646E-02
 7.688288390636444092E-02 1.284930296242237091E-02
 7.692242413759231567E-02 1.285534724593162537E-02
 7.696196436882019043E-02 1.286138966679573059E-02
 7.700150460004806519E-02 1.286743208765983582E-02
 7.704104483127593994E-02 1.287347450852394104E-02
 7.708058506250381470E-02 1.287951599806547165E-02
 7.712012529373168945E-02 1.288555655628442764E-02
 7.715966552495956421E-02 1.289159711450338364E-02
 7.719921320676803589E-02 1.289763674139976501E-02
 7.723875343799591064E-02 1.290367543697357178E-02
 7.727829366922378540E-02 1.290971413254737854E-02
 7.731783390045166016E-02 1.291575189679861069E-02
 7.735737413167953491E-02 1.292178966104984283E-02
 7.739692181348800659E-02 1.292782649397850037E-02
 7.743646204471588135E-02 1.293386332690715790E-02
 7.747600227594375610E-02 1.293989829719066620E-02
 7.751554250717163086E-02 1.294593419879674911E-02
 7.755509018898010254E-02 1.295196823775768280E-02
 7.759463042020797729E-02 1.295800227671861649E-02
 7.763417065143585205E-02 1.296403631567955017E-02
 7.767371088266372681E-02 1.297006849199533463E-02
 7.771325856447219849E-02 1.297610159963369370E-02
 7.775279879570007324E-02 1.298213284462690353E-02
 7.779233902692794800E-02 1.298816408962011337E-02
 7.783188670873641968E-02 1.299419533461332321E-02
 7.787142693996429443E-02 1.300022471696138382E-02
 7.791096717119216919E-02 1.300625503063201904E-02
 7.795051485300064087E-02 1.301228348165750504E-02
 7.799005508422851562E-02 1.301831193268299103E-02
 7.802960276603698730E-02 1.302433945238590240E-02
 7.806914299726486206E-02 1.303036697208881378E-02
 7.810868322849273682E-02 1.303639356046915054E-02
 7.814823091030120850E-02 1.304242014884948730E-02
 7.818777114152908325E-02 1.304844580590724945E-02
 7.822731882333755493E-02 1.305447053164243698E-02
 7.826685905456542969E-02 1.306049525737762451E-02
 7.830640673637390137E-02 1.306651905179023743E-02
 7.834594696760177612E-02 1.307254191488027573E-02
 7.838549464941024780E-02 1.307856477797031403E-02
 7.842503488063812256E-02 1.308458670973777771E-02
 7.846458256244659424E-02 1.309060864150524139E-02
 7.850412279367446899E-02 1.309662964195013046E-02
 7.854367047548294067E-02 1.310265064239501953E-02
 7.858321070671081543E-02 1.310866978019475937E-02
 7.862275838851928711E-02 1.311468984931707382E-02
 7.866230607032775879E-02 1.312070805579423904E-02
 7.870184630155563354E-02 1.312672626227140427E-02
 7.874139398336410522E-02 1.313274446874856949E-02
 7.878093421459197998E-02 1.313876081258058548E-02
 7.882048189640045166E-02 1.314477808773517609E-02
 7.886002957820892334E-02 1.315079350024461746E-02
 7.889956980943679810E-02 1.315680891275405884E-02
 7.893911749124526978E-02 1.316282432526350021E-02
 7.897866517305374146E-02 1.316883787512779236E-02
 7.901820540428161621E-02 1.317485235631465912E-02
 7.905775308609008789E-02 1.318086497485637665E-02
 7.909730076789855957E-02 1.318687759339809418E-02
 7.913684099912643433E-02 1.319289021193981171E-02
 7.917638868093490601E-02 1.319890096783638000E-02
 7.921593636274337769E-02 1.320491172373294830E-02
 7.925548404455184937E-02 1.321092247962951660E-02
 7.929502427577972412E-02 1.321693230420351028E-02
 7.933457195758819580E-02 1.322294119745492935E-02
 7.937411963939666748E-02 1.322895009070634842E-02
 7.941366732120513916E-02 1.323495805263519287E-02
 7.945321500301361084E-02 1.324096601456403732E-02
 7.949275523424148560E-02 1.324697211384773254E-02
 7.953230291604995728E-02 1.325297914445400238E-02
 7.957185059785842896E-02 1.325898431241512299E-02
 7.961139827966690063E-02 1.326498948037624359E-02
 7.965094596147537231E-02 1.327099464833736420E-02
 7.969049364328384399E-02 1.327699888497591019E-02
 7.973004132509231567E-02 1.328300219029188156E-02
 7.976958900690078735E-02 1.328900549560785294E-02
 7.980913668870925903E-02 1.329500786960124969E-02
 7.984867691993713379E-02 1.330100931227207184E-02
 7.988822460174560547E-02 1.330701075494289398E-02
 7.992777228355407715E-02 1.331301126629114151E-02
 7.996731996536254883E-02 1.331901177763938904E-02
 8.000686764717102051E-02 1.332501135766506195E-02
 8.004641532897949219E-02 1.333101000636816025E-02
 8.008596301078796387E-02 1.333700865507125854E-02
 8.012551069259643555E-02 1.334300637245178223E-02
 8.016505837440490723E-02 1.334900408983230591E-02
 8.020460605621337891E-02 1.335500087589025497E-02
 8.024415373802185059E-02 1.336099673062562943E-02
 8.028370141983032227E-02 1.336699258536100388E-02
 8.032324910163879395E-02 1.337298750877380371E-02
 8.036280423402786255E-02 1.337898243218660355E-02
 8.040235191583633423E-02 1.338497642427682877E-02
 8.044189959764480591E-02 1.339096948504447937E-02
 8.048144727945327759E-02 1.339696254581212997E-02
 8.052099496126174927E-02 1.340295467525720596E-02
 8.056054264307022095E-02 1.340894587337970734E-02
 8.060009032487869263E-02 1.341493707150220871E-02
 8.063963800668716431E-02 1.342092826962471008E-02
 8.067919313907623291E-02 1.342691760510206223E-02
 8.071874082088470459E-02 1.343290694057941437E-02
 8.075828850269317627E-02 1.343889627605676651E-02
 8.079783618450164795E-02 1.344488468021154404E-02
 8.083738386631011963E-02 1.345087215304374695E-02
 8.087693899869918823E-02 1.345685962587594986E-02
 8.091648668050765991E-02 1.346284616738557816E-02
 8.095603436231613159E-02 1.346883177757263184E-02
 8.099558204412460327E-02 1.347481738775968552E-02
 8.103513717651367188E-02 1.348080206662416458E-02
 8.107468485832214355E-02 1.348678674548864365E-02
 8.111423254013061523E-02 1.349277049303054810E-02
 8.115378767251968384E-02 1.349875330924987793E-02
 8.119333535432815552E-02 1.350473612546920776E-02
 8.123288303613662720E-02 1.351071801036596298E-02
 8.127243816852569580E-02 1.351669989526271820E-02
 8.131198585033416748E-02 1.352268084883689880E-02
 8.135153353214263916E-02 1.352866087108850479E-02
 8.139108866453170776E-02 1.353464089334011078E-02
 8.143063634634017944E-02 1.354061998426914215E-02
 8.147018402814865112E-02 1.354659907519817352E-02
 8.150973916053771973E-02 1.355257723480463028E-02
 8.154928684234619141E-02 1.355855446308851242E-02
 8.158884197473526001E-02 1.356453169137239456E-02
 8.162838965654373169E-02 1.357050798833370209E-02
 8.166794478893280029E-02 1.357648428529500961E-02
 8.170749247074127197E-02 1.358245965093374252E-02
 8.174704760313034058E-02 1.358843408524990082E-02
 8.178659528493881226E-02 1.359440851956605911E-02
 8.182615041732788086E-02 1.360038202255964279E-02
 8.186569809913635254E-02 1.360635459423065186E-02
 8.190525323152542114E-02 1.361232716590166092E-02
 8.194480091333389282E-02 1.361829880625009537E-02
 8.198435604572296143E-02 1.362427044659852982E-02
 8.202390372753143311E-02 1.363024115562438965E-02
 8.206345885992050171E-02 1.363621186465024948E-02
 8.210301399230957031E-02 1.364218164235353470E-02
 8.214256167411804199E-02 1.364815048873424530E-02
 8.218211680650711060E-02 1.365411933511495590E-02
 8.222167193889617920E-02 1.366008725017309189E-02
 8.226121962070465088E-02 1.366605423390865326E-02
 8.230077475309371948E-02 1.367202121764421463E-02
 8.234032988548278809E-02 1.367798727005720139E-02
 8.237987756729125977E-02 1.368395332247018814E-02
 8.241943269968032837E-02 1.368991844356060028E-02
 8.245898783206939697E-02 1.369588356465101242E-02
 8.249854296445846558E-02 1.370184682309627533E-02
 8.253809064626693726E-02 1.370781101286411285E-02
 8.257764577865600586E-02 1.371377333998680115E-02
 8.261720091104507446E-02 1.371973566710948944E-02
 8.265675604343414307E-02 1.372569799423217773E-02
 8.269631117582321167E-02 1.373165939003229141E-02
 8.273586630821228027E-02 1.373761985450983047E-02
 8.277542144060134888E-02 1.374358031898736954E-02
 8.281496912240982056E-02 1.374953985214233398E-02
 8.285452425479888916E-02 1.375549845397472382E-02
 8.289407938718795776E-02 1.376145705580711365E-02
 8.293363451957702637E-02 1.376741565763950348E-02
 8.297318965196609497E-02 1.377337239682674408E-02
 8.301274478435516357E-02 1.377933006733655930E-02
 8.305229991674423218E-02 1.378528587520122528E-02
 8.309186249971389771E-02 1.379124168306589127E-02
 8.313141763210296631E-02 1.379719655960798264E-02
 8.317097276449203491E-02 1.380315143615007401E-02
 8.321052789688110352E-02 1.380910538136959076E-02
 8.325008302927017212E-02 1.381505932658910751E-02
 8.328963816165924072E-02 1.382101234048604965E-02
 8.332920074462890625E-02 1.382696535438299179E-02
 8.336875587701797485E-02 1.383291650563478470E-02
 8.340831100940704346E-02 1.383886858820915222E-02
 8.344787359237670898E-02 1.384481880813837051E-02
 8.348742872476577759E-02 1.385076995939016342E-02
 8.352699130773544312E-02 1.385671924799680710E-02
 8.356654644012451172E-02 1.386266853660345078E-02
 8.360610902309417725E-02 1.386861782521009445E-02
 8.364566415548324585E-02 1.387456525117158890E-02
 8.368522673845291138E-02 1.388051360845565796E-02
 8.372478932142257690E-02 1.388646010309457779E-02
 8.376434445381164551E-02 1.389240752905607224E-02
 8.380390703678131104E-02 1.389835309237241745E-02
 8.384346961975097656E-02 1.390429865568876266E-02
 8.388303220272064209E-02 1.391024421900510788E-02
 8.392259478569030762E-02 1.391618885099887848E-02
 8.396215736865997314E-02 1.392213255167007446E-02
 8.400171995162963867E-02 1.392807625234127045E-02
 8.404128253459930420E-02 1.393401902168989182E-02
 8.408084511756896973E-02 1.393996179103851318E-02
 8.412040770053863525E-02 1.394590362906455994E-02
 8.415997028350830078E-02 1.395184546709060669E-02
 8.419954031705856323E-02 1.395778637379407883E-02
 8.423910290002822876E-02 1.396372728049755096E-02
 8.427867293357849121E-02 1.396966725587844849E-02
 8.431823551654815674E-02 1.397560629993677139E-02
 8.435780555009841919E-02 1.398154534399509430E-02
 8.439737558364868164E-02 1.398748438805341721E-02
 8.443694561719894409E-02 1.399342250078916550E-02
 8.447651565074920654E-02 1.399935968220233917E-02
 8.451608568429946899E-02 1.400529686361551285E-02
 8.455565571784973145E-02 1.401123311370611191E-02
 8.459522575139999390E-02 1.401716936379671097E-02
 8.463479578495025635E-02 1.402310561388731003E-02
 8.467437326908111572E-02 1.402904093265533447E-02
 8.471394330263137817E-02 1.403497532010078430E-02
 8.475352078676223755E-02 1.404090970754623413E-02
 8.479309827089309692E-02 1.404684409499168396E-02
 8.483266830444335938E-02 1.405277755111455917E-02
 8.487224578857421875E-02 1.405871007591485977E-02
 8.491183072328567505E-02 1.406464260071516037E-02
 8.495140820741653442E-02 1.407057512551546097E-02
 8.499098569154739380E-02 1.407650671899318695E-02
 8.503057062625885010E-02 1.408243738114833832E-02
 8.507014811038970947E-02 1.408836897462606430E-02
 8.510973304510116577E-02 1.409429870545864105E-02
 8.514931797981262207E-02 1.410022936761379242E-02
 8.518890291452407837E-02 1.410615816712379456E-02
 8.522848784923553467E-02 1.411208789795637131E-02
 8.526808023452758789E-02 1.411801669746637344E-02
 8.530766516923904419E-02 1.412394456565380096E-02
 8.534725755453109741E-02 1.412987243384122849E-02
 8.538684993982315063E-02 1.413580030202865601E-02
 8.542644232511520386E-02 1.414172723889350891E-02
 8.546603471040725708E-02 1.414765417575836182E-02
 8.550562709569931030E-02 1.415358111262321472E-02
 8.554522693157196045E-02 1.415950711816549301E-02
 8.558482676744461060E-02 1.416543219238519669E-02
 8.562442660331726074E-02 1.417135819792747498E-02
 8.566402643918991089E-02 1.417728327214717865E-02
 8.570362627506256104E-02 1.418320741504430771E-02
 8.574323356151580811E-02 1.418913155794143677E-02
 8.578284084796905518E-02 1.419505570083856583E-02
 8.582244813442230225E-02 1.420097984373569489E-02
 8.586205542087554932E-02 1.420690305531024933E-02
 8.590167015790939331E-02 1.421282626688480377E-02
 8.594127744436264038E-02 1.421874854713678360E-02
 8.598089963197708130E-02 1.422467082738876343E-02
 8.602051436901092529E-02 1.423059310764074326E-02
 8.606012910604476929E-02 1.423651538789272308E-02
 8.609975129365921021E-02 1.424243673682212830E-02
 8.613937348127365112E-02 1.424835808575153351E-02
 8.617899566888809204E-02 1.425427850335836411E-02
 8.621862530708312988E-02 1.426019985228776932E-02
 8.625825494527816772E-02 1.426612026989459991E-02
 8.629788458347320557E-02 1.427203975617885590E-02
 8.633752167224884033E-02 1.427796017378568649E-02
 8.637715131044387817E-02 1.428387966006994247E-02
 8.641678839921951294E-02 1.428979914635419846E-02
 8.645643293857574463E-02 1.429571863263845444E-02
 8.649607747793197632E-02 1.430163718760013580E-02
 8.653572201728820801E-02 1.430755574256181717E-02
 8.657536655664443970E-02 1.431347429752349854E-02
 8.661501854658126831E-02 1.431939285248517990E-02
 8.665467053651809692E-02 1.432531140744686127E-02
 8.669432252645492554E-02 1.433122903108596802E-02
 8.673398196697235107E-02 1.433714758604764938E-02
 8.677364140748977661E-02 1.434306520968675613E-02
 8.681330829858779907E-02 1.434898283332586288E-02
 8.685297518968582153E-02 1.435489952564239502E-02
 8.689264208078384399E-02 1.436081714928150177E-02
 8.693231642246246338E-02 1.436673384159803391E-02
 8.697199076414108276E-02 1.437265146523714066E-02
 8.701167255640029907E-02 1.437856815755367279E-02
 8.705135434865951538E-02 1.438448484987020493E-02
 8.709103614091873169E-02 1.439040154218673706E-02
 8.713072538375854492E-02 1.439631823450326920E-02
 8.717041462659835815E-02 1.440223399549722672E-02
 8.721011132001876831E-02 1.440815068781375885E-02
 8.724980801343917847E-02 1.441406644880771637E-02
 8.728951215744018555E-02 1.441998314112424850E-02
 8.732921630144119263E-02 1.442589890211820602E-02
 8.736892789602279663E-02 1.443181559443473816E-02
 8.740863949060440063E-02 1.443773135542869568E-02
 8.744835853576660156E-02 1.444364804774522781E-02
 8.748807758092880249E-02 1.444956380873918533E-02
 8.752780407667160034E-02 1.445547956973314285E-02
 8.756753057241439819E-02 1.446139533072710037E-02
 8.760726451873779297E-02 1.446731202304363251E-02
 8.764699846506118774E-02 1.447322778403759003E-02
 8.768673986196517944E-02 1.447914354503154755E-02
 8.772648125886917114E-02 1.448506023734807968E-02
 8.776623010635375977E-02 1.449097599834203720E-02
 8.780597895383834839E-02 1.449689269065856934E-02
 8.784574270248413086E-02 1.450280845165252686E-02
 8.788549900054931641E-02 1.450872514396905899E-02
 8.792527019977569580E-02 1.451464183628559113E-02
 8.796503394842147827E-02 1.452055852860212326E-02
 8.800481259822845459E-02 1.452647522091865540E-02
 8.804459124803543091E-02 1.453239191323518753E-02
 8.808437734842300415E-02 1.453830860555171967E-02
 8.812416344881057739E-02 1.454422529786825180E-02
 8.816395699977874756E-02 1.455014292150735855E-02
 8.820375800132751465E-02 1.455605961382389069E-02
 8.824356645345687866E-02 1.456197723746299744E-02
 8.828337490558624268E-02 1.456789486110210419E-02
 8.832318335771560669E-02 1.457381248474121094E-02
 8.836300671100616455E-02 1.457973103970289230E-02
 8.840283006429672241E-02 1.458564866334199905E-02
 8.844266086816787720E-02 1.459156721830368042E-02
 8.848249912261962891E-02 1.459748577326536179E-02
 8.852233737707138062E-02 1.460340525954961777E-02
 8.856218308210372925E-02 1.460932381451129913E-02
 8.860203623771667480E-02 1.461524330079555511E-02
 8.864189684391021729E-02 1.462116278707981110E-02
 8.868175745010375977E-02 1.462708320468664169E-02
 8.872163295745849609E-02 1.463300362229347229E-02
 8.876150846481323242E-02 1.463892403990030289E-02
 8.880138397216796875E-02 1.464484445750713348E-02
 8.884127438068389893E-02 1.465076580643653870E-02
 8.888116478919982910E-02 1.465668715536594391E-02
 8.892107009887695312E-02 1.466260850429534912E-02
 8.896097540855407715E-02 1.466853078454732895E-02
 8.900088816881179810E-02 1.467445306479930878E-02
 8.904080837965011597E-02 1.468037627637386322E-02
 8.908073604106903076E-02 1.468629948794841766E-02
 8.912066370248794556E-02 1.469222269952297211E-02
 8.916060626506805420E-02 1.469814684242010117E-02
 8.920054882764816284E-02 1.470407098531723022E-02
 8.924049884080886841E-02 1.470999605953693390E-02
 8.928046375513076782E-02 1.471592113375663757E-02
 8.932042866945266724E-02 1.472184713929891586E-02
 8.936040103435516357E-02 1.472777314484119415E-02
 8.940038084983825684E-02 1.473370008170604706E-02
 8.944036811590194702E-02 1.473962701857089996E-02
 8.948036283254623413E-02 1.474555395543575287E-02
 8.952036499977111816E-02 1.475148275494575500E-02
 8.956037461757659912E-02 1.475741062313318253E-02
 8.960039168596267700E-02 1.476334035396575928E-02
 8.964041620492935181E-02 1.476927008479833603E-02
 8.968044817447662354E-02 1.477519981563091278E-02
 8.972048759460449219E-02 1.478113047778606415E-02
 8.976053446531295776E-02 1.478706207126379013E-02
 8.980059623718261719E-02 1.479299366474151611E-02
 8.984065800905227661E-02 1.479892618954181671E-02
 8.988072723150253296E-02 1.480485964566469193E-02
 8.992081135511398315E-02 1.481079310178756714E-02
 8.996089547872543335E-02 1.481672748923301697E-02
 9.000099450349807739E-02 1.482266187667846680E-02
 9.004109352827072144E-02 1.482859719544649124E-02
 9.008120745420455933E-02 1.483453344553709030E-02
 9.012132883071899414E-02 1.484047062695026398E-02
 9.016146510839462280E-02 1.484640780836343765E-02
 9.020160138607025146E-02 1.485234592109918594E-02
 9.024174511432647705E-02 1.485828496515750885E-02
 9.028190374374389648E-02 1.486422494053840637E-02
 9.032206982374191284E-02 1.487016491591930389E-02
 9.036224335432052612E-02 1.487610582262277603E-02
 9.040242433547973633E-02 1.488204766064882278E-02
 9.044262021780014038E-02 1.488799042999744415E-02
 9.048281610012054443E-02 1.489393413066864014E-02
 9.052302688360214233E-02 1.489987783133983612E-02
 9.056325256824493408E-02 1.490582246333360672E-02
 9.060347825288772583E-02 1.491176802664995193E-02
 9.064371883869171143E-02 1.491771452128887177E-02
 9.068396687507629395E-02 1.492366194725036621E-02
 9.072422236204147339E-02 1.492961030453443527E-02
 9.076449275016784668E-02 1.493555959314107895E-02
 9.080477058887481689E-02 1.494150888174772263E-02
 9.084505587816238403E-02 1.494746003299951553E-02
 9.088535606861114502E-02 1.495341118425130844E-02
 9.092566370964050293E-02 1.495936419814825058E-02
 9.096598625183105469E-02 1.496531721204519272E-02
 9.100630879402160645E-02 1.497127115726470947E-02
 9.104664623737335205E-02 1.497722696512937546E-02
 9.108699858188629150E-02 1.498318277299404144E-02
 9.112735837697982788E-02 1.498913951218128204E-02
 9.116772562265396118E-02 1.499509811401367188E-02
 9.120810776948928833E-02 1.500105671584606171E-02
 9.124849736690521240E-02 1.500701718032360077E-02
 9.128890186548233032E-02 1.501297764480113983E-02
 9.132931381464004517E-02 1.501893997192382812E-02
 9.136974066495895386E-02 1.502490229904651642E-02
 9.141017496585845947E-02 1.503086648881435394E-02
 9.145061671733856201E-02 1.503683160990476608E-02
 9.149107336997985840E-02 1.504279766231775284E-02
 9.153154492378234863E-02 1.504876464605331421E-02
 9.157202392816543579E-02 1.505473256111145020E-02
 9.161251038312911987E-02 1.506070233881473541E-02
 9.165301918983459473E-02 1.506667211651802063E-02
 9.169352799654006958E-02 1.507264375686645508E-02
 9.173405170440673828E-02 1.507861632853746414E-02
 9.177459031343460083E-02 1.508458983153104782E-02
 9.181514382362365723E-02 1.509056519716978073E-02
 9.185570478439331055E-02 1.509654056280851364E-02
 9.189627319574356079E-02 1.510251779109239578E-02
 9.193685650825500488E-02 1.510849595069885254E-02
 9.197745472192764282E-02 1.511447504162788391E-02
 9.201806783676147461E-02 1.512045599520206451E-02
 9.205868840217590332E-02 1.512643788009881973E-02
 9.209932386875152588E-02 1.513242069631814957E-02
 9.213996678590774536E-02 1.513840537518262863E-02
 9.218062460422515869E-02 1.514439005404710770E-02
 9.222129732370376587E-02 1.515037752687931061E-02
 9.226197749376296997E-02 1.515636499971151352E-02
 9.230268001556396484E-02 1.516235433518886566E-02
 9.234338253736495972E-02 1.516834460198879242E-02
 9.238410741090774536E-02 1.517433673143386841E-02
 9.242483973503112793E-02 1.518032979220151901E-02
 9.246558696031570435E-02 1.518632378429174423E-02
 9.250634908676147461E-02 1.519231963902711868E-02
 9.254712611436843872E-02 1.519831642508506775E-02
 9.258791059255599976E-02 1.520431507378816605E-02
 9.262871742248535156E-02 1.521031465381383896E-02
 9.266953170299530029E-02 1.521631516516208649E-02
 9.271035343408584595E-02 1.522231753915548325E-02
 9.275119751691818237E-02 1.522832084447145462E-02
 9.279204905033111572E-02 1.523432601243257523E-02
 9.283292293548583984E-02 1.524033304303884506E-02
 9.287380427122116089E-02 1.524634100496768951E-02
 9.291470050811767578E-02 1.525234989821910858E-02
 9.295560419559478760E-02 1.525836065411567688E-02
 9.299653023481369019E-02 1.526437327265739441E-02
 9.303747117519378662E-02 1.527038682252168655E-02
 9.307841956615447998E-02 1.527640130370855331E-02
 9.311939030885696411E-02 1.528241857886314392E-02
 9.316036850214004517E-02 1.528843585401773453E-02
 9.320136159658432007E-02 1.529445592314004898E-02
 9.324236959218978882E-02 1.530047692358493805E-02
 9.328339248895645142E-02 1.530649885535240173E-02
 9.332443028688430786E-02 1.531252358108758926E-02
 9.336548298597335815E-02 1.531854923814535141E-02
 9.340655058622360229E-02 1.532457582652568817E-02
 9.344763308763504028E-02 1.533060427755117416E-02
 9.348873049020767212E-02 1.533663459122180939E-02
 9.352984279394149780E-02 1.534266676753759384E-02
 9.357096999883651733E-02 1.534869987517595291E-02
 9.361211210489273071E-02 1.535473484545946121E-02
 9.365326911211013794E-02 1.536077074706554413E-02
 9.369444102048873901E-02 1.536680944263935089E-02
 9.373562783002853394E-02 1.537284906953573227E-02
 9.377683699131011963E-02 1.537889055907726288E-02
 9.381805360317230225E-02 1.538493297994136810E-02
 9.385928511619567871E-02 1.539097726345062256E-02
 9.390053153038024902E-02 1.539702434092760086E-02
 9.394180029630661011E-02 1.540307141840457916E-02
 9.398307651281356812E-02 1.540912128984928131E-02
 9.402437508106231689E-02 1.541517302393913269E-02
 9.406568855047225952E-02 1.542122568935155869E-02
 9.410701692104339600E-02 1.542728021740913391E-02
 9.414836019277572632E-02 1.543333660811185837E-02
 9.418971836566925049E-02 1.543939486145973206E-02
 9.423109143972396851E-02 1.544545404613018036E-02
 9.427248686552047729E-02 1.545151602476835251E-02
 9.431389719247817993E-02 1.545757893472909927E-02
 9.435532242059707642E-02 1.546364370733499527E-02
 9.439676254987716675E-02 1.546971034258604050E-02
 9.443821758031845093E-02 1.547577884048223495E-02
 9.447968751192092896E-02 1.548184920102357864E-02
 9.452117979526519775E-02 1.548792142421007156E-02
 9.456268697977066040E-02 1.549399551004171371E-02
 9.460420906543731689E-02 1.550007052719593048E-02
 9.464575350284576416E-02 1.550614833831787109E-02
 9.468730539083480835E-02 1.551222801208496094E-02
 9.472887963056564331E-02 1.551830861717462540E-02
 9.477046877145767212E-02 1.552439201623201370E-02
 9.481208026409149170E-02 1.553047634661197662E-02
 9.485370665788650513E-02 1.553656347095966339E-02
 9.489534795284271240E-02 1.554265152662992477E-02
 9.493700414896011353E-02 1.554874144494533539E-02
 9.497868269681930542E-02 1.555483415722846985E-02
 9.502037614583969116E-02 1.556092780083417892E-02
 9.506208449602127075E-02 1.556702423840761185E-02
 9.510381519794464111E-02 1.557312253862619400E-02
 9.514556080102920532E-02 1.557922177016735077E-02
 9.518732130527496338E-02 1.558532379567623138E-02
 9.522910416126251221E-02 1.559142768383026123E-02
 9.527090191841125488E-02 1.559753250330686569E-02
 9.531271457672119141E-02 1.560364011675119400E-02
 9.535454958677291870E-02 1.560974959284067154E-02
 9.539639949798583984E-02 1.561586093157529831E-02
 9.543827176094055176E-02 1.562197506427764893E-02
 9.548015892505645752E-02 1.562809012830257416E-02
 9.552206099033355713E-02 1.563420705497264862E-02
 9.556398540735244751E-02 1.564032584428787231E-02
 9.560592472553253174E-02 1.564644835889339447E-02
 9.564788639545440674E-02 1.565257087349891663E-02
 9.568986296653747559E-02 1.565869711339473724E-02
 9.573186188936233521E-02 1.566482335329055786E-02
 9.577387571334838867E-02 1.567095331847667694E-02
 9.581590443849563599E-02 1.567708514630794525E-02
 9.585795551538467407E-02 1.568321883678436279E-02
 9.590002894401550293E-02 1.568935438990592957E-02
 9.594211727380752563E-02 1.569549180567264557E-02
 9.598422050476074219E-02 1.570163108408451080E-02
 9.602634608745574951E-02 1.570777222514152527E-02
 9.606849402189254761E-02 1.571391709148883820E-02
 9.611065685749053955E-02 1.572006195783615112E-02
 9.615283459424972534E-02 1.572621054947376251E-02
 9.619503468275070190E-02 1.573236100375652313E-02
 9.623725712299346924E-02 1.573851145803928375E-02
 9.627949446439743042E-02 1.574466563761234283E-02
 9.632175415754318237E-02 1.575082354247570038E-02
 9.636402875185012817E-02 1.575698144733905792E-02
 9.640632569789886475E-02 1.576314121484756470E-02
 9.644863754510879517E-02 1.576930470764636993E-02
 9.649097174406051636E-02 1.577547006309032440E-02
 9.653332829475402832E-02 1.578163728117942810E-02
 9.657569974660873413E-02 1.578780636191368103E-02
 9.661809355020523071E-02 1.579397730529308319E-02
 9.666050225496292114E-02 1.580015011131763458E-02
 9.670293331146240234E-02 1.580632664263248444E-02
 9.674538671970367432E-02 1.581250317394733429E-02
 9.678785502910614014E-02 1.581868343055248260E-02
 9.683034569025039673E-02 1.582486554980278015E-02
 9.687285870313644409E-02 1.583105139434337616E-02
 9.691538661718368530E-02 1.583723723888397217E-02
 9.695793688297271729E-02 1.584342680871486664E-02
 9.700050204992294312E-02 1.584961637854576111E-02
 9.704309701919555664E-02 1.585580967366695404E-02
 9.708569943904876709E-02 1.586200669407844543E-02
 9.712833166122436523E-02 1.586820371448993683E-02
 9.717097878456115723E-02 1.587440446019172668E-02
 9.721364825963973999E-02 1.588060706853866577E-02
 9.725634008646011353E-02 1.588681153953075409E-02
 9.729904681444168091E-02 1.589301787316799164E-02
 9.734177589416503906E-02 1.589922606945037842E-02
 9.738452732563018799E-02 1.590543799102306366E-02
 9.742730110883712769E-02 1.591165177524089813E-02
 9.747008979320526123E-02 1.591786742210388184E-02
 9.751290082931518555E-02 1.592408493161201477E-02
 9.755573421716690063E-02 1.593030616641044617E-02
 9.759858250617980957E-02 1.593652926385402679E-02
 9.764145314693450928E-02 1.594275422394275665E-02
 9.768434613943099976E-02 1.594898104667663574E-02
 9.772726148366928101E-02 1.595521159470081329E-02
 9.777019917964935303E-02 1.596144214272499084E-02
 9.781315177679061890E-02 1.596767641603946686E-02
 9.785612672567367554E-02 1.597391441464424133E-02
 9.789912402629852295E-02 1.598015241324901581E-02
 9.794214367866516113E-02 1.598639413714408875E-02
 9.798517823219299316E-02 1.599263772368431091E-02
 9.802823513746261597E-02 1.599888317286968231E-02
 9.807131439447402954E-02 1.600513234734535217E-02
 9.811441600322723389E-02 1.601138338446617126E-02
 9.815753996372222900E-02 1.601763628423213959E-02
 9.820068627595901489E-02 1.602389104664325714E-02
 9.824384748935699463E-02 1.603014953434467316E-02
 9.828703105449676514E-02 1.603640988469123840E-02
 9.833023697137832642E-02 1.604267209768295288E-02
 9.837346524000167847E-02 1.604893803596496582E-02
 9.841671586036682129E-02 1.605520397424697876E-02
 9.845998883247375488E-02 1.606147550046443939E-02
 9.850327670574188232E-02 1.606774702668190002E-02
 9.854659438133239746E-02 1.607402227818965912E-02
 9.858992695808410645E-02 1.608029939234256744E-02
 9.863328188657760620E-02 1.608657836914062500E-02
 9.867665916681289673E-02 1.609285920858383179E-02
 9.872005879878997803E-02 1.609914377331733704E-02
 9.876348078250885010E-02 1.610543020069599152E-02
 9.880692511796951294E-02 1.611172035336494446E-02
 9.885039180517196655E-02 1.611801236867904663E-02
 9.889387339353561401E-02 1.612430624663829803E-02
 9.893738478422164917E-02 1.613060198724269867E-02
 9.898091107606887817E-02 1.613690145313739777E-02
 9.902445971965789795E-02 1.614320278167724609E-02
 9.906803816556930542E-02 1.614950597286224365E-02
 9.911163151264190674E-02 1.615581288933753967E-02
 9.915524721145629883E-02 1.616212166845798492E-02
 9.919888526201248169E-02 1.616843231022357941E-02
 9.924254566431045532E-02 1.617474667727947235E-02
 9.928622841835021973E-02 1.618106290698051453E-02
 9.932993352413177490E-02 1.618738099932670593E-02
 9.937366098165512085E-02 1.619370281696319580E-02
 9.941741079092025757E-02 1.620002649724483490E-02
 9.946118295192718506E-02 1.620635204017162323E-02
 9.950497001409530640E-02 1.621268130838871002E-02
 9.954878687858581543E-02 1.621901243925094604E-02
 9.959262609481811523E-02 1.622534729540348053E-02
 9.963648766279220581E-02 1.623168215155601501E-02
 9.968037158250808716E-02 1.623802073299884796E-02
 9.972427040338516235E-02 1.624436303973197937E-02
 9.976819902658462524E-02 1.625070720911026001E-02
 9.981215000152587891E-02 1.625705324113368988E-02
 9.985612332820892334E-02 1.626340113580226898E-02
 9.990011900663375854E-02 1.626975275576114655E-02
 9.994412958621978760E-02 1.627610623836517334E-02
 9.998816996812820435E-02 1.628246344625949860E-02
 1.000322327017784119E-01 1.628882251679897308E-02
 1.000763177871704102E-01 1.629518344998359680E-02
 1.001204252243041992E-01 1.630154810845851898E-02
 1.001645550131797791E-01 1.630791462957859039E-02
 1.002087071537971497E-01 1.631428301334381104E-02
 1.002528816461563110E-01 1.632065512239933014E-02
 1.002970784902572632E-01 1.632702909409999847E-02
 1.003412976861000061E-01 1.633340679109096527E-02
 1.003855466842651367E-01 1.633978635072708130E-02
 1.004298105835914612E-01 1.634616777300834656E-02
 1.004740968346595764E-01 1.635255292057991028E-02
 1.005184128880500793E-01 1.635893993079662323E-02
 1.005627438426017761E-01 1.636532880365848541E-02
 1.006071045994758606E-01 1.637172140181064606E-02
 1.006514877080917358E-01 1.637811586260795593E-02
 1.006958857178688049E-01 1.638451404869556427E-02
 1.007403135299682617E-01 1.639091409742832184E-02
 1.007847636938095093E-01 1.639731600880622864E-02
 1.008292362093925476E-01 1.640372164547443390E-02
 1.008737310767173767E-01 1.641012914478778839E-02
 1.009182557463645935E-01 1.641654036939144135E-02
 1.009627953171730042E-01 1.642295345664024353E-02
 1.010073572397232056E-01 1.642936840653419495E-02
 1.010519489645957947E-01 1.643578708171844482E-02
 1.010965630412101746E-01 1.644220761954784393E-02
 1.011411920189857483E-01 1.644863188266754150E-02
 1.011858507990837097E-01 1.645505800843238831E-02
 1.012305319309234619E-01 1.646148599684238434E-02
 1.012752354145050049E-01 1.646791771054267883E-02
 1.013199687004089355E-01 1.647435128688812256E-02
 1.013647168874740601E-01 1.648078858852386475E-02
 1.014094948768615723E-01 1.648722775280475616E-02
 1.014542952179908752E-01 1.649366877973079681E-02
 1.014991104602813721E-01 1.650011353194713593E-02
 1.015439555048942566E-01 1.650656014680862427E-02
 1.015888303518295288E-01 1.651301048696041107E-02
 1.016337200999259949E-01 1.651946268975734711E-02
 1.016786321997642517E-01 1.652591675519943237E-02
 1.017235741019248962E-01 1.653237454593181610E-02
 1.017685383558273315E-01 1.653883419930934906E-02
 1.018135249614715576E-01 1.654529757797718048E-02
 1.018585339188575745E-01 1.655176281929016113E-02
 1.019035652279853821E-01 1.655823178589344025E-02
 1.019486263394355774E-01 1.656470261514186859E-02
 1.019937023520469666E-01 1.657117530703544617E-02
 1.020388081669807434E-01 1.657765172421932220E-02
 1.020839363336563110E-01 1.658413000404834747E-02
 1.021290868520736694E-01 1.659061200916767120E-02
 1.021742671728134155E-01 1.659709587693214417E-02
 1.022194623947143555E-01 1.660358346998691559E-02
 1.022646874189376831E-01 1.661007292568683624E-02
 1.023099347949028015E-01 1.661656424403190613E-02
 1.023552045226097107E-01 1.662305928766727448E-02
 1.024005040526390076E-01 1.662955619394779205E-02
 1.024458184838294983E-01 1.663605682551860809E-02
 1.024911627173423767E-01 1.664255931973457336E-02
 1.025365293025970459E-01 1.664906553924083710E-02
 1.025819182395935059E-01 1.665557362139225006E-02
 1.026273369789123535E-01 1.666208356618881226E-02
 1.026727706193923950E-01 1.666859723627567291E-02
 1.027182340621948242E-01 1.667511463165283203E-02
 1.027637198567390442E-01 1.668163202702999115E-02
 1.028092354536056519E-01 1.668815314769744873E-02
 1.028547659516334534E-01 1.669467799365520477E-02
 1.029003262519836426E-01 1.670120470225811005E-02
 1.029459089040756226E-01 1.670773513615131378E-02
 1.029915139079093933E-01 1.671426743268966675E-02
 1.030371487140655518E-01 1.672080159187316895E-02
 1.030827984213829041E-01 1.672733947634696960E-02
 1.031284779310226440E-01 1.673387922346591949E-02
 1.031741797924041748E-01 1.674042269587516785E-02
 1.032199114561080933E-01 1.674696803092956543E-02
 1.032656654715538025E-01 1.675351709127426147E-02
 1.033114418387413025E-01 1.676006801426410675E-02
 1.033572405576705933E-01 1.676662079989910126E-02
 1.034030616283416748E-01 1.677317731082439423E-02
 1.034489125013351440E-01 1.677973754703998566E-02
 1.034947857260704041E-01 1.678629964590072632E-02
 1.035406813025474548E-01 1.679286360740661621E-02
 1.035865992307662964E-01 1.679943129420280457E-02
 1.036325469613075256E-01 1.680600084364414215E-02
 1.036785170435905457E-01 1.681257411837577820E-02
 1.037245094776153564E-01 1.681914925575256348E-02
 1.037705317139625549E-01 1.682572625577449799E-02
 1.038165763020515442E-01 1.683230698108673096E-02
 1.038626432418823242E-01 1.683889143168926239E-02
 1.039087325334548950E-01 1.684547774493694305E-02
 1.039548516273498535E-01 1.685206592082977295E-02
 1.040009930729866028E-01 1.685865782201290131E-02
 1.040471568703651428E-01 1.686525158584117889E-02
 1.040933504700660706E-01 1.687184907495975494E-02
 1.041395589709281921E-01 1.687844842672348022E-02
 1.041857972741127014E-01 1.688505150377750397E-02
 1.042320653796195984E-01 1.689165644347667694E-02
 1.042783483862876892E-01 1.689826510846614838E-02
 1.043246611952781677E-01 1.690487563610076904E-02
 1.043709963560104370E-01 1.691148802638053894E-02
 1.044173613190650940E-01 1.691810414195060730E-02
 1.044637486338615417E-01 1.692472212016582489E-02
 1.045101583003997803E-01 1.693134382367134094E-02
 1.045565903186798096E-01 1.693796925246715546E-02
 1.046030521392822266E-01 1.694459468126296997E-02
 1.046495363116264343E-01 1.695122569799423218E-02
 1.046960428357124329E-01 1.695785671472549438E-02
 1.047425791621208191E-01 1.696449145674705505E-02
 1.047891378402709961E-01 1.697112992405891418E-02
 1.048357188701629639E-01 1.697777025401592255E-02
 1.048823297023773193E-01 1.698441430926322937E-02
 1.049289628863334656E-01 1.699106022715568542E-02
 1.049756184220314026E-01 1.699770800769329071E-02
 1.050222963094711304E-01 1.700435951352119446E-02
 1.050690039992332458E-01 1.701101288199424744E-02
 1.051157340407371521E-01 1.701766997575759888E-02
 1.051624938845634460E-01 1.702432893216609955E-02
 1.052092760801315308E-01 1.703099161386489868E-02
 1.052560806274414062E-01 1.703765615820884705E-02
 1.053029075264930725E-01 1.704432442784309387E-02
 1.053497642278671265E-01 1.705099456012248993E-02
 1.053966432809829712E-01 1.705766841769218445E-02
 1.054435446858406067E-01 1.706434413790702820E-02
 1.054904758930206299E-01 1.707102172076702118E-02
 1.055374294519424438E-01 1.707770302891731262E-02
 1.055844128131866455E-01 1.708438806235790253E-02
 1.056314185261726379E-01 1.709107495844364166E-02
 1.056784465909004211E-01 1.709776371717453003E-02
 1.057254970073699951E-01 1.710445620119571686E-02
 1.057725772261619568E-01 1.711115054786205292E-02
 1.058196797966957092E-01 1.711784861981868744E-02
 1.058668047189712524E-01 1.712454855442047119E-02
 1.059139594435691833E-01 1.713125221431255341E-02
 1.059611365199089050E-01 1.713795773684978485E-02
 1.060083433985710144E-01 1.714466512203216553E-02
 1.060555726289749146E-01 1.715137623250484467E-02
 1.061028242111206055E-01 1.715809106826782227E-02
 1.061500981450080872E-01 1.716480776667594910E-02
 1.061974018812179565E-01 1.717152632772922516E-02
 1.062447279691696167E-01 1.717824861407279968E-02
 1.062920838594436646E-01 1.718497462570667267E-02
 1.063394621014595032E-01 1.719170063734054565E-02
 1.063868626952171326E-01 1.719843223690986633E-02
 1.064342930912971497E-01 1.720516383647918701E-02
 1.064817458391189575E-01 1.721190102398395538E-02
 1.065292209386825562E-01 1.721863821148872375E-02
 1.065767258405685425E-01 1.722537912428379059E-02
 1.066242530941963196E-01 1.723212376236915588E-02
 1.066718026995658875E-01 1.723887026309967041E-02
 1.067193821072578430E-01 1.724561862647533417E-02
 1.067669838666915894E-01 1.725237071514129639E-02
 1.068146079778671265E-01 1.725912652909755707E-02
 1.068622618913650513E-01 1.726588420569896698E-02
 1.069099381566047668E-01 1.727264374494552612E-02
 1.069576442241668701E-01 1.727940700948238373E-02
 1.070053726434707642E-01 1.728617213666439056E-02
 1.070531234145164490E-01 1.729294098913669586E-02
 1.071009039878845215E-01 1.729971170425415039E-02
 1.071487069129943848E-01 1.730648428201675415E-02
 1.071965321898460388E-01 1.731326058506965637E-02
 1.072443872690200806E-01 1.732004061341285706E-02
 1.072922646999359131E-01 1.732682250440120697E-02
 1.073401719331741333E-01 1.733360625803470612E-02
 1.073881015181541443E-01 1.734039373695850372E-02
 1.074360534548759460E-01 1.734718494117259979E-02
 1.074840351939201355E-01 1.735397614538669586E-02
 1.075320392847061157E-01 1.736077293753623962E-02
 1.075800657272338867E-01 1.736756972968578339E-02
 1.076281219720840454E-01 1.737437210977077484E-02
 1.076762005686759949E-01 1.738117448985576630E-02
 1.077243015170097351E-01 1.738798059523105621E-02
 1.077724322676658630E-01 1.739479042589664459E-02
 1.078205928206443787E-01 1.740160211920738220E-02
 1.078687682747840881E-01 1.740841567516326904E-02
 1.079169735312461853E-01 1.741523295640945435E-02
 1.079652085900306702E-01 1.742205396294593811E-02
 1.080134585499763489E-01 1.742887496948242188E-02
 1.080617383122444153E-01 1.743570156395435333E-02
 1.081100478768348694E-01 1.744252815842628479E-02
 1.081583797931671143E-01 1.744935847818851471E-02
 1.082067340612411499E-01 1.745619252324104309E-02
 1.082551181316375732E-01 1.746302843093872070E-02
 1.083035245537757874E-01 1.746986806392669678E-02
 1.083519533276557922E-01 1.747670955955982208E-02
 1.084004119038581848E-01 1.748355291783809662E-02
 1.084489002823829651E-01 1.749040000140666962E-02
 1.084974035620689392E-01 1.749724894762039185E-02
 1.085459366440773010E-01 1.750410161912441254E-02
 1.085944995284080505E-01 1.751095615327358246E-02
 1.086430773138999939E-01 1.751781441271305084E-02
 1.086916849017143250E-01 1.752467453479766846E-02
 1.087403222918510437E-01 1.753153651952743530E-02
 1.087889820337295532E-01 1.753840222954750061E-02
 1.088376641273498535E-01 1.754527166485786438E-02
 1.088863760232925415E-01 1.755214296281337738E-02
 1.089351102709770203E-01 1.755901612341403961E-02
 1.089838743209838867E-01 1.756589300930500031E-02
 1.090326532721519470E-01 1.757277175784111023E-02
 1.090814694762229919E-01 1.757965423166751862E-02
 1.091303005814552307E-01 1.758653856813907623E-02
 1.091791614890098572E-01 1.759342476725578308E-02
 1.092280521988868713E-01 1.760031469166278839E-02
 1.092769652605056763E-01 1.760720647871494293E-02
 1.093259006738662720E-01 1.761410199105739594E-02
 1.093748584389686584E-01 1.762100122869014740E-02
 1.094238460063934326E-01 1.762790046632289886E-02
 1.094728633761405945E-01 1.763480342924594879E-02
 1.095219030976295471E-01 1.764171011745929718E-02
 1.095709651708602905E-01 1.764861866831779480E-02
 1.096200495958328247E-01 1.765553094446659088E-02
 1.096691638231277466E-01 1.766244322061538696E-02
 1.097183078527450562E-01 1.766936108469963074E-02
 1.097674742341041565E-01 1.767627894878387451E-02
 1.098166629672050476E-01 1.768320240080356598E-02
 1.098658740520477295E-01 1.769012585282325745E-02
 1.099151149392127991E-01 1.769705303013324738E-02
 1.099643856287002563E-01 1.770398393273353577E-02
 1.100136712193489075E-01 1.771091669797897339E-02
 1.100629866123199463E-01 1.771785132586956024E-02
 1.101123318076133728E-01 1.772478967905044556E-02
 1.101616993546485901E-01 1.773172989487648010E-02
 1.102110892534255981E-01 1.773867383599281311E-02
 1.102605089545249939E-01 1.774561963975429535E-02
 1.103099510073661804E-01 1.775256730616092682E-02
 1.103594154119491577E-01 1.775951869785785675E-02
 1.104089096188545227E-01 1.776647381484508514E-02
 1.104584336280822754E-01 1.777342893183231354E-02
 1.105079725384712219E-01 1.778038963675498962E-02
 1.105575412511825562E-01 1.778735034167766571E-02
 1.106071397662162781E-01 1.779431477189064026E-02
 1.106567606329917908E-01 1.780128292739391327E-02
 1.107064038515090942E-01 1.780825108289718628E-02
 1.107560768723487854E-01 1.781522482633590698E-02
 1.108057722449302673E-01 1.782220043241977692E-02
 1.108554899692535400E-01 1.782917790114879608E-02
 1.109052374958992004E-01 1.783615723252296448E-02
 1.109550073742866516E-01 1.784314028918743134E-02
 1.110048070549964905E-01 1.785012707114219666E-02
 1.110546290874481201E-01 1.785711385309696198E-02
 1.111044734716415405E-01 1.786410622298717499E-02
 1.111543476581573486E-01 1.787109859287738800E-02
 1.112042441964149475E-01 1.787809468805789948E-02
 1.112541705369949341E-01 1.788509450852870941E-02
 1.113041192293167114E-01 1.789209619164466858E-02
 1.113540902733802795E-01 1.789909973740577698E-02
 1.114040911197662354E-01 1.790610514581203461E-02
 1.114541143178939819E-01 1.791311614215373993E-02
 1.115041673183441162E-01 1.792012713849544525E-02
 1.115542426705360413E-01 1.792714186012744904E-02
 1.116043403744697571E-01 1.793415844440460205E-02
 1.116544678807258606E-01 1.794117875397205353E-02
 1.117046177387237549E-01 1.794820092618465424E-02
 1.117547973990440369E-01 1.795522682368755341E-02
 1.118049994111061096E-01 1.796225458383560181E-02
 1.118552237749099731E-01 1.796928420662879944E-02
 1.119054779410362244E-01 1.797631755471229553E-02
 1.119557544589042664E-01 1.798335276544094086E-02
 1.120060533285140991E-01 1.799038983881473541E-02
 1.120563820004463196E-01 1.799743063747882843E-02
 1.121067330241203308E-01 1.800447329878807068E-02
 1.121571138501167297E-01 1.801151968538761139E-02
 1.122075170278549194E-01 1.801856793463230133E-02
 1.122579500079154968E-01 1.802561990916728973E-02
 1.123083978891372681E-01 1.803267374634742737E-02
 1.123588830232620239E-01 1.803972944617271423E-02
 1.124093830585479736E-01 1.804678887128829956E-02
 1.124599128961563110E-01 1.805385015904903412E-02
 1.125104725360870361E-01 1.806091330945491791E-02
 1.125610470771789551E-01 1.806798018515110016E-02
 1.126116588711738586E-01 1.807504892349243164E-02
 1.126622855663299561E-01 1.808212138712406158E-02
 1.127129420638084412E-01 1.808919571340084076E-02
 1.127636209130287170E-01 1.809627190232276917E-02
 1.128143295645713806E-01 1.810335181653499603E-02
 1.128650605678558350E-01 1.811043359339237213E-02
 1.129158213734626770E-01 1.811751909554004669E-02
 1.129666045308113098E-01 1.812460646033287048E-02
 1.130174100399017334E-01 1.813169568777084351E-02
 1.130682379007339478E-01 1.813878864049911499E-02
 1.131190955638885498E-01 1.814588345587253571E-02
 1.131699830293655396E-01 1.815298013389110565E-02
 1.132208853960037231E-01 1.816008053719997406E-02
 1.132718250155448914E-01 1.816718280315399170E-02
 1.133227795362472534E-01 1.817428879439830780E-02
 1.133737638592720032E-01 1.818139478564262390E-02
 1.134247705340385437E-01 1.818850636482238770E-02
 1.134758070111274719E-01 1.819561794400215149E-02
 1.135268658399581909E-01 1.820273324847221375E-02
 1.135779470205307007E-01 1.820985227823257446E-02
 1.136290580034255981E-01 1.821697317063808441E-02
 1.136801913380622864E-01 1.822409592568874359E-02
 1.137313544750213623E-01 1.823122054338455200E-02
 1.137825399637222290E-01 1.823834888637065887E-02
 1.138337478041648865E-01 1.824547909200191498E-02
 1.138849854469299316E-01 1.825261302292346954E-02
 1.139362454414367676E-01 1.825974881649017334E-02
 1.139875277876853943E-01 1.826688647270202637E-02
 1.140388399362564087E-01 1.827402785420417786E-02
 1.140901744365692139E-01 1.828117109835147858E-02
 1.141415312886238098E-01 1.828831620514392853E-02
 1.141929179430007935E-01 1.829546503722667694E-02
 1.142443269491195679E-01 1.830261573195457458E-02
 1.142957657575607300E-01 1.830976828932762146E-02
 1.143472269177436829E-01 1.831692457199096680E-02
 1.143987104296684265E-01 1.832408271729946136E-02
 1.144502237439155579E-01 1.833124272525310516E-02
 1.145017594099044800E-01 1.833840645849704742E-02
 1.145533174276351929E-01 1.834557205438613892E-02
 1.146049052476882935E-01 1.835274137556552887E-02
 1.146565154194831848E-01 1.835991255939006805E-02
 1.147081553936004639E-01 1.836708560585975647E-02
 1.147598102688789368E-01 1.837426051497459412E-02
 1.148115023970603943E-01 1.838143914937973022E-02
 1.148632094264030457E-01 1.838861964643001556E-02
 1.149149462580680847E-01 1.839580386877059937E-02
 1.149667054414749146E-01 1.840298809111118317E-02
 1.150184944272041321E-01 1.841017790138721466E-02
 1.150703057646751404E-01 1.841736771166324615E-02
 1.151221394538879395E-01 1.842456124722957611E-02
 1.151740029454231262E-01 1.843175664544105530E-02
 1.152258887887001038E-01 1.843895576894283295E-02
 1.152777969837188721E-01 1.844615489244461060E-02
 1.153297349810600281E-01 1.845335960388183594E-02
 1.153816953301429749E-01 1.846056431531906128E-02
 1.154336780309677124E-01 1.846777275204658508E-02
 1.154856905341148376E-01 1.847498305141925812E-02
 1.155377253890037537E-01 1.848219521343708038E-02
 1.155897825956344604E-01 1.848941110074520111E-02
 1.156418696045875549E-01 1.849662885069847107E-02
 1.156939789652824402E-01 1.850384846329689026E-02
 1.157461106777191162E-01 1.851107180118560791E-02
 1.157982721924781799E-01 1.851829700171947479E-02
 1.158504560589790344E-01 1.852552406489849091E-02
 1.159026622772216797E-01 1.853275485336780548E-02
 1.159548982977867126E-01 1.853998750448226929E-02
 1.160071566700935364E-01 1.854722201824188232E-02
 1.160594373941421509E-01 1.855445839464664459E-02
 1.161117479205131531E-01 1.856169849634170532E-02
 1.161640807986259460E-01 1.856894046068191528E-02
 1.162164360284805298E-01 1.857618615031242371E-02
 1.162688210606575012E-01 1.858343183994293213E-02
 1.163212284445762634E-01 1.859068125486373901E-02
 1.163736581802368164E-01 1.859793439507484436E-02
 1.164261177182197571E-01 1.860518753528594971E-02
 1.164785996079444885E-01 1.861244440078735352E-02
 1.165311038494110107E-01 1.861970312893390656E-02
 1.165836378931999207E-01 1.862696558237075806E-02
 1.166361868381500244E-01 1.863422989845275879E-02
 1.166887730360031128E-01 1.864149607717990875E-02
 1.167413741350173950E-01 1.864876411855220795E-02
 1.167940050363540649E-01 1.865603588521480560E-02
 1.168466582894325256E-01 1.866330765187740326E-02
 1.168993338942527771E-01 1.867058500647544861E-02
 1.169520393013954163E-01 1.867786236107349396E-02
 1.170047670602798462E-01 1.868514344096183777E-02
 1.170575171709060669E-01 1.869242638349533081E-02
 1.171102970838546753E-01 1.869971118867397308E-02
 1.171630993485450745E-01 1.870699785649776459E-02
 1.172159239649772644E-01 1.871428824961185455E-02
 1.172687709331512451E-01 1.872158050537109375E-02
 1.173216477036476135E-01 1.872887462377548218E-02
 1.173745468258857727E-01 1.873617246747016907E-02
 1.174274682998657227E-01 1.874347217381000519E-02
 1.174804195761680603E-01 1.875077374279499054E-02
 1.175333932042121887E-01 1.875807717442512512E-02
 1.175863891839981079E-01 1.876538433134555817E-02
 1.176394149661064148E-01 1.877269335091114044E-02
 1.176924556493759155E-01 1.878000423312187195E-02
 1.177455261349678040E-01 1.878731697797775269E-02
 1.177986264228820801E-01 1.879463344812393188E-02
 1.178517416119575500E-01 1.880195178091526031E-02
 1.179048866033554077E-01 1.880927197635173798E-02
 1.179580539464950562E-01 1.881659403443336487E-02
 1.180112436413764954E-01 1.882391981780529022E-02
 1.180644631385803223E-01 1.883124560117721558E-02
 1.181177049875259399E-01 1.883857510983943939E-02
 1.181709691882133484E-01 1.884590834379196167E-02
 1.182242557406425476E-01 1.885324157774448395E-02
 1.182775720953941345E-01 1.886057853698730469E-02
 1.183309108018875122E-01 1.886791735887527466E-02
 1.183842718601226807E-01 1.887525804340839386E-02
 1.184376552700996399E-01 1.888260245323181152E-02
 1.184910684823989868E-01 1.888994686305522919E-02
 1.185445040464401245E-01 1.889729499816894531E-02
 1.185979619622230530E-01 1.890464499592781067E-02
 1.186514422297477722E-01 1.891199685633182526E-02
 1.187049522995948792E-01 1.891935244202613831E-02
 1.187584772706031799E-01 1.892670989036560059E-02
 1.188120320439338684E-01 1.893406920135021210E-02
 1.188656166195869446E-01 1.894143037497997284E-02
 1.189192160964012146E-01 1.894879341125488281E-02
 1.189728453755378723E-01 1.895616017282009125E-02
 1.190264970064163208E-01 1.896352693438529968E-02
 1.190801709890365601E-01 1.897089742124080658E-02
 1.191338673233985901E-01 1.897827163338661194E-02
 1.191875934600830078E-01 1.898564584553241730E-02
 1.192413419485092163E-01 1.899302192032337189E-02
 1.192951127886772156E-01 1.900040172040462494E-02
 1.193489059805870056E-01 1.900778338313102722E-02
 1.194027215242385864E-01 1.901516690850257874E-02
 1.194565668702125549E-01 1.902255415916442871E-02
 1.195104345679283142E-01 1.902994140982627869E-02
 1.195643246173858643E-01 1.903733238577842712E-02
 1.196182370185852051E-01 1.904472522437572479E-02
 1.196721717715263367E-01 1.905211992561817169E-02
 1.197261363267898560E-01 1.905951648950576782E-02
 1.197801232337951660E-01 1.906691491603851318E-02
 1.198341250419616699E-01 1.907431706786155701E-02
 1.198881641030311584E-01 1.908171921968460083E-02
 1.199422180652618408E-01 1.908912509679794312E-02
 1.199962943792343140E-01 1.909653283655643463E-02
 1.200504004955291748E-01 1.910394243896007538E-02
 1.201045289635658264E-01 1.911135576665401459E-02
 1.201586797833442688E-01 1.911876909434795380E-02
 1.202128529548645020E-01 1.912618614733219147E-02
 1.202670484781265259E-01 1.913360506296157837E-02
 1.203212738037109375E-01 1.914102584123611450E-02
 1.203755140304565430E-01 1.914844848215579987E-02
 1.204297840595245361E-01 1.915587298572063446E-02
 1.204840764403343201E-01 1.916329935193061829E-02
 1.205383911728858948E-01 1.917072944343090057E-02
 1.205927282571792603E-01 1.917816139757633209E-02
 1.206470876932144165E-01 1.918559335172176361E-02
 1.207014769315719604E-01 1.919302903115749359E-02
 1.207558810710906982E-01 1.920046657323837280E-02
 1.208103150129318237E-01 1.920790784060955048E-02
 1.208647713065147400E-01 1.921534910798072815E-02
 1.209192499518394470E-01 1.922279223799705505E-02
 1.209737509489059448E-01 1.923023909330368042E-02
 1.210282742977142334E-01 1.923768594861030579E-02
 1.210828199982643127E-01 1.924513652920722961E-02
 1.211373955011367798E-01 1.925258897244930267E-02
 1.211919859051704407E-01 1.926004327833652496E-02
 1.212466061115264893E-01 1.926749944686889648E-02
 1.213012412190437317E-01 1.927495747804641724E-02
 1.213559061288833618E-01 1.928241923451423645E-02
 1.214105933904647827E-01 1.928988099098205566E-02
 1.214653030037879944E-01 1.929734647274017334E-02
 1.215200349688529968E-01 1.930481195449829102E-02
 1.215747892856597900E-01 1.931228116154670715E-02
 1.216295659542083740E-01 1.931975223124027252E-02
 1.216843649744987488E-01 1.932722330093383789E-02
 1.217391937971115112E-01 1.933469809591770172E-02
 1.217940375208854675E-01 1.934217475354671478E-02
 1.218489110469818115E-01 1.934965327382087708E-02
 1.219037994742393494E-01 1.935713365674018860E-02
 1.219587177038192749E-01 1.936461776494979858E-02
 1.220136508345603943E-01 1.937210187315940857E-02
 1.220686137676239014E-01 1.937958784401416779E-02
 1.221235990524291992E-01 1.938707754015922546E-02
 1.221785992383956909E-01 1.939456723630428314E-02
 1.222336292266845703E-01 1.940206065773963928E-02
 1.222886815667152405E-01 1.940955407917499542E-02
 1.223437562584877014E-01 1.941705122590065002E-02
 1.223988458514213562E-01 1.942454837262630463E-02
 1.224539652466773987E-01 1.943204924464225769E-02
 1.225091069936752319E-01 1.943955197930335999E-02
 1.225642710924148560E-01 1.944705657660961151E-02
 1.226194575428962708E-01 1.945456117391586304E-02
 1.226746663451194763E-01 1.946206949651241302E-02
 1.227298900485038757E-01 1.946957968175411224E-02
 1.227851435542106628E-01 1.947709172964096069E-02
 1.228404194116592407E-01 1.948460564017295837E-02
 1.228957176208496094E-01 1.949212141335010529E-02
 1.229510381817817688E-01 1.949963904917240143E-02
 1.230063736438751221E-01 1.950715854763984680E-02
 1.230617389082908630E-01 1.951467990875244141E-02
 1.231171265244483948E-01 1.952220313251018524E-02
 1.231725290417671204E-01 1.952972821891307831E-02
 1.232279613614082336E-01 1.953725516796112061E-02
 1.232834160327911377E-01 1.954478397965431213E-02
 1.233388856053352356E-01 1.955231465399265289E-02
 1.233943775296211243E-01 1.955984719097614288E-02
 1.234498992562294006E-01 1.956737972795963287E-02
 1.235054358839988708E-01 1.957491599023342133E-02
 1.235609948635101318E-01 1.958245411515235901E-02
 1.236165761947631836E-01 1.958999410271644592E-02
 1.236721798777580261E-01 1.959753595292568207E-02
 1.237278059124946594E-01 1.960507966578006744E-02
 1.237834542989730835E-01 1.961262524127960205E-02
 1.238391250371932983E-01 1.962017081677913666E-02
 1.238948181271553040E-01 1.962772011756896973E-02
 1.239505261182785034E-01 1.963527128100395203E-02
 1.240062639117240906E-01 1.964282244443893433E-02
 1.240620166063308716E-01 1.965037733316421509E-02
 1.241177916526794434E-01 1.965793222188949585E-02
 1.241735890507698059E-01 1.966549083590507507E-02
 1.242294088006019592E-01 1.967304944992065430E-02
 1.242852509021759033E-01 1.968061178922653198E-02
 1.243411153554916382E-01 1.968817412853240967E-02
 1.243969947099685669E-01 1.969573833048343658E-02
 1.244528964161872864E-01 1.970330439507961273E-02
 1.245088279247283936E-01 1.971087232232093811E-02
 1.245647743344306946E-01 1.971844211220741272E-02
 1.246207430958747864E-01 1.972601376473903656E-02
 1.246767267584800720E-01 1.973358727991580963E-02
 1.247327402234077454E-01 1.974116079509258270E-02
 1.247887685894966125E-01 1.974873803555965424E-02
 1.248448193073272705E-01 1.975631713867187500E-02
 1.249008923768997192E-01 1.976389624178409576E-02
 1.249569877982139587E-01 1.977147720754146576E-02
 1.250130981206893921E-01 1.977906003594398499E-02
 1.250692307949066162E-01 1.978664472699165344E-02
 1.251253932714462280E-01 1.979423128068447113E-02
 1.251815706491470337E-01 1.980181969702243805E-02
 1.252377629280090332E-01 1.980940997600555420E-02
 1.252939850091934204E-01 1.981700025498867035E-02
 1.253502219915390015E-01 1.982459425926208496E-02
 1.254064738750457764E-01 1.983218826353549957E-02
 1.254627555608749390E-01 1.983978413045406342E-02
 1.255190521478652954E-01 1.984738186001777649E-02
 1.255753636360168457E-01 1.985498145222663879E-02
 1.256317049264907837E-01 1.986258104443550110E-02
 1.256880760192871094E-01 1.987018436193466187E-02
 1.257444471120834351E-01 1.987778767943382263E-02
 1.258008480072021484E-01 1.988539285957813263E-02
 1.258572638034820557E-01 1.989299990236759186E-02
 1.259137094020843506E-01 1.990060880780220032E-02
 1.259701699018478394E-01 1.990821957588195801E-02
 1.260266453027725220E-01 1.991583034396171570E-02
 1.260831505060195923E-01 1.992344483733177185E-02
 1.261396706104278564E-01 1.993105933070182800E-02
 1.261962056159973145E-01 1.993867568671703339E-02
 1.262527704238891602E-01 1.994629204273223877E-02
 1.263093501329421997E-01 1.995391212403774261E-02
 1.263659447431564331E-01 1.996153220534324646E-02
 1.264225691556930542E-01 1.996915414929389954E-02
 1.264792084693908691E-01 1.997677795588970184E-02
 1.265358626842498779E-01 1.998440362513065338E-02
 1.265925467014312744E-01 1.999202929437160492E-02
 1.266492307186126709E-01 1.999965682625770569E-02
 1.267059594392776489E-01 2.000728622078895569E-02
 1.267626881599426270E-01 2.001491747796535492E-02
 1.268194466829299927E-01 2.002254873514175415E-02
 1.268762201070785522E-01 2.003018185496330261E-02
 1.269330084323883057E-01 2.003781683743000031E-02
 1.269898265600204468E-01 2.004545368254184723E-02
 1.270466446876525879E-01 2.005309052765369415E-02
 1.271035075187683105E-01 2.006073109805583954E-02
 1.271603703498840332E-01 2.006836980581283569E-02
 1.272172629833221436E-01 2.007601223886013031E-02
 1.272741705179214478E-01 2.008365467190742493E-02
 1.273310929536819458E-01 2.009129896759986877E-02
 1.273880302906036377E-01 2.009894512593746185E-02
 1.274449974298477173E-01 2.010659314692020416E-02
 1.275019794702529907E-01 2.011424116790294647E-02
 1.275589764118194580E-01 2.012189105153083801E-02
 1.276160031557083130E-01 2.012954093515872955E-02
 1.276730298995971680E-01 2.013719454407691956E-02
 1.277300864458084106E-01 2.014484815299510956E-02
 1.277871578931808472E-01 2.015250176191329956E-02
 1.278442591428756714E-01 2.016015723347663879E-02
 1.279013603925704956E-01 2.016781456768512726E-02
 1.279584914445877075E-01 2.017547376453876495E-02
 1.280156373977661133E-01 2.018313296139240265E-02
 1.280728131532669067E-01 2.019079402089118958E-02
 1.281299889087677002E-01 2.019845694303512573E-02
 1.281871944665908813E-01 2.020611986517906189E-02
 1.282444149255752563E-01 2.021378464996814728E-02
 1.283016502857208252E-01 2.022145129740238190E-02
 1.283589005470275879E-01 2.022911794483661652E-02
 1.284161657094955444E-01 2.023678645491600037E-02
 1.284734606742858887E-01 2.024445496499538422E-02
 1.285307705402374268E-01 2.025212533771991730E-02
 1.285880953073501587E-01 2.025979757308959961E-02
 1.286454349756240845E-01 2.026746980845928192E-02
 1.287027895450592041E-01 2.027514390647411346E-02
 1.287601739168167114E-01 2.028281800448894501E-02
 1.288175582885742188E-01 2.029049396514892578E-02
 1.288749724626541138E-01 2.029817178845405579E-02
 1.289324015378952026E-01 2.030584961175918579E-02
 1.289898455142974854E-01 2.031352929770946503E-02
 1.290473192930221558E-01 2.032120898365974426E-02
 1.291047930717468262E-01 2.032889053225517273E-02
 1.291622966527938843E-01 2.033657394349575043E-02
 1.292198002338409424E-01 2.034425735473632812E-02
 1.292773336172103882E-01 2.035194076597690582E-02
 1.293348819017410278E-01 2.035962603986263275E-02
 1.293924450874328613E-01 2.036731317639350891E-02
 1.294500231742858887E-01 2.037500031292438507E-02
 1.295076161623001099E-01 2.038268931210041046E-02
 1.295652389526367188E-01 2.039037831127643585E-02
 1.296228617429733276E-01 2.039806917309761047E-02
 1.296805143356323242E-01 2.040576003491878510E-02
 1.297381669282913208E-01 2.041345275938510895E-02
 1.297958493232727051E-01 2.042114734649658203E-02
 1.298535466194152832E-01 2.042884007096290588E-02
 1.299112588167190552E-01 2.043653652071952820E-02
 1.299689859151840210E-01 2.044423297047615051E-02
 1.300267279148101807E-01 2.045192942023277283E-02
 1.300844848155975342E-01 2.045962773263454437E-02
 1.301422566175460815E-01 2.046732604503631592E-02
 1.302000433206558228E-01 2.047502622008323669E-02
 1.302578449249267578E-01 2.048272639513015747E-02
 1.303156763315200806E-01 2.049042843282222748E-02
 1.303735077381134033E-01 2.049813047051429749E-02
 1.304313540458679199E-01 2.050583250820636749E-02
 1.304892301559448242E-01 2.051353640854358673E-02
 1.305471062660217285E-01 2.052124217152595520E-02
 1.306050121784210205E-01 2.052894607186317444E-02
 1.306629180908203125E-01 2.053665369749069214E-02
 1.307208538055419922E-01 2.054435946047306061E-02
 1.307787895202636719E-01 2.055206894874572754E-02
 1.308367550373077393E-01 2.055977657437324524E-02
 1.308947205543518066E-01 2.056748606264591217E-02
 1.309527158737182617E-01 2.057519555091857910E-02
 1.310107111930847168E-01 2.058290690183639526E-02
 1.310687363147735596E-01 2.059061825275421143E-02
 1.311267614364624023E-01 2.059833146631717682E-02
 1.311848163604736328E-01 2.060604281723499298E-02
 1.312428712844848633E-01 2.061375789344310760E-02
 1.313009560108184814E-01 2.062147110700607300E-02
 1.313590407371520996E-01 2.062918618321418762E-02
 1.314171403646469116E-01 2.063690125942230225E-02
 1.314752548933029175E-01 2.064461819827556610E-02
 1.315333992242813110E-01 2.065233513712882996E-02
 1.315915435552597046E-01 2.066005207598209381E-02
 1.316497027873992920E-01 2.066777087748050690E-02
 1.317078769207000732E-01 2.067548967897891998E-02
 1.317660659551620483E-01 2.068320848047733307E-02
 1.318242698907852173E-01 2.069092914462089539E-02
 1.318824738264083862E-01 2.069864980876445770E-02
 1.319407075643539429E-01 2.070637047290802002E-02
 1.319989562034606934E-01 2.071409299969673157E-02
 1.320572048425674438E-01 2.072181366384029388E-02
 1.321154832839965820E-01 2.072953619062900543E-02
 1.321737617254257202E-01 2.073726058006286621E-02
 1.322320550680160522E-01 2.074498310685157776E-02
 1.322903633117675781E-01 2.075270749628543854E-02
 1.323486864566802979E-01 2.076043188571929932E-02
 1.324070245027542114E-01 2.076815813779830933E-02
 1.324653774499893188E-01 2.077588252723217010E-02
 1.325237303972244263E-01 2.078360877931118011E-02
 1.325821131467819214E-01 2.079133689403533936E-02
 1.326404958963394165E-01 2.079906314611434937E-02
 1.326988935470581055E-01 2.080678939819335938E-02
 1.327573060989379883E-01 2.081451751291751862E-02
 1.328157335519790649E-01 2.082224562764167786E-02
 1.328741610050201416E-01 2.082997560501098633E-02
 1.329326182603836060E-01 2.083770371973514557E-02
 1.329910755157470703E-01 2.084543369710445404E-02
 1.330495476722717285E-01 2.085316181182861328E-02
 1.331080347299575806E-01 2.086089178919792175E-02
 1.331665366888046265E-01 2.086862362921237946E-02
 1.332250386476516724E-01 2.087635360658168793E-02
 1.332835555076599121E-01 2.088408544659614563E-02
 1.333420872688293457E-01 2.089181542396545410E-02
 1.334006339311599731E-01 2.089954726397991180E-02
 1.334591954946517944E-01 2.090727910399436951E-02
 1.335177570581436157E-01 2.091501094400882721E-02
 1.335763484239578247E-01 2.092274278402328491E-02
 1.336349397897720337E-01 2.093047648668289185E-02
 1.336935311555862427E-01 2.093820832669734955E-02
 1.337521523237228394E-01 2.094594202935695648E-02
 1.338107734918594360E-01 2.095367573201656342E-02
 1.338694095611572266E-01 2.096140943467617035E-02
 1.339280605316162109E-01 2.096914313733577728E-02
 1.339867115020751953E-01 2.097687683999538422E-02
 1.340453773736953735E-01 2.098461054265499115E-02
 1.341040581464767456E-01 2.099234424531459808E-02
 1.341627538204193115E-01 2.100007981061935425E-02
 1.342214494943618774E-01 2.100781351327896118E-02
 1.342801600694656372E-01 2.101554721593856812E-02
 1.343388855457305908E-01 2.102328278124332428E-02
 1.343976110219955444E-01 2.103101648390293121E-02
 1.344563513994216919E-01 2.103875204920768738E-02
 1.345151066780090332E-01 2.104648761451244354E-02
 1.345738619565963745E-01 2.105422131717205048E-02
 1.346326321363449097E-01 2.106195688247680664E-02
 1.346914172172546387E-01 2.106969244778156281E-02
 1.347502171993255615E-01 2.107742801308631897E-02
 1.348090171813964844E-01 2.108516357839107513E-02
 1.348678320646286011E-01 2.109289728105068207E-02
 1.349266469478607178E-01 2.110063284635543823E-02
 1.349854767322540283E-01 2.110836841166019440E-02
 1.350443214178085327E-01 2.111610397696495056E-02
 1.351031661033630371E-01 2.112383954226970673E-02
 1.351620256900787354E-01 2.113157324492931366E-02
 1.352209001779556274E-01 2.113930881023406982E-02
 1.352797746658325195E-01 2.114704437553882599E-02
 1.353386640548706055E-01 2.115477807819843292E-02
 1.353975534439086914E-01 2.116251364350318909E-02
 1.354564577341079712E-01 2.117024734616279602E-02
 1.355153769254684448E-01 2.117798291146755219E-02
 1.355742961168289185E-01 2.118571661412715912E-02
 1.356332302093505859E-01 2.119345217943191528E-02
 1.356921643018722534E-01 2.120118588209152222E-02
 1.357511132955551147E-01 2.120891958475112915E-02
 1.358100771903991699E-01 2.121665328741073608E-02
 1.358690410852432251E-01 2.122438699007034302E-02
 1.359280049800872803E-01 2.123212069272994995E-02
 1.359869986772537231E-01 2.123985439538955688E-02
 1.360459774732589722E-01 2.124758809804916382E-02
 1.361049860715866089E-01 2.125532180070877075E-02
 1.361639946699142456E-01 2.126305364072322845E-02
 1.362230032682418823E-01 2.127078548073768616E-02
 1.362820267677307129E-01 2.127851918339729309E-02
 1.363410502672195435E-01 2.128625102341175079E-02
 1.364000886678695679E-01 2.129398286342620850E-02
 1.364591419696807861E-01 2.130171284079551697E-02
 1.365181803703308105E-01 2.130944468080997467E-02
 1.365772485733032227E-01 2.131717652082443237E-02
 1.366363167762756348E-01 2.132490649819374084E-02
 1.366953849792480469E-01 2.133263647556304932E-02
 1.367544680833816528E-01 2.134036645293235779E-02
 1.368135660886764526E-01 2.134809643030166626E-02
 1.368726491928100586E-01 2.135582454502582550E-02
 1.369317620992660522E-01 2.136355452239513397E-02
 1.369908750057220459E-01 2.137128263711929321E-02
 1.370499879121780396E-01 2.137901075184345245E-02
 1.371091157197952271E-01 2.138673886656761169E-02
 1.371682435274124146E-01 2.139446511864662170E-02
 1.372273713350296021E-01 2.140219323337078094E-02
 1.372865289449691772E-01 2.140991948544979095E-02
 1.373456716537475586E-01 2.141764573752880096E-02
 1.374048292636871338E-01 2.142537012696266174E-02
 1.374639868736267090E-01 2.143309637904167175E-02
 1.375231593847274780E-01 2.144082076847553253E-02
 1.375823318958282471E-01 2.144854515790939331E-02
 1.376415193080902100E-01 2.145626768469810486E-02
 1.377007067203521729E-01 2.146399207413196564E-02
 1.377598941326141357E-01 2.147171460092067719E-02
 1.378190964460372925E-01 2.147943712770938873E-02
 1.378782987594604492E-01 2.148715779185295105E-02
 1.379375159740447998E-01 2.149488031864166260E-02
 1.379967331886291504E-01 2.150260098278522491E-02
 1.380559504032135010E-01 2.151031978428363800E-02
 1.381151825189590454E-01 2.151804044842720032E-02
 1.381744146347045898E-01 2.152575924992561340E-02
 1.382336616516113281E-01 2.153347805142402649E-02
 1.382929086685180664E-01 2.154119499027729034E-02
 1.383521556854248047E-01 2.154891192913055420E-02
 1.384114027023315430E-01 2.155662886798381805E-02
 1.384706646203994751E-01 2.156434394419193268E-02
 1.385299265384674072E-01 2.157206088304519653E-02
 1.385892033576965332E-01 2.157977409660816193E-02
 1.386484801769256592E-01 2.158748917281627655E-02
 1.387077569961547852E-01 2.159520238637924194E-02
 1.387670487165451050E-01 2.160291559994220734E-02
 1.388263255357742310E-01 2.161062695086002350E-02
 1.388856321573257446E-01 2.161833830177783966E-02
 1.389449238777160645E-01 2.162604965269565582E-02
 1.390042304992675781E-01 2.163375914096832275E-02
 1.390635371208190918E-01 2.164146862924098969E-02
 1.391228437423706055E-01 2.164917811751365662E-02
 1.391821652650833130E-01 2.165688574314117432E-02
 1.392414867877960205E-01 2.166459150612354279E-02
 1.393008083105087280E-01 2.167229913175106049E-02
 1.393601447343826294E-01 2.168000489473342896E-02
 1.394194811582565308E-01 2.168770879507064819E-02
 1.394788175821304321E-01 2.169541269540786743E-02
 1.395381540060043335E-01 2.170311659574508667E-02
 1.395975053310394287E-01 2.171081863343715668E-02
 1.396568417549133301E-01 2.171852067112922668E-02
 1.397161930799484253E-01 2.172622270882129669E-02
 1.397755593061447144E-01 2.173392288386821747E-02
 1.398349106311798096E-01 2.174162119626998901E-02
 1.398942768573760986E-01 2.174932137131690979E-02
 1.399536430835723877E-01 2.175701782107353210E-02
 1.400130242109298706E-01 2.176471427083015442E-02
 1.400723904371261597E-01 2.177241072058677673E-02
 1.401317715644836426E-01 2.178010717034339905E-02
 1.401911526918411255E-01 2.178779989480972290E-02
 1.402505338191986084E-01 2.179549448192119598E-02
 1.403099298477172852E-01 2.180318720638751984E-02
 1.403693109750747681E-01 2.181087806820869446E-02
 1.404287070035934448E-01 2.181856893002986908E-02
 1.404881030321121216E-01 2.182625979185104370E-02
 1.405475139617919922E-01 2.183394879102706909E-02
 1.406069099903106689E-01 2.184163592755794525E-02
 1.406663209199905396E-01 2.184932306408882141E-02
 1.407257318496704102E-01 2.185701020061969757E-02
 1.407851427793502808E-01 2.186469547450542450E-02
 1.408445537090301514E-01 2.187237888574600220E-02
 1.409039646387100220E-01 2.188006229698657990E-02
 1.409633904695510864E-01 2.188774570822715759E-02
 1.410228013992309570E-01 2.189542725682258606E-02
 1.410822272300720215E-01 2.190310694277286530E-02
 1.411416530609130859E-01 2.191078662872314453E-02
 1.412010937929153442E-01 2.191846631467342377E-02
 1.412605196237564087E-01 2.192614413797855377E-02
 1.413199603557586670E-01 2.193382009863853455E-02
 1.413793861865997314E-01 2.194149605929851532E-02
 1.414388269186019897E-01 2.194917015731334686E-02
 1.414982676506042480E-01 2.195684425532817841E-02
 1.415577083826065063E-01 2.196451649069786072E-02
 1.416171640157699585E-01 2.197218872606754303E-02
 1.416766047477722168E-01 2.197985909879207611E-02
 1.417360603809356689E-01 2.198752760887145996E-02
 1.417955011129379272E-01 2.199519611895084381E-02
 1.418549567461013794E-01 2.200286462903022766E-02
 1.419144123792648315E-01 2.201053127646446228E-02
 1.419738680124282837E-01 2.201819606125354767E-02
 1.420333385467529297E-01 2.202586084604263306E-02
 1.420927941799163818E-01 2.203352376818656921E-02
 1.421522498130798340E-01 2.204118482768535614E-02
 1.422117203474044800E-01 2.204884588718414307E-02
 1.422711908817291260E-01 2.205650694668292999E-02
 1.423306465148925781E-01 2.206416614353656769E-02
 1.423901170492172241E-01 2.207182347774505615E-02
 1.424495875835418701E-01 2.207948081195354462E-02
 1.425090581178665161E-01 2.208713628351688385E-02
 1.425685435533523560E-01 2.209478989243507385E-02
 1.426280140876770020E-01 2.210244350135326385E-02
 1.426874846220016479E-01 2.211009524762630463E-02
 1.427469700574874878E-01 2.211774699389934540E-02
 1.428064405918121338E-01 2.212539687752723694E-02
 1.428659260272979736E-01 2.213304676115512848E-02
 1.429254114627838135E-01 2.214069478213787079E-02
 1.429848968982696533E-01 2.214834094047546387E-02
 1.430443674325942993E-01 2.215598709881305695E-02
 1.431038528680801392E-01 2.216363139450550079E-02
 1.431633383035659790E-01 2.217127382755279541E-02
 1.432228386402130127E-01 2.217891626060009003E-02
 1.432823240756988525E-01 2.218655683100223541E-02
 1.433418095111846924E-01 2.219419740140438080E-02
 1.434012949466705322E-01 2.220183610916137695E-02
 1.434607952833175659E-01 2.220947295427322388E-02
 1.435202807188034058E-01 2.221710979938507080E-02
 1.435797810554504395E-01 2.222474478185176849E-02
 1.436392813920974731E-01 2.223237790167331696E-02
 1.436987668275833130E-01 2.224001102149486542E-02
 1.437582671642303467E-01 2.224764227867126465E-02
 1.438177675008773804E-01 2.225527353584766388E-02
 1.438772678375244141E-01 2.226290106773376465E-02
 1.439367532730102539E-01 2.227053046226501465E-02
 1.439962536096572876E-01 2.227815613150596619E-02
 1.440557539463043213E-01 2.228578180074691772E-02
 1.441152542829513550E-01 2.229340746998786926E-02
 1.441747695207595825E-01 2.230102941393852234E-02
 1.442342698574066162E-01 2.230865135788917542E-02
 1.442937701940536499E-01 2.231627330183982849E-02
 1.443532705307006836E-01 2.232389338314533234E-02
 1.444127708673477173E-01 2.233151160180568695E-02
 1.444722861051559448E-01 2.233912795782089233E-02
 1.445317864418029785E-01 2.234674431383609772E-02
 1.445913016796112061E-01 2.235435880720615387E-02
 1.446508020162582397E-01 2.236197143793106079E-02
 1.447103172540664673E-01 2.236958406865596771E-02
 1.447698175907135010E-01 2.237719483673572540E-02
 1.448293328285217285E-01 2.238480560481548309E-02
 1.448888331651687622E-01 2.239241451025009155E-02
 1.449483484029769897E-01 2.240002155303955078E-02
 1.450078487396240234E-01 2.240762673318386078E-02
 1.450673639774322510E-01 2.241523191332817078E-02
 1.451268792152404785E-01 2.242283523082733154E-02
 1.451863944530487061E-01 2.243043854832649231E-02
 1.452458947896957397E-01 2.243804000318050385E-02
 1.453054100275039673E-01 2.244563959538936615E-02
 1.453649252653121948E-01 2.245323732495307922E-02
 1.454244405031204224E-01 2.246083505451679230E-02
 1.454839557409286499E-01 2.246843278408050537E-02
 1.455434709787368774E-01 2.247602678835391998E-02
 1.456029862165451050E-01 2.248362079262733459E-02
 1.456625014543533325E-01 2.249121293425559998E-02
 1.457220166921615601E-01 2.249880507588386536E-02
 1.457815319299697876E-01 2.250639349222183228E-02
 1.458410471677780151E-01 2.251398377120494843E-02
 1.459005624055862427E-01 2.252157032489776611E-02
 1.459600776433944702E-01 2.252915687859058380E-02
 1.460195928812026978E-01 2.253674156963825226E-02
 1.460791081190109253E-01 2.254432439804077148E-02
 1.461386233568191528E-01 2.255190722644329071E-02
 1.461981385946273804E-01 2.255948819220066071E-02
 1.462576538324356079E-01 2.256706915795803070E-02
 1.463171839714050293E-01 2.257464639842510223E-02
 1.463766992092132568E-01 2.258222363889217377E-02
 1.464362144470214844E-01 2.258980087935924530E-02
 1.464957296848297119E-01 2.259737625718116760E-02
 1.465552598237991333E-01 2.260494977235794067E-02
 1.466147750616073608E-01 2.261252142488956451E-02
 1.466742902994155884E-01 2.262009307742118835E-02
 1.467338055372238159E-01 2.262766286730766296E-02
 1.467933356761932373E-01 2.263523079454898834E-02
 1.468528509140014648E-01 2.264279872179031372E-02
 1.469123661518096924E-01 2.265036292374134064E-02
 1.469718962907791138E-01 2.265792898833751678E-02
 1.470314115285873413E-01 2.266549132764339447E-02
 1.470909416675567627E-01 2.267305366694927216E-02
 1.471504569053649902E-01 2.268061414361000061E-02
 1.472099721431732178E-01 2.268817462027072906E-02
 1.472695022821426392E-01 2.269573323428630829E-02
 1.473290175199508667E-01 2.270328998565673828E-02
 1.473885476589202881E-01 2.271084673702716827E-02
 1.474480628967285156E-01 2.271839976310729980E-02
 1.475075930356979370E-01 2.272595278918743134E-02
 1.475671082735061646E-01 2.273350581526756287E-02
 1.476266384124755859E-01 2.274105697870254517E-02
 1.476861536502838135E-01 2.274860627949237823E-02
 1.477456837892532349E-01 2.275615371763706207E-02
 1.478051990270614624E-01 2.276370115578174591E-02
 1.478647291660308838E-01 2.277124673128128052E-02
 1.479242444038391113E-01 2.277879044413566589E-02
 1.479837745428085327E-01 2.278633415699005127E-02
 1.480433046817779541E-01 2.279387600719928741E-02
 1.481028199195861816E-01 2.280141599476337433E-02
 1.481623500585556030E-01 2.280895598232746124E-02
 1.482218652963638306E-01 2.281649410724639893E-02
 1.482813954353332520E-01 2.282403036952018738E-02
 1.483409255743026733E-01 2.283156476914882660E-02
 1.484004408121109009E-01 2.283909916877746582E-02
 1.484599709510803223E-01 2.284663356840610504E-02
 1.485195010900497437E-01 2.285416424274444580E-02
 1.485790163278579712E-01 2.286169491708278656E-02
 1.486385464668273926E-01 2.286922372877597809E-02
 1.486980766057968140E-01 2.287675067782402039E-02
 1.487575918436050415E-01 2.288427762687206268E-02
 1.488171219825744629E-01 2.289180271327495575E-02
 1.488766521215438843E-01 2.289932779967784882E-02
 1.489361822605133057E-01 2.290684916079044342E-02
 1.489956974983215332E-01 2.291437052190303802E-02
 1.490552276372909546E-01 2.292189188301563263E-02
 1.491147577762603760E-01 2.292940951883792877E-02
 1.491742879152297974E-01 2.293692715466022491E-02
 1.492338180541992188E-01 2.294444479048252106E-02
 1.492933332920074463E-01 2.295195870101451874E-02
 1.493528634309768677E-01 2.295947261154651642E-02
 1.494123935699462891E-01 2.296698465943336487E-02
 1.494719237089157104E-01 2.297449670732021332E-02
 1.495314538478851318E-01 2.298200689256191254E-02
 1.495909839868545532E-01 2.298951521515846252E-02
 1.496505141258239746E-01 2.299702353775501251E-02
 1.497100442647933960E-01 2.300452813506126404E-02
 1.497695595026016235E-01 2.301203273236751556E-02
 1.498290896415710449E-01 2.301953732967376709E-02
 1.498886197805404663E-01 2.302704006433486938E-02
 1.499481499195098877E-01 2.303454093635082245E-02
 1.500076800584793091E-01 2.304203994572162628E-02
 1.500672101974487305E-01 2.304953895509243011E-02
 1.501267403364181519E-01 2.305703610181808472E-02
 1.501862704753875732E-01 2.306453138589859009E-02
 1.502458006143569946E-01 2.307202666997909546E-02
 1.503053307533264160E-01 2.307952009141445160E-02
 1.503648608922958374E-01 2.308701165020465851E-02
 1.504243910312652588E-01 2.309450320899486542E-02
 1.504839211702346802E-01 2.310199290513992310E-02
 1.505434513092041016E-01 2.310948073863983154E-02
 1.506029814481735229E-01 2.311696670949459076E-02
 1.506625115871429443E-01 2.312445268034934998E-02
 1.507220417261123657E-01 2.313193678855895996E-02
 1.507815867662429810E-01 2.313942089676856995E-02
 1.508411169052124023E-01 2.314690314233303070E-02
 1.509006470441818237E-01 2.315438352525234222E-02
 1.509601771831512451E-01 2.316186204552650452E-02
 1.510197073221206665E-01 2.316934056580066681E-02
 1.510792374610900879E-01 2.317681722342967987E-02
 1.511387676000595093E-01 2.318429201841354370E-02
 1.511983126401901245E-01 2.319176681339740753E-02
 1.512578427791595459E-01 2.319923974573612213E-02
 1.513173729181289673E-01 2.320671081542968750E-02
 1.513769030570983887E-01 2.321418188512325287E-02
 1.514364331960678101E-01 2.322165109217166901E-02
 1.514959782361984253E-01 2.322911843657493591E-02
 1.515555083751678467E-01 2.323658578097820282E-02
 1.516150385141372681E-01 2.324405126273632050E-02
 1.516745686531066895E-01 2.325151488184928894E-02
 1.517341136932373047E-01 2.325897663831710815E-02
 1.517936438322067261E-01 2.326643839478492737E-02
 1.518531739711761475E-01 2.327389828860759735E-02
 1.519127041101455688E-01 2.328135818243026733E-02
 1.519722491502761841E-01 2.328881621360778809E-02
 1.520317792892456055E-01 2.329627238214015961E-02
 1.520913094282150269E-01 2.330372668802738190E-02
 1.521508544683456421E-01 2.331118099391460419E-02
 1.522103846073150635E-01 2.331863343715667725E-02
 1.522699147462844849E-01 2.332608401775360107E-02
 1.523294597864151001E-01 2.333353459835052490E-02
 1.523889899253845215E-01 2.334098331630229950E-02
 1.524485349655151367E-01 2.334843017160892487E-02
 1.525080651044845581E-01 2.335587702691555023E-02
 1.525675952434539795E-01 2.336332201957702637E-02
 1.526271402835845947E-01 2.337076514959335327E-02
 1.526866704225540161E-01 2.337820827960968018E-02
 1.527462154626846313E-01 2.338564954698085785E-02
 1.528057456016540527E-01 2.339308895170688629E-02
 1.528652906417846680E-01 2.340052649378776550E-02
 1.529248207807540894E-01 2.340796403586864471E-02
 1.529843658208847046E-01 2.341539971530437469E-02
 1.530438959598541260E-01 2.342283539474010468E-02
 1.531034409999847412E-01 2.343026921153068542E-02
 1.531629711389541626E-01 2.343770116567611694E-02
 1.532225161790847778E-01 2.344513125717639923E-02
 1.532820463180541992E-01 2.345256134867668152E-02
 1.533415913581848145E-01 2.345998957753181458E-02
 1.534011214971542358E-01 2.346741594374179840E-02
 1.534606665372848511E-01 2.347484230995178223E-02
 1.535201966762542725E-01 2.348226681351661682E-02
 1.535797417163848877E-01 2.348968945443630219E-02
 1.536392867565155029E-01 2.349711209535598755E-02
 1.536988168954849243E-01 2.350453287363052368E-02
 1.537583619356155396E-01 2.351195178925991058E-02
 1.538179069757461548E-01 2.351936884224414825E-02
 1.538774371147155762E-01 2.352678589522838593E-02
 1.539369821548461914E-01 2.353420108556747437E-02
 1.539965271949768066E-01 2.354161627590656281E-02
 1.540560573339462280E-01 2.354902960360050201E-02
 1.541156023740768433E-01 2.355644106864929199E-02
 1.541751474142074585E-01 2.356385067105293274E-02
 1.542346775531768799E-01 2.357126027345657349E-02
 1.542942225933074951E-01 2.357866801321506500E-02
 1.543537676334381104E-01 2.358607575297355652E-02
 1.544133126735687256E-01 2.359347976744174957E-02
 1.544728428125381470E-01 2.360088378190994263E-02
 1.545323878526687622E-01 2.360828779637813568E-02
 1.545919328927993774E-01 2.361568808555603027E-02
 1.546514779329299927E-01 2.362308837473392487E-02
 1.547110080718994141E-01 2.363048866391181946E-02
 1.547705531120300293E-01 2.363788522779941559E-02
 1.548300981521606445E-01 2.364528179168701172E-02
 1.548896431922912598E-01 2.365267649292945862E-02
 1.549491882324218750E-01 2.366007119417190552E-02
 1.550087332725524902E-01 2.366746403276920319E-02
 1.550682634115219116E-01 2.367485500872135162E-02
 1.551278084516525269E-01 2.368224412202835083E-02
 1.551873534917831421E-01 2.368963323533535004E-02
 1.552468985319137573E-01 2.369702048599720001E-02
 1.553064435720443726E-01 2.370440773665904999E-02
 1.553659886121749878E-01 2.371179126203060150E-02
 1.554255336523056030E-01 2.371917665004730225E-02
 1.554850786924362183E-01 2.372655831277370453E-02
 1.555446237325668335E-01 2.373393997550010681E-02
 1.556041687726974487E-01 2.374131977558135986E-02
 1.556637138128280640E-01 2.374869771301746368E-02
 1.557232588529586792E-01 2.375607565045356750E-02
 1.557828038930892944E-01 2.376345172524452209E-02
 1.558423489332199097E-01 2.377082593739032745E-02
 1.559018939733505249E-01 2.377819828689098358E-02
 1.559614390134811401E-01 2.378557063639163971E-02
 1.560209840536117554E-01 2.379294298589229584E-02
 1.560805290937423706E-01 2.380031161010265350E-02
 1.561400741338729858E-01 2.380768023431301117E-02
 1.561996191740036011E-01 2.381504699587821960E-02
 1.562591642141342163E-01 2.382241375744342804E-02
 1.563187092542648315E-01 2.382977679371833801E-02
 1.563782542943954468E-01 2.383713982999324799E-02
 1.564377993345260620E-01 2.384450286626815796E-02
 1.564973443746566772E-01 2.385186403989791870E-02
 1.565568894147872925E-01 2.385922335088253021E-02
 1.566164493560791016E-01 2.386658079922199249E-02
 1.566759943962097168E-01 2.387393824756145477E-02
 1.567355394363403320E-01 2.388129383325576782E-02
 1.567950844764709473E-01 2.388864755630493164E-02
 1.568546295166015625E-01 2.389600127935409546E-02
 1.569141745567321777E-01 2.390335313975811005E-02
 1.569737344980239868E-01 2.391070313751697540E-02
 1.570332795381546021E-01 2.391805127263069153E-02
 1.570928245782852173E-01 2.392539940774440765E-02
 1.571523696184158325E-01 2.393274568021297455E-02
 1.572119295597076416E-01 2.394009195268154144E-02
 1.572714745998382568E-01 2.394743636250495911E-02
 1.573310196399688721E-01 2.395477890968322754E-02
 1.573905646800994873E-01 2.396211959421634674E-02
 1.574501246213912964E-01 2.396946027874946594E-02
 1.575096696615219116E-01 2.397679910063743591E-02
 1.575692147016525269E-01 2.398413792252540588E-02
 1.576287746429443359E-01 2.399147301912307739E-02
 1.576883196830749512E-01 2.399880811572074890E-02
 1.577478647232055664E-01 2.400614321231842041E-02
 1.578074246644973755E-01 2.401347458362579346E-02
 1.578669697046279907E-01 2.402080595493316650E-02
 1.579265147447586060E-01 2.402813732624053955E-02
 1.579860746860504150E-01 2.403546497225761414E-02
 1.580456197261810303E-01 2.404279261827468872E-02
 1.581051796674728394E-01 2.405011840164661407E-02
 1.581647247076034546E-01 2.405744418501853943E-02
 1.582242697477340698E-01 2.406476810574531555E-02
 1.582838296890258789E-01 2.407209016382694244E-02
 1.583433747291564941E-01 2.407941222190856934E-02
 1.584029346704483032E-01 2.408673055469989777E-02
 1.584624797105789185E-01 2.409405075013637543E-02
 1.585220396518707275E-01 2.410136722028255463E-02
 1.585815846920013428E-01 2.410868369042873383E-02
 1.586411446332931519E-01 2.411599829792976379E-02
 1.587006896734237671E-01 2.412331104278564453E-02
 1.587602496147155762E-01 2.413062378764152527E-02
 1.588197946548461914E-01 2.413793466985225677E-02
 1.588793545961380005E-01 2.414524368941783905E-02
 1.589388996362686157E-01 2.415255270898342133E-02
 1.589984595775604248E-01 2.415985986590385437E-02
 1.590580046176910400E-01 2.416716516017913818E-02
 1.591175645589828491E-01 2.417447045445442200E-02
 1.591771245002746582E-01 2.418177388608455658E-02
 1.592366695404052734E-01 2.418907545506954193E-02
 1.592962294816970825E-01 2.419637516140937805E-02
 1.593557745218276978E-01 2.420367486774921417E-02
 1.594153344631195068E-01 2.421097271144390106E-02
 1.594748944044113159E-01 2.421827055513858795E-02
 1.595344394445419312E-01 2.422556653618812561E-02
 1.595939993858337402E-01 2.423286065459251404E-02
 1.596535593271255493E-01 2.424015291035175323E-02
 1.597131043672561646E-01 2.424744516611099243E-02
 1.597726643085479736E-01 2.425473555922508240E-02
 1.598322242498397827E-01 2.426202408969402313E-02
 1.598917692899703979E-01 2.426931262016296387E-02
 1.599513292312622070E-01 2.427659928798675537E-02
 1.600108891725540161E-01 2.428388409316539764E-02
 1.600704491138458252E-01 2.429116889834403992E-02
 1.601299941539764404E-01 2.429845184087753296E-02
 1.601895540952682495E-01 2.430573292076587677E-02
 1.602491140365600586E-01 2.431301400065422058E-02
 1.603086739778518677E-01 2.432029321789741516E-02
 1.603682339191436768E-01 2.432757057249546051E-02
 1.604277789592742920E-01 2.433484606444835663E-02
 1.604873389005661011E-01 2.434212155640125275E-02
 1.605468988418579102E-01 2.434939518570899963E-02
 1.606064587831497192E-01 2.435666881501674652E-02
 1.606660187244415283E-01 2.436394058167934418E-02
 1.607255786657333374E-01 2.437121048569679260E-02
 1.607851237058639526E-01 2.437847852706909180E-02
 1.608446836471557617E-01 2.438574656844139099E-02
 1.609042435884475708E-01 2.439301274716854095E-02
 1.609638035297393799E-01 2.440027706325054169E-02
 1.610233634710311890E-01 2.440754137933254242E-02
 1.610829234123229980E-01 2.441480383276939392E-02
 1.611424833536148071E-01 2.442206442356109619E-02
 1.612020432949066162E-01 2.442932501435279846E-02
 1.612616032361984253E-01 2.443658374249935150E-02
 1.613211631774902344E-01 2.444384060800075531E-02
 1.613807231187820435E-01 2.445109747350215912E-02
 1.614402830600738525E-01 2.445835247635841370E-02
 1.614998430013656616E-01 2.446560561656951904E-02
 1.615594029426574707E-01 2.447285689413547516E-02
 1.616189628839492798E-01 2.448010817170143127E-02
 1.616785228252410889E-01 2.448735758662223816E-02
 1.617380827665328979E-01 2.449460700154304504E-02
 1.617976427078247070E-01 2.450185269117355347E-02
 1.618572026491165161E-01 2.450909838080406189E-02
 1.619167625904083252E-01 2.451634407043457031E-02
 1.619763225317001343E-01 2.452358789741992950E-02
 1.620358824729919434E-01 2.453082986176013947E-02
 1.620954424142837524E-01 2.453806996345520020E-02
 1.621550023555755615E-01 2.454531006515026093E-02
 1.622145771980285645E-01 2.455254830420017242E-02
 1.622741371393203735E-01 2.455978468060493469E-02
 1.623336970806121826E-01 2.456701919436454773E-02
 1.623932570219039917E-01 2.457425370812416077E-02
 1.624528169631958008E-01 2.458148822188377380E-02
 1.625123769044876099E-01 2.458871901035308838E-02
 1.625719517469406128E-01 2.459594979882240295E-02
 1.626315116882324219E-01 2.460317872464656830E-02
 1.626910716295242310E-01 2.461040765047073364E-02
 1.627506315708160400E-01 2.461763285100460052E-02
 1.628101915121078491E-01 2.462485991418361664E-02
 1.628697663545608521E-01 2.463208325207233429E-02
 1.629293262958526611E-01 2.463930658996105194E-02
 1.629888862371444702E-01 2.464652806520462036E-02
 1.630484461784362793E-01 2.465374767780303955E-02
 1.631080210208892822E-01 2.466096729040145874E-02
 1.631675809621810913E-01 2.466818504035472870E-02
 1.632271409034729004E-01 2.467540092766284943E-02
 1.632867157459259033E-01 2.468261681497097015E-02
 1.633462756872177124E-01 2.468983083963394165E-02
 1.634058356285095215E-01 2.469704300165176392E-02
 1.634654104709625244E-01 2.470425516366958618E-02
 1.635249704122543335E-01 2.471146360039710999E-02
 1.635845303535461426E-01 2.471867389976978302E-02
 1.636441051959991455E-01 2.472588047385215759E-02
 1.637036651372909546E-01 2.473308704793453217E-02
 1.637632399797439575E-01 2.474029175937175751E-02
 1.638227999210357666E-01 2.474749647080898285E-02
 1.638823598623275757E-01 2.475469745695590973E-02
 1.639419347047805786E-01 2.476190030574798584E-02
 1.640014946460723877E-01 2.476909942924976349E-02
 1.640610694885253906E-01 2.477629855275154114E-02
 1.641206294298171997E-01 2.478349581360816956E-02
 1.641802042722702026E-01 2.479069121181964874E-02
 1.642397642135620117E-01 2.479788661003112793E-02
 1.642993390560150146E-01 2.480508014559745789E-02
 1.643588989973068237E-01 2.481227181851863861E-02
 1.644184738397598267E-01 2.481946349143981934E-02
 1.644780337810516357E-01 2.482665330171585083E-02
 1.645376086235046387E-01 2.483384124934673309E-02
 1.645971685647964478E-01 2.484102733433246613E-02
 1.646567434072494507E-01 2.484821341931819916E-02
 1.647163033485412598E-01 2.485539764165878296E-02
 1.647758781909942627E-01 2.486258186399936676E-02
 1.648354381322860718E-01 2.486976422369480133E-02
 1.648950129747390747E-01 2.487694472074508667E-02
 1.649545878171920776E-01 2.488412335515022278E-02
 1.650141477584838867E-01 2.489130198955535889E-02
 1.650737226009368896E-01 2.489847876131534576E-02
 1.651332825422286987E-01 2.490565553307533264E-02
 1.651928573846817017E-01 2.491282857954502106E-02
 1.652524322271347046E-01 2.492000162601470947E-02
 1.653119921684265137E-01 2.492717467248439789E-02
 1.653715670108795166E-01 2.493434399366378784E-02
 1.654311418533325195E-01 2.494151331484317780E-02
 1.654907017946243286E-01 2.494868263602256775E-02
 1.655502766370773315E-01 2.495584823191165924E-02
 1.656098514795303345E-01 2.496301382780075073E-02
 1.656694263219833374E-01 2.497017756104469299E-02
 1.657289862632751465E-01 2.497734129428863525E-02
 1.657885611057281494E-01 2.498450316488742828E-02
 1.658481359481811523E-01 2.499166317284107208E-02
 1.659077107906341553E-01 2.499882131814956665E-02
 1.659672707319259644E-01 2.500597946345806122E-02
 1.660268455743789673E-01 2.501313574612140656E-02
 1.660864204168319702E-01 2.502029202878475189E-02
 1.661459952592849731E-01 2.502744458615779877E-02
 1.662055701017379761E-01 2.503459900617599487E-02
 1.662651300430297852E-01 2.504174970090389252E-02
 1.663247048854827881E-01 2.504890039563179016E-02
 1.663842797279357910E-01 2.505604922771453857E-02
 1.664438545703887939E-01 2.506319619715213776E-02
 1.665034294128417969E-01 2.507034316658973694E-02
 1.665630042552947998E-01 2.507748641073703766E-02
 1.666225790977478027E-01 2.508463151752948761E-02
 1.666821539402008057E-01 2.509177289903163910E-02
 1.667417138814926147E-01 2.509891428053379059E-02
 1.668012887239456177E-01 2.510605379939079285E-02
 1.668608635663986206E-01 2.511319331824779510E-02
 1.669204384088516235E-01 2.512033097445964813E-02
 1.669800132513046265E-01 2.512746676802635193E-02
 1.670395880937576294E-01 2.513460069894790649E-02
 1.670991629362106323E-01 2.514173462986946106E-02
 1.671587377786636353E-01 2.514886669814586639E-02
 1.672183126211166382E-01 2.515599876642227173E-02
 1.672778874635696411E-01 2.516312710940837860E-02
 1.673374623060226440E-01 2.517025545239448547E-02
 1.673970371484756470E-01 2.517738379538059235E-02
 1.674566119909286499E-01 2.518450841307640076E-02
 1.675161868333816528E-01 2.519163303077220917E-02
 1.675757616758346558E-01 2.519875764846801758E-02
 1.676353365182876587E-01 2.520587854087352753E-02
 1.676949113607406616E-01 2.521299943327903748E-02
 1.677545011043548584E-01 2.522012032568454742E-02
 1.678140759468078613E-01 2.522723749279975891E-02
 1.678736507892608643E-01 2.523435465991497040E-02
 1.679332256317138672E-01 2.524146996438503265E-02
 1.679928004741668701E-01 2.524858526885509491E-02
 1.680523753166198730E-01 2.525569684803485870E-02
 1.681119501590728760E-01 2.526281028985977173E-02
 1.681715250015258789E-01 2.526992000639438629E-02
 1.682311147451400757E-01 2.527702972292900085E-02
 1.682906895875930786E-01 2.528413757681846619E-02
 1.683502644300460815E-01 2.529124356806278229E-02
 1.684098392724990845E-01 2.529834955930709839E-02
 1.684694141149520874E-01 2.530545368790626526E-02
 1.685290038585662842E-01 2.531255595386028290E-02
 1.685885787010192871E-01 2.531965821981430054E-02
 1.686481535434722900E-01 2.532675862312316895E-02
 1.687077283859252930E-01 2.533385716378688812E-02
 1.687673181295394897E-01 2.534095570445060730E-02
 1.688268929719924927E-01 2.534805238246917725E-02
 1.688864678144454956E-01 2.535514719784259796E-02
 1.689460426568984985E-01 2.536224015057086945E-02
 1.690056324005126953E-01 2.536933310329914093E-02
 1.690652072429656982E-01 2.537642419338226318E-02
 1.691247820854187012E-01 2.538351528346538544E-02
 1.691843718290328979E-01 2.539060451090335846E-02
 1.692439466714859009E-01 2.539769187569618225E-02
 1.693035215139389038E-01 2.540477737784385681E-02
 1.693631112575531006E-01 2.541186287999153137E-02
 1.694226861000061035E-01 2.541894651949405670E-02
 1.694822609424591064E-01 2.542602829635143280E-02
 1.695418506860733032E-01 2.543311007320880890E-02
 1.696014255285263062E-01 2.544018998742103577E-02
 1.696610152721405029E-01 2.544726803898811340E-02
 1.697205901145935059E-01 2.545434609055519104E-02
 1.697801649570465088E-01 2.546142227947711945E-02
 1.698397547006607056E-01 2.546849660575389862E-02
 1.698993295431137085E-01 2.547557093203067780E-02
 1.699589192867279053E-01 2.548264339566230774E-02
 1.700184941291809082E-01 2.548971399664878845E-02
 1.700780838727951050E-01 2.549678273499011993E-02
 1.701376587152481079E-01 2.550385147333145142E-02
 1.701972484588623047E-01 2.551091834902763367E-02
 1.702568233013153076E-01 2.551798522472381592E-02
 1.703164130449295044E-01 2.552505023777484894E-02
 1.703759878873825073E-01 2.553211338818073273E-02
 1.704355776309967041E-01 2.553917467594146729E-02
 1.704951524734497070E-01 2.554623596370220184E-02
 1.705547422170639038E-01 2.555329538881778717E-02
 1.706143319606781006E-01 2.556035295128822327E-02
 1.706739068031311035E-01 2.556741051375865936E-02
 1.707334965467453003E-01 2.557446621358394623E-02
 1.707930713891983032E-01 2.558152005076408386E-02
 1.708526611328125000E-01 2.558857388794422150E-02
 1.709122508764266968E-01 2.559562586247920990E-02
 1.709718257188796997E-01 2.560267597436904907E-02
 1.710314154624938965E-01 2.560972422361373901E-02
 1.710910052061080933E-01 2.561677247285842896E-02
 1.711505800485610962E-01 2.562381885945796967E-02
 1.712101697921752930E-01 2.563086524605751038E-02
 1.712697595357894897E-01 2.563790977001190186E-02
 1.713293343782424927E-01 2.564495243132114410E-02
 1.713889241218566895E-01 2.565199322998523712E-02
 1.714485138654708862E-01 2.565903402864933014E-02
 1.715080887079238892E-01 2.566607296466827393E-02
 1.715676784515380859E-01 2.567311003804206848E-02
 1.716272681951522827E-01 2.568014711141586304E-02
 1.716868579387664795E-01 2.568718232214450836E-02
 1.717464327812194824E-01 2.569421567022800446E-02
 1.718060225248336792E-01 2.570124901831150055E-02
 1.718656122684478760E-01 2.570828050374984741E-02
 1.719252020120620728E-01 2.571531012654304504E-02
 1.719847917556762695E-01 2.572233974933624268E-02
 1.720443665981292725E-01 2.572936750948429108E-02
 1.721039563417434692E-01 2.573639340698719025E-02
 1.721635460853576660E-01 2.574341744184494019E-02
 1.722231358289718628E-01 2.575044147670269012E-02
 1.722827255725860596E-01 2.575746364891529083E-02
 1.723423153162002563E-01 2.576448582112789154E-02
 1.724019050598144531E-01 2.577150613069534302E-02
 1.724614799022674561E-01 2.577852457761764526E-02
 1.725210696458816528E-01 2.578554116189479828E-02
 1.725806593894958496E-01 2.579255774617195129E-02
 1.726402491331100464E-01 2.579957246780395508E-02
 1.726998388767242432E-01 2.580658532679080963E-02
 1.727594286203384399E-01 2.581359818577766418E-02
 1.728190183639526367E-01 2.582060918211936951E-02
 1.728786081075668335E-01 2.582761831581592560E-02
 1.729381978511810303E-01 2.583462744951248169E-02
 1.729977875947952271E-01 2.584163472056388855E-02
 1.730573773384094238E-01 2.584864012897014618E-02
 1.731169670820236206E-01 2.585564553737640381E-02
 1.731765568256378174E-01 2.586264722049236298E-02
 1.732361465692520142E-01 2.586965076625347137E-02
 1.732957363128662109E-01 2.587665058672428131E-02
 1.733553260564804077E-01 2.588365040719509125E-02
 1.734149158000946045E-01 2.589064836502075195E-02
 1.734745055437088013E-01 2.589764632284641266E-02
 1.735340952873229980E-01 2.590464055538177490E-02
 1.735936850309371948E-01 2.591163478791713715E-02
 1.736532747745513916E-01 2.591862902045249939E-02
 1.737128645181655884E-01 2.592561952769756317E-02
 1.737724691629409790E-01 2.593261003494262695E-02
 1.738320589065551758E-01 2.593960054218769073E-02
 1.738916486501693726E-01 2.594658732414245605E-02
 1.739512383937835693E-01 2.595357410609722137E-02
 1.740108281373977661E-01 2.596056088805198669E-02
 1.740704178810119629E-01 2.596754394471645355E-02
 1.741300076246261597E-01 2.597452700138092041E-02
 1.741896122694015503E-01 2.598150819540023804E-02
 1.742492020130157471E-01 2.598848938941955566E-02
 1.743087917566299438E-01 2.599546872079372406E-02
 1.743683815002441406E-01 2.600244618952274323E-02
 1.744279712438583374E-01 2.600942179560661316E-02
 1.744875758886337280E-01 2.601639740169048309E-02
 1.745471656322479248E-01 2.602337114512920380E-02
 1.746067553758621216E-01 2.603034488856792450E-02
 1.746663451194763184E-01 2.603731490671634674E-02
 1.747259497642517090E-01 2.604428492486476898E-02
 1.747855395078659058E-01 2.605125494301319122E-02
 1.748451292514801025E-01 2.605822309851646423E-02
 1.749047338962554932E-01 2.606518939137458801E-02
 1.749643236398696899E-01 2.607215382158756256E-02
 1.750239133834838867E-01 2.607911638915538788E-02
 1.750835031270980835E-01 2.608607895672321320E-02
 1.751431077718734741E-01 2.609304152429103851E-02
 1.752026975154876709E-01 2.610000036656856537E-02
 1.752623021602630615E-01 2.610695920884609222E-02
 1.753218919038772583E-01 2.611391618847846985E-02
 1.753814816474914551E-01 2.612087316811084747E-02
 1.754410862922668457E-01 2.612782828509807587E-02
 1.755006760358810425E-01 2.613478153944015503E-02
 1.755602657794952393E-01 2.614173293113708496E-02
 1.756198704242706299E-01 2.614868432283401489E-02
 1.756794601678848267E-01 2.615563385188579559E-02
 1.757390648126602173E-01 2.616258151829242706E-02
 1.757986545562744141E-01 2.616952918469905853E-02
 1.758582592010498047E-01 2.617647498846054077E-02
 1.759178489446640015E-01 2.618341892957687378E-02
 1.759774535894393921E-01 2.619036287069320679E-02
 1.760370433330535889E-01 2.619730494916439056E-02
 1.760966479778289795E-01 2.620424516499042511E-02
 1.761562377214431763E-01 2.621118538081645966E-02
 1.762158423662185669E-01 2.621812373399734497E-02
 1.762754321098327637E-01 2.622506022453308105E-02
 1.763350367546081543E-01 2.623199671506881714E-02
 1.763946264982223511E-01 2.623892948031425476E-02
 1.764542311429977417E-01 2.624586410820484161E-02
 1.765138208866119385E-01 2.625279501080513000E-02
 1.765734255313873291E-01 2.625972591340541840E-02
 1.766330301761627197E-01 2.626665495336055756E-02
 1.766926199197769165E-01 2.627358213067054749E-02
 1.767522245645523071E-01 2.628050930798053741E-02
 1.768118143081665039E-01 2.628743462264537811E-02
 1.768714189529418945E-01 2.629435993731021881E-02
 1.769310235977172852E-01 2.630128152668476105E-02
 1.769906133413314819E-01 2.630820311605930328E-02
 1.770502179861068726E-01 2.631512470543384552E-02
 1.771098226308822632E-01 2.632204256951808929E-02
 1.771694123744964600E-01 2.632896043360233307E-02
 1.772290170192718506E-01 2.633587643504142761E-02
 1.772886216640472412E-01 2.634279243648052216E-02
 1.773482114076614380E-01 2.634970657527446747E-02
 1.774078160524368286E-01 2.635661885142326355E-02
 1.774674206972122192E-01 2.636353112757205963E-02
 1.775270253419876099E-01 2.637043967843055725E-02
 1.775866150856018066E-01 2.637735009193420410E-02
 1.776462197303771973E-01 2.638425678014755249E-02
 1.777058243751525879E-01 2.639116346836090088E-02
 1.777654290199279785E-01 2.639806829392910004E-02
 1.778250187635421753E-01 2.640497125685214996E-02
 1.778846234083175659E-01 2.641187421977519989E-02
 1.779442280530929565E-01 2.641877532005310059E-02
 1.780038326978683472E-01 2.642567455768585205E-02
 1.780634373426437378E-01 2.643257379531860352E-02
 1.781230419874191284E-01 2.643947117030620575E-02
 1.781826317310333252E-01 2.644636668264865875E-02
 1.782422363758087158E-01 2.645326219499111176E-02
 1.783018410205841064E-01 2.646015584468841553E-02
 1.783614456653594971E-01 2.646704763174057007E-02
 1.784210503101348877E-01 2.647393755614757538E-02
 1.784806549549102783E-01 2.648082748055458069E-02
 1.785402595996856689E-01 2.648771740496158600E-02
 1.785998642444610596E-01 2.649460360407829285E-02
 1.786594688892364502E-01 2.650148980319499969E-02
 1.787190586328506470E-01 2.650837413966655731E-02
 1.787786632776260376E-01 2.651525661349296570E-02
 1.788382679224014282E-01 2.652213908731937408E-02
 1.788978725671768188E-01 2.652901969850063324E-02
 1.789574772119522095E-01 2.653590030968189240E-02
 1.790170818567276001E-01 2.654277719557285309E-02
 1.790766865015029907E-01 2.654965408146381378E-02
 1.791362911462783813E-01 2.655653096735477448E-02
 1.791958957910537720E-01 2.656340412795543671E-02
 1.792555004358291626E-01 2.657027728855609894E-02
 1.793151050806045532E-01 2.657714858651161194E-02
 1.793747097253799438E-01 2.658401988446712494E-02
 1.794343292713165283E-01 2.659088931977748871E-02
 1.794939339160919189E-01 2.659775689244270325E-02
 1.795535385608673096E-01 2.660462446510791779E-02
 1.796131432056427002E-01 2.661148831248283386E-02
 1.796727478504180908E-01 2.661835215985774994E-02
 1.797323524951934814E-01 2.662521600723266602E-02
 1.797919571399688721E-01 2.663207799196243286E-02
 1.798515617847442627E-01 2.663893811404705048E-02
 1.799111664295196533E-01 2.664579637348651886E-02
 1.799707710742950439E-01 2.665265463292598724E-02
 1.800303906202316284E-01 2.665951102972030640E-02
 1.800899952650070190E-01 2.666636556386947632E-02
 1.801495999097824097E-01 2.667322009801864624E-02
 1.802092045545578003E-01 2.668007276952266693E-02
 1.802688091993331909E-01 2.668692357838153839E-02
 1.803284287452697754E-01 2.669377438724040985E-02
 1.803880333900451660E-01 2.670062333345413208E-02
 1.804476380348205566E-01 2.670747041702270508E-02
 1.805072426795959473E-01 2.671431563794612885E-02
 1.805668473243713379E-01 2.672116085886955261E-02
 1.806264668703079224E-01 2.672800607979297638E-02
 1.806860715150833130E-01 2.673484757542610168E-02
 1.807456761598587036E-01 2.674168907105922699E-02
 1.808052957057952881E-01 2.674852870404720306E-02
 1.808649003505706787E-01 2.675536647439002991E-02
 1.809245049953460693E-01 2.676220424473285675E-02
 1.809841096401214600E-01 2.676904015243053436E-02
 1.810437291860580444E-01 2.677587606012821198E-02
 1.811033338308334351E-01 2.678270824253559113E-02
 1.811629384756088257E-01 2.678954042494297028E-02
 1.812225580215454102E-01 2.679637260735034943E-02
 1.812821626663208008E-01 2.680320106446743011E-02
 1.813417822122573853E-01 2.681002952158451080E-02
 1.814013868570327759E-01 2.681685611605644226E-02
 1.814609915018081665E-01 2.682368271052837372E-02
 1.815206110477447510E-01 2.683050744235515594E-02
 1.815802156925201416E-01 2.683733031153678894E-02
 1.816398352384567261E-01 2.684415318071842194E-02
 1.816994398832321167E-01 2.685097232460975647E-02
 1.817590445280075073E-01 2.685779146850109100E-02
 1.818186640739440918E-01 2.686461061239242554E-02
 1.818782687187194824E-01 2.687142789363861084E-02
 1.819378882646560669E-01 2.687824331223964691E-02
 1.819974929094314575E-01 2.688505686819553375E-02
 1.820571124553680420E-01 2.689187042415142059E-02
 1.821167171001434326E-01 2.689868211746215820E-02
 1.821763366460800171E-01 2.690549194812774658E-02
 1.822359412908554077E-01 2.691230177879333496E-02
 1.822955608367919922E-01 2.691910974681377411E-02
 1.823551654815673828E-01 2.692591585218906403E-02
 1.824147850275039673E-01 2.693272195756435394E-02
 1.824743896722793579E-01 2.693952620029449463E-02
 1.825340092182159424E-01 2.694632858037948608E-02
 1.825936287641525269E-01 2.695312909781932831E-02
 1.826532334089279175E-01 2.695992961525917053E-02
 1.827128529548645020E-01 2.696673013269901276E-02
 1.827724575996398926E-01 2.697352692484855652E-02
 1.828320771455764771E-01 2.698032371699810028E-02
 1.828916966915130615E-01 2.698711864650249481E-02
 1.829513013362884521E-01 2.699391171336174011E-02
 1.830109208822250366E-01 2.700070478022098541E-02
 1.830705404281616211E-01 2.700749598443508148E-02
 1.831301450729370117E-01 2.701428718864917755E-02
 1.831897646188735962E-01 2.702107466757297516E-02
 1.832493841648101807E-01 2.702786214649677277E-02
 1.833089888095855713E-01 2.703464962542057037E-02
 1.833686083555221558E-01 2.704143337905406952E-02
 1.834282279014587402E-01 2.704821713268756866E-02
 1.834878325462341309E-01 2.705499902367591858E-02
 1.835474520921707153E-01 2.706178091466426849E-02
 1.836070716381072998E-01 2.706856094300746918E-02
 1.836666911840438843E-01 2.707533910870552063E-02
 1.837262958288192749E-01 2.708211727440357208E-02
 1.837859153747558594E-01 2.708889171481132507E-02
 1.838455349206924438E-01 2.709566615521907806E-02
 1.839051544666290283E-01 2.710244059562683105E-02
 1.839647740125656128E-01 2.710921317338943481E-02
 1.840243786573410034E-01 2.711598388850688934E-02
 1.840839982032775879E-01 2.712275274097919464E-02
 1.841436177492141724E-01 2.712952159345149994E-02
 1.842032372951507568E-01 2.713628858327865601E-02
 1.842628568410873413E-01 2.714305371046066284E-02
 1.843224763870239258E-01 2.714981883764266968E-02
 1.843820810317993164E-01 2.715658210217952728E-02
 1.844417005777359009E-01 2.716334350407123566E-02
 1.845013201236724854E-01 2.717010490596294403E-02
 1.845609396696090698E-01 2.717686444520950317E-02
 1.846205592155456543E-01 2.718362212181091309E-02
 1.846801787614822388E-01 2.719037793576717377E-02
 1.847397983074188232E-01 2.719713374972343445E-02
 1.847994178533554077E-01 2.720388770103454590E-02
 1.848590373992919922E-01 2.721064165234565735E-02
 1.849186569452285767E-01 2.721739374101161957E-02
 1.849782764911651611E-01 2.722414396703243256E-02
 1.850378960371017456E-01 2.723089233040809631E-02
 1.850975155830383301E-01 2.723764069378376007E-02
 1.851571351289749146E-01 2.724438719451427460E-02
 1.852167546749114990E-01 2.725113183259963989E-02
 1.852763742208480835E-01 2.725787647068500519E-02
 1.853359937667846680E-01 2.726461924612522125E-02
 1.853956133127212524E-01 2.727136015892028809E-02
 1.854552328586578369E-01 2.727810107171535492E-02
 1.855148524045944214E-01 2.728484012186527252E-02
 1.855744719505310059E-01 2.729157730937004089E-02
 1.856340914964675903E-01 2.729831449687480927E-02
 1.856937110424041748E-01 2.730504982173442841E-02
 1.857533305883407593E-01 2.731178328394889832E-02
 1.858129501342773438E-01 2.731851488351821899E-02
 1.858725696802139282E-01 2.732524648308753967E-02
 1.859321892261505127E-01 2.733197622001171112E-02
 1.859918236732482910E-01 2.733870595693588257E-02
 1.860514432191848755E-01 2.734543383121490479E-02
 1.861110627651214600E-01 2.735215984284877777E-02
 1.861706823110580444E-01 2.735888399183750153E-02
 1.862303018569946289E-01 2.736560814082622528E-02
 1.862899214029312134E-01 2.737233042716979980E-02
 1.863495558500289917E-01 2.737905085086822510E-02
 1.864091753959655762E-01 2.738577127456665039E-02
 1.864687949419021606E-01 2.739248983561992645E-02
 1.865284144878387451E-01 2.739920653402805328E-02
 1.865880340337753296E-01 2.740592323243618011E-02
 1.866476684808731079E-01 2.741263806819915771E-02
 1.867072880268096924E-01 2.741935104131698608E-02
 1.867669075727462769E-01 2.742606215178966522E-02
 1.868265271186828613E-01 2.743277326226234436E-02
 1.868861615657806396E-01 2.743948251008987427E-02
 1.869457811117172241E-01 2.744619175791740417E-02
 1.870054006576538086E-01 2.745289914309978485E-02
 1.870650351047515869E-01 2.745960466563701630E-02
 1.871246546506881714E-01 2.746630832552909851E-02
 1.871842741966247559E-01 2.747301198542118073E-02
 1.872439086437225342E-01 2.747971378266811371E-02
 1.873035281896591187E-01 2.748641371726989746E-02
 1.873631477355957031E-01 2.749311365187168121E-02
 1.874227821826934814E-01 2.749981172382831573E-02
 1.874824017286300659E-01 2.750650793313980103E-02
 1.875420212745666504E-01 2.751320414245128632E-02
 1.876016557216644287E-01 2.751989848911762238E-02
 1.876612752676010132E-01 2.752659097313880920E-02
 1.877209097146987915E-01 2.753328345715999603E-02
 1.877805292606353760E-01 2.753997407853603363E-02
 1.878401488065719604E-01 2.754666283726692200E-02
 1.878997832536697388E-01 2.755334973335266113E-02
 1.879594027996063232E-01 2.756003662943840027E-02
 1.880190372467041016E-01 2.756672166287899017E-02
 1.880786567926406860E-01 2.757340669631958008E-02
 1.881382912397384644E-01 2.758008800446987152E-02
 1.881979107856750488E-01 2.758676931262016296E-02
 1.882575452327728271E-01 2.759345062077045441E-02
 1.883171647787094116E-01 2.760013006627559662E-02
 1.883767992258071899E-01 2.760680764913558960E-02
 1.884364187717437744E-01 2.761348336935043335E-02
 1.884960532188415527E-01 2.762015908956527710E-02
 1.885556727647781372E-01 2.762683294713497162E-02
 1.886153072118759155E-01 2.763350494205951691E-02
 1.886749416589736938E-01 2.764017507433891296E-02
 1.887345612049102783E-01 2.764684520661830902E-02
 1.887941956520080566E-01 2.765351347625255585E-02
 1.888538151979446411E-01 2.766018174588680267E-02
 1.889134496450424194E-01 2.766684815287590027E-02
 1.889730691909790039E-01 2.767351269721984863E-02
 1.890327036380767822E-01 2.768017724156379700E-02
 1.890923380851745605E-01 2.768683806061744690E-02
 1.891519576311111450E-01 2.769349887967109680E-02
 1.892115920782089233E-01 2.770015969872474670E-02
 1.892712265253067017E-01 2.770681865513324738E-02
 1.893308460712432861E-01 2.771347574889659882E-02
 1.893904805183410645E-01 2.772013098001480103E-02
 1.894501149654388428E-01 2.772678621113300323E-02
 1.895097345113754272E-01 2.773343957960605621E-02
 1.895693689584732056E-01 2.774009108543395996E-02
 1.896290034055709839E-01 2.774674259126186371E-02
 1.896886378526687622E-01 2.775339037179946899E-02
 1.897482573986053467E-01 2.776004001498222351E-02
 1.898078918457031250E-01 2.776668593287467957E-02
 1.898675262928009033E-01 2.777333185076713562E-02
 1.899271607398986816E-01 2.777997590601444244E-02
 1.899867802858352661E-01 2.778661996126174927E-02
 1.900464147329330444E-01 2.779326215386390686E-02
 1.901060491800308228E-01 2.779990248382091522E-02
 1.901656836271286011E-01 2.780654095113277435E-02
 1.902253180742263794E-01 2.781317941844463348E-02
 1.902849376201629639E-01 2.781981602311134338E-02
 1.903445720672607422E-01 2.782645076513290405E-02
 1.904042065143585205E-01 2.783308550715446472E-02
 1.904638409614562988E-01 2.783971838653087616E-02
 1.905234754085540771E-01 2.784634940326213837E-02
 1.905831098556518555E-01 2.785298041999340057E-02
 1.906427443027496338E-01 2.785960957407951355E-02
 1.907023638486862183E-01 2.786623686552047729E-02
 1.907619982957839966E-01 2.787286415696144104E-02
 1.908216327428817749E-01 2.787948958575725555E-02
 1.908812671899795532E-01 2.788611315190792084E-02
 1.909409016370773315E-01 2.789273485541343689E-02
 1.910005360841751099E-01 2.789935655891895294E-02
 1.910601705312728882E-01 2.790597639977931976E-02
 1.911198049783706665E-01 2.791259624063968658E-02
 1.911794394254684448E-01 2.791921421885490417E-02
 1.912390738725662231E-01 2.792583033442497253E-02
 1.912987083196640015E-01 2.793244458734989166E-02
 1.913583427667617798E-01 2.793905884027481079E-02
 1.914179772138595581E-01 2.794567123055458069E-02
 1.914776116609573364E-01 2.795228175818920135E-02
 1.915372461080551147E-01 2.795889228582382202E-02
 1.915968805551528931E-01 2.796550095081329346E-02
 1.916565150022506714E-01 2.797210775315761566E-02
 1.917161494493484497E-01 2.797871455550193787E-02
 1.917757838964462280E-01 2.798531949520111084E-02
 1.918354183435440063E-01 2.799192257225513458E-02
 1.918950527906417847E-01 2.799852564930915833E-02
 1.919546872377395630E-01 2.800512500107288361E-02
 1.920143216848373413E-01 2.801172621548175812E-02
 1.920739710330963135E-01 2.801832370460033417E-02
 1.921336054801940918E-01 2.802492119371891022E-02
 1.921932399272918701E-01 2.803151682019233704E-02
 1.922528743743896484E-01 2.803811058402061462E-02
 1.923125088214874268E-01 2.804470434784889221E-02
 1.923721432685852051E-01 2.805129624903202057E-02
 1.924317777156829834E-01 2.805788815021514893E-02
 1.924914270639419556E-01 2.806447632610797882E-02
 1.925510615110397339E-01 2.807106450200080872E-02
 1.926106959581375122E-01 2.807765267789363861E-02
 1.926703304052352905E-01 2.808423712849617004E-02
 1.927299648523330688E-01 2.809082157909870148E-02
 1.927896142005920410E-01 2.809740416705608368E-02
 1.928492486476898193E-01 2.810398675501346588E-02
 1.929088830947875977E-01 2.811056748032569885E-02
 1.929685175418853760E-01 2.811714634299278259E-02
 1.930281668901443481E-01 2.812372520565986633E-02
 1.930878013372421265E-01 2.813030034303665161E-02
 1.931474357843399048E-01 2.813687734305858612E-02
 1.932070702314376831E-01 2.814345061779022217E-02
 1.932667195796966553E-01 2.815002389252185822E-02
 1.933263540267944336E-01 2.815659530460834503E-02
 1.933859884738922119E-01 2.816316485404968262E-02
 1.934456378221511841E-01 2.816973440349102020E-02
 1.935052722692489624E-01 2.817630209028720856E-02
 1.935649067163467407E-01 2.818286791443824768E-02
 1.936245560646057129E-01 2.818943373858928680E-02
 1.936841905117034912E-01 2.819599770009517670E-02
 1.937438249588012695E-01 2.820255979895591736E-02
 1.938034743070602417E-01 2.820912189781665802E-02
 1.938631087541580200E-01 2.821568213403224945E-02
 1.939227581024169922E-01 2.822224050760269165E-02
 1.939823925495147705E-01 2.822879701852798462E-02
 1.940420269966125488E-01 2.823535352945327759E-02
 1.941016763448715210E-01 2.824190817773342133E-02
 1.941613107919692993E-01 2.824846282601356506E-02
 1.942209601402282715E-01 2.825501561164855957E-02
 1.942805945873260498E-01 2.826156653463840485E-02
 1.943402439355850220E-01 2.826811559498310089E-02
 1.943998783826828003E-01 2.827466465532779694E-02
 1.944595277309417725E-01 2.828121185302734375E-02
 1.945191621780395508E-01 2.828775718808174133E-02
 1.945788115262985229E-01 2.829430252313613892E-02
 1.946384459733963013E-01 2.830084599554538727E-02
 1.946980953216552734E-01 2.830738760530948639E-02
 1.947577297687530518E-01 2.831392921507358551E-02
 1.948173791170120239E-01 2.832046896219253540E-02
 1.948770135641098022E-01 2.832700684666633606E-02
 1.949366629123687744E-01 2.833354473114013672E-02
 1.949962973594665527E-01 2.834008075296878815E-02
 1.950559467077255249E-01 2.834661491215229034E-02
 1.951155960559844971E-01 2.835314720869064331E-02
 1.951752305030822754E-01 2.835967950522899628E-02
 1.952348798513412476E-01 2.836620993912220001E-02
 1.952945142984390259E-01 2.837274037301540375E-02
 1.953541636466979980E-01 2.837926708161830902E-02
 1.954138129949569702E-01 2.838579565286636353E-02
 1.954734474420547485E-01 2.839232049882411957E-02
 1.955330967903137207E-01 2.839884534478187561E-02
 1.955927461385726929E-01 2.840536832809448242E-02
 1.956523805856704712E-01 2.841188944876194000E-02
 1.957120299339294434E-01 2.841841056942939758E-02
 1.957716792821884155E-01 2.842492982745170593E-02
 1.958313137292861938E-01 2.843144722282886505E-02
 1.958909630775451660E-01 2.843796275556087494E-02
 1.959506124258041382E-01 2.844447828829288483E-02
 1.960102617740631104E-01 2.845099195837974548E-02
 1.960698962211608887E-01 2.845750562846660614E-02
 1.961295455694198608E-01 2.846401743590831757E-02
 1.961891949176788330E-01 2.847052738070487976E-02
 1.962488442659378052E-01 2.847703546285629272E-02
 1.963084787130355835E-01 2.848354354500770569E-02
 1.963681280612945557E-01 2.849004976451396942E-02
 1.964277774095535278E-01 2.849655598402023315E-02
 1.964874267578125000E-01 2.850305847823619843E-02
 1.965470761060714722E-01 2.850956097245216370E-02
 1.966067105531692505E-01 2.851606346666812897E-02
 1.966663599014282227E-01 2.852256223559379578E-02
 1.967260092496871948E-01 2.852906100451946259E-02
 1.967856585979461670E-01 2.853555977344512939E-02
 1.968453079462051392E-01 2.854205481708049774E-02
 1.969049572944641113E-01 2.854854986071586609E-02
 1.969646066427230835E-01 2.855504304170608521E-02
 1.970242410898208618E-01 2.856153622269630432E-02
 1.970838904380798340E-01 2.856802754104137421E-02
 1.971435397863388062E-01 2.857451699674129486E-02
 1.972031891345977783E-01 2.858100645244121552E-02
 1.972628384828567505E-01 2.858749218285083771E-02
 1.973224878311157227E-01 2.859397791326045990E-02
 1.973821371793746948E-01 2.860046364367008209E-02
 1.974417865276336670E-01 2.860694751143455505E-02
 1.975014358758926392E-01 2.861342951655387878E-02
 1.975610852241516113E-01 2.861990965902805328E-02
 1.976207345724105835E-01 2.862638980150222778E-02
 1.976803839206695557E-01 2.863286808133125305E-02
 1.977400332689285278E-01 2.863934449851512909E-02
 1.977996826171875000E-01 2.864582091569900513E-02
 1.978593319654464722E-01 2.865229547023773193E-02
 1.979189813137054443E-01 2.865876816213130951E-02
 1.979786306619644165E-01 2.866523899137973785E-02
 1.980382800102233887E-01 2.867170982062816620E-02
 1.980979293584823608E-01 2.867818064987659454E-02
 1.981575787067413330E-01 2.868464775383472443E-02
 1.982172280550003052E-01 2.869111485779285431E-02
 1.982768774032592773E-01 2.869758009910583496E-02
 1.983365267515182495E-01 2.870404347777366638E-02
 1.983961910009384155E-01 2.871050685644149780E-02
 1.984558403491973877E-01 2.871696837246417999E-02
 1.985154896974563599E-01 2.872342988848686218E-02
 1.985751390457153320E-01 2.872988767921924591E-02
 1.986347883939743042E-01 2.873634546995162964E-02
 1.986944377422332764E-01 2.874280326068401337E-02
 1.987540870904922485E-01 2.874925732612609863E-02
 1.988137513399124146E-01 2.875571139156818390E-02
 1.988734006881713867E-01 2.876216545701026917E-02
 1.989330500364303589E-01 2.876861579716205597E-02
 1.989926993846893311E-01 2.877506613731384277E-02
 1.990523487329483032E-01 2.878151461482048035E-02
 1.991120129823684692E-01 2.878796309232711792E-02
 1.991716623306274414E-01 2.879440970718860626E-02
 1.992313116788864136E-01 2.880085445940494537E-02
 1.992909610271453857E-01 2.880729734897613525E-02
 1.993506103754043579E-01 2.881374023854732513E-02
 1.994102746248245239E-01 2.882018126547336578E-02
 1.994699239730834961E-01 2.882662229239940643E-02
 1.995295733213424683E-01 2.883305959403514862E-02
 1.995892375707626343E-01 2.883949689567089081E-02
 1.996488869190216064E-01 2.884593419730663300E-02
 1.997085362672805786E-01 2.885236777365207672E-02
 1.997681856155395508E-01 2.885880134999752045E-02
 1.998278498649597168E-01 2.886523492634296417E-02
 1.998874992132186890E-01 2.887166477739810944E-02
 1.999471485614776611E-01 2.887809462845325470E-02
 2.000068128108978271E-01 2.888452261686325073E-02
 2.000664621591567993E-01 2.889095060527324677E-02
 2.001261264085769653E-01 2.889737673103809357E-02
 2.001857757568359375E-01 2.890380099415779114E-02
 2.002454251050949097E-01 2.891022339463233948E-02
 2.003050893545150757E-01 2.891664579510688782E-02
 2.003647387027740479E-01 2.892306633293628693E-02
 2.004244029521942139E-01 2.892948687076568604E-02
 2.004840523004531860E-01 2.893590554594993591E-02
 2.005437016487121582E-01 2.894232235848903656E-02
 2.006033658981323242E-01 2.894873730838298798E-02
 2.006630152463912964E-01 2.895515225827693939E-02
 2.007226794958114624E-01 2.896156534552574158E-02
 2.007823288440704346E-01 2.896797657012939453E-02
 2.008419930934906006E-01 2.897438779473304749E-02
 2.009016424417495728E-01 2.898079715669155121E-02
 2.009613066911697388E-01 2.898720465600490570E-02
 2.010209560394287109E-01 2.899361029267311096E-02
 2.010806202888488770E-01 2.900001592934131622E-02
 2.011402696371078491E-01 2.900641970336437225E-02
 2.011999338865280151E-01 2.901282347738742828E-02
 2.012595832347869873E-01 2.901922538876533508E-02
 2.013192474842071533E-01 2.902562543749809265E-02
 2.013789117336273193E-01 2.903202362358570099E-02
 2.014385610818862915E-01 2.903842180967330933E-02
 2.014982253313064575E-01 2.904481813311576843E-02
 2.015578746795654297E-01 2.905121445655822754E-02
 2.016175389289855957E-01 2.905760705471038818E-02
 2.016772031784057617E-01 2.906399965286254883E-02
 2.017368525266647339E-01 2.907039225101470947E-02
 2.017965167760848999E-01 2.907678112387657166E-02
 2.018561661243438721E-01 2.908316999673843384E-02
 2.019158303737640381E-01 2.908955886960029602E-02
 2.019754946231842041E-01 2.909594401717185974E-02
 2.020351439714431763E-01 2.910232916474342346E-02
 2.020948082208633423E-01 2.910871244966983795E-02
 2.021544724702835083E-01 2.911509573459625244E-02
 2.022141218185424805E-01 2.912147715687751770E-02
 2.022737860679626465E-01 2.912785671651363373E-02
 2.023334503173828125E-01 2.913423441350460052E-02
 2.023931145668029785E-01 2.914061211049556732E-02
 2.024527639150619507E-01 2.914698794484138489E-02
 2.025124281644821167E-01 2.915336377918720245E-02
 2.025720924139022827E-01 2.915973588824272156E-02
 2.026317566633224487E-01 2.916610799729824066E-02
 2.026914060115814209E-01 2.917248010635375977E-02
 2.027510702610015869E-01 2.917884849011898041E-02
 2.028107345104217529E-01 2.918521687388420105E-02
 2.028703987598419189E-01 2.919158525764942169E-02
 2.029300630092620850E-01 2.919794991612434387E-02
 2.029897123575210571E-01 2.920431457459926605E-02
 2.030493766069412231E-01 2.921067737042903900E-02
 2.031090408563613892E-01 2.921704016625881195E-02
 2.031687051057815552E-01 2.922340109944343567E-02
 2.032283693552017212E-01 2.922976016998291016E-02
 2.032880336046218872E-01 2.923611924052238464E-02
 2.033476829528808594E-01 2.924247458577156067E-02
 2.034073472023010254E-01 2.924882993102073669E-02
 2.034670114517211914E-01 2.925518527626991272E-02
 2.035266757011413574E-01 2.926153875887393951E-02
 2.035863399505615234E-01 2.926789037883281708E-02
 2.036460041999816895E-01 2.927424013614654541E-02
 2.037056684494018555E-01 2.928058989346027374E-02
 2.037653326988220215E-01 2.928693778812885284E-02
 2.038249969482421875E-01 2.929328382015228271E-02
 2.038846611976623535E-01 2.929962985217571259E-02
 2.039443254470825195E-01 2.930597402155399323E-02
 2.040039896965026855E-01 2.931231632828712463E-02
 2.040636539459228516E-01 2.931865677237510681E-02
 2.041233181953430176E-01 2.932499721646308899E-02
 2.041829824447631836E-01 2.933133766055107117E-02
 2.042426466941833496E-01 2.933767437934875488E-02
 2.043023109436035156E-01 2.934401109814643860E-02
 2.043619751930236816E-01 2.935034595429897308E-02
 2.044216394424438477E-01 2.935667894780635834E-02
 2.044813036918640137E-01 2.936301194131374359E-02
 2.045409679412841797E-01 2.936934307217597961E-02
 2.046006321907043457E-01 2.937567420303821564E-02
 2.046602964401245117E-01 2.938200160861015320E-02
 2.047199606895446777E-01 2.938832901418209076E-02
 2.047796249389648438E-01 2.939465641975402832E-02
 2.048392891883850098E-01 2.940098010003566742E-02
 2.048989534378051758E-01 2.940730378031730652E-02
 2.049586176872253418E-01 2.941362746059894562E-02
 2.050182819366455078E-01 2.941994741559028625E-02
 2.050779610872268677E-01 2.942626737058162689E-02
 2.051376253366470337E-01 2.943258546292781830E-02
 2.051972895860671997E-01 2.943890355527400970E-02
 2.052569538354873657E-01 2.944521978497505188E-02
 2.053166180849075317E-01 2.945153415203094482E-02
 2.053762823343276978E-01 2.945784665644168854E-02
 2.054359614849090576E-01 2.946415916085243225E-02
 2.054956257343292236E-01 2.947046980261802673E-02
 2.055552899837493896E-01 2.947678044438362122E-02
 2.056149542331695557E-01 2.948308736085891724E-02
 2.056746184825897217E-01 2.948939427733421326E-02
 2.057342976331710815E-01 2.949570119380950928E-02
 2.057939618825912476E-01 2.950200438499450684E-02
 2.058536261320114136E-01 2.950830757617950439E-02
 2.059132903814315796E-01 2.951461076736450195E-02
 2.059729695320129395E-01 2.952091023325920105E-02
 2.060326337814331055E-01 2.952720969915390015E-02
 2.060922980308532715E-01 2.953350730240345001E-02
 2.061519771814346313E-01 2.953980490565299988E-02
 2.062116414308547974E-01 2.954610064625740051E-02
 2.062713056802749634E-01 2.955239452421665192E-02
 2.063309848308563232E-01 2.955868653953075409E-02
 2.063906490802764893E-01 2.956497855484485626E-02
 2.064503133296966553E-01 2.957126870751380920E-02
 2.065099924802780151E-01 2.957755886018276215E-02
 2.065696567296981812E-01 2.958384715020656586E-02
 2.066293209791183472E-01 2.959013357758522034E-02
 2.066890001296997070E-01 2.959641814231872559E-02
 2.067486643791198730E-01 2.960270270705223083E-02
 2.068083286285400391E-01 2.960898540914058685E-02
 2.068680077791213989E-01 2.961526624858379364E-02
 2.069276720285415649E-01 2.962154708802700043E-02
 2.069873511791229248E-01 2.962782606482505798E-02
 2.070470154285430908E-01 2.963410317897796631E-02
 2.071066945791244507E-01 2.964037843048572540E-02
 2.071663588285446167E-01 2.964665368199348450E-02
 2.072260230779647827E-01 2.965292707085609436E-02
 2.072857022285461426E-01 2.965920045971870422E-02
 2.073453664779663086E-01 2.966547198593616486E-02
 2.074050456285476685E-01 2.967174164950847626E-02
 2.074647098779678345E-01 2.967800945043563843E-02
 2.075243890285491943E-01 2.968427725136280060E-02
 2.075840532779693604E-01 2.969054318964481354E-02
 2.076437324285507202E-01 2.969680912792682648E-02
 2.077033966779708862E-01 2.970307134091854095E-02
 2.077630758285522461E-01 2.970933355391025543E-02
 2.078227549791336060E-01 2.971559576690196991E-02
 2.078824192285537720E-01 2.972185425460338593E-02
 2.079420983791351318E-01 2.972811274230480194E-02
 2.080017626285552979E-01 2.973436936736106873E-02
 2.080614417791366577E-01 2.974062599241733551E-02
 2.081211060285568237E-01 2.974688075482845306E-02
 2.081807851791381836E-01 2.975313365459442139E-02
 2.082404643297195435E-01 2.975938655436038971E-02
 2.083001285791397095E-01 2.976563572883605957E-02
 2.083598077297210693E-01 2.977188676595687866E-02
 2.084194868803024292E-01 2.977813407778739929E-02
 2.084791511297225952E-01 2.978438138961791992E-02
 2.085388302803039551E-01 2.979062683880329132E-02
 2.085985094308853149E-01 2.979687042534351349E-02
 2.086581736803054810E-01 2.980311401188373566E-02
 2.087178528308868408E-01 2.980935573577880859E-02
 2.087775319814682007E-01 2.981559559702873230E-02
 2.088371962308883667E-01 2.982183545827865601E-02
 2.088968753814697266E-01 2.982807345688343048E-02
 2.089565545320510864E-01 2.983430959284305573E-02
 2.090162187814712524E-01 2.984054572880268097E-02
 2.090758979320526123E-01 2.984678000211715698E-02
 2.091355770826339722E-01 2.985301241278648376E-02
 2.091952562332153320E-01 2.985924482345581055E-02
 2.092549204826354980E-01 2.986547350883483887E-02
 2.093145996332168579E-01 2.987170405685901642E-02
 2.093742787837982178E-01 2.987793087959289551E-02
 2.094339579343795776E-01 2.988415770232677460E-02
 2.094936370849609375E-01 2.989038266241550446E-02
 2.095533013343811035E-01 2.989660575985908508E-02
 2.096129804849624634E-01 2.990282885730266571E-02
 2.096726596355438232E-01 2.990905009210109711E-02
 2.097323387861251831E-01 2.991527132689952850E-02
 2.097920179367065430E-01 2.992148883640766144E-02
 2.098516970872879028E-01 2.992770634591579437E-02
 2.099113613367080688E-01 2.993392385542392731E-02
 2.099710404872894287E-01 2.994013763964176178E-02
 2.100307196378707886E-01 2.994635142385959625E-02
 2.100903987884521484E-01 2.995256334543228149E-02
 2.101500779390335083E-01 2.995877526700496674E-02
 2.102097570896148682E-01 2.996498532593250275E-02
 2.102694362401962280E-01 2.997119352221488953E-02
 2.103291153907775879E-01 2.997739985585212708E-02
 2.103887945413589478E-01 2.998360618948936462E-02
 2.104484736919403076E-01 2.998981066048145294E-02
 2.105081528425216675E-01 2.999601513147354126E-02
 2.105678319931030273E-01 3.000221773982048035E-02
 2.106275111436843872E-01 3.000841848552227020E-02
 2.106871753931045532E-01 3.001461736857891083E-02
 2.107468545436859131E-01 3.002081625163555145E-02
 2.108065336942672729E-01 3.002701327204704285E-02
 2.108662128448486328E-01 3.003320842981338501E-02
 2.109258919954299927E-01 3.003940358757972717E-02
 2.109855860471725464E-01 3.004559688270092010E-02
 2.110452651977539062E-01 3.005178831517696381E-02
 2.111049443483352661E-01 3.005797788500785828E-02
 2.111646234989166260E-01 3.006416745483875275E-02
 2.112243026494979858E-01 3.007035516202449799E-02
 2.112839818000793457E-01 3.007654286921024323E-02
 2.113436609506607056E-01 3.008272871375083923E-02
 2.114033401012420654E-01 3.008891269564628601E-02
 2.114630192518234253E-01 3.009509481489658356E-02
 2.115226984024047852E-01 3.010127693414688110E-02
 2.115823775529861450E-01 3.010745719075202942E-02
 2.116420567035675049E-01 3.011363744735717773E-02
 2.117017507553100586E-01 3.011981397867202759E-02
 2.117614299058914185E-01 3.012599050998687744E-02
 2.118211090564727783E-01 3.013216704130172729E-02
 2.118807882070541382E-01 3.013833984732627869E-02
 2.119404673576354980E-01 3.014451265335083008E-02
 2.120001465082168579E-01 3.015068545937538147E-02
 2.120598256587982178E-01 3.015685454010963440E-02
 2.121195197105407715E-01 3.016302362084388733E-02
 2.121791988611221313E-01 3.016919083893299103E-02
 2.122388780117034912E-01 3.017535805702209473E-02
 2.122985571622848511E-01 3.018152341246604919E-02
 2.123582512140274048E-01 3.018768690526485443E-02
 2.124179303646087646E-01 3.019384853541851044E-02
 2.124776095151901245E-01 3.020001016557216644E-02
 2.125372886657714844E-01 3.020616993308067322E-02
 2.125969827175140381E-01 3.021232970058917999E-02
 2.126566618680953979E-01 3.021848574280738831E-02
 2.127163410186767578E-01 3.022464178502559662E-02
 2.127760201692581177E-01 3.023079782724380493E-02
 2.128357142210006714E-01 3.023695014417171478E-02
 2.128953933715820312E-01 3.024310246109962463E-02
 2.129550725221633911E-01 3.024925477802753448E-02
 2.130147665739059448E-01 3.025540336966514587E-02
 2.130744457244873047E-01 3.026155196130275726E-02
 2.131341248750686646E-01 3.026769869029521942E-02
 2.131938189268112183E-01 3.027384541928768158E-02
 2.132534980773925781E-01 3.027999028563499451E-02
 2.133131772279739380E-01 3.028613328933715820E-02
 2.133728712797164917E-01 3.029227443039417267E-02
 2.134325504302978516E-01 3.029841557145118713E-02
 2.134922444820404053E-01 3.030455484986305237E-02
 2.135519236326217651E-01 3.031069412827491760E-02
 2.136116027832031250E-01 3.031682968139648438E-02
 2.136712968349456787E-01 3.032296709716320038E-02
 2.137309759855270386E-01 3.032910078763961792E-02
 2.137906700372695923E-01 3.033523447811603546E-02
 2.138503491878509521E-01 3.034136630594730377E-02
 2.139100432395935059E-01 3.034749627113342285E-02
 2.139697223901748657E-01 3.035362437367439270E-02
 2.140294164419174194E-01 3.035975247621536255E-02
 2.140890955924987793E-01 3.036588057875633240E-02
 2.141487896442413330E-01 3.037200495600700378E-02
 2.142084687948226929E-01 3.037812933325767517E-02
 2.142681628465652466E-01 3.038425184786319733E-02
 2.143278419971466064E-01 3.039037436246871948E-02
 2.143875360488891602E-01 3.039649501442909241E-02
 2.144472151994705200E-01 3.040261380374431610E-02
 2.145069092512130737E-01 3.040873073041439056E-02
 2.145665884017944336E-01 3.041484765708446503E-02
 2.146262824535369873E-01 3.042096272110939026E-02
 2.146859616041183472E-01 3.042707592248916626E-02
 2.147456556558609009E-01 3.043318912386894226E-02
 2.148053497076034546E-01 3.043930046260356903E-02
 2.148650288581848145E-01 3.044540993869304657E-02
 2.149247229099273682E-01 3.045151941478252411E-02
 2.149844020605087280E-01 3.045762702822685242E-02
 2.150440961122512817E-01 3.046373277902603149E-02
 2.151037901639938354E-01 3.046983852982521057E-02
 2.151634693145751953E-01 3.047594241797924042E-02
 2.152231633663177490E-01 3.048204444348812103E-02
 2.152828574180603027E-01 3.048814460635185242E-02
 2.153425365686416626E-01 3.049424476921558380E-02
 2.154022306203842163E-01 3.050034306943416595E-02
 2.154619246721267700E-01 3.050644136965274811E-02
 2.155216038227081299E-01 3.051253780722618103E-02
 2.155812978744506836E-01 3.051863238215446472E-02
 2.156409919261932373E-01 3.052472509443759918E-02
 2.157006710767745972E-01 3.053081780672073364E-02
 2.157603651285171509E-01 3.053690865635871887E-02
 2.158200591802597046E-01 3.054299764335155487E-02
 2.158797532320022583E-01 3.054908663034439087E-02
 2.159394323825836182E-01 3.055517375469207764E-02
 2.159991264343261719E-01 3.056125901639461517E-02
 2.160588204860687256E-01 3.056734241545200348E-02
 2.161185145378112793E-01 3.057342581450939178E-02
 2.161782085895538330E-01 3.057950921356678009E-02
 2.162378877401351929E-01 3.058558888733386993E-02
 2.162975817918777466E-01 3.059166856110095978E-02
 2.163572758436203003E-01 3.059774637222290039E-02
 2.164169698953628540E-01 3.060382418334484100E-02
 2.164766639471054077E-01 3.060989826917648315E-02
 2.165363430976867676E-01 3.061597235500812531E-02
 2.165960371494293213E-01 3.062204644083976746E-02
 2.166557312011718750E-01 3.062811866402626038E-02
 2.167154252529144287E-01 3.063418902456760406E-02
 2.167751193046569824E-01 3.064025752246379852E-02
 2.168348133563995361E-01 3.064632602035999298E-02
 2.168945074081420898E-01 3.065239265561103821E-02
 2.169542014598846436E-01 3.065845742821693420E-02
 2.170138955116271973E-01 3.066452033817768097E-02
 2.170735746622085571E-01 3.067058324813842773E-02
 2.171332687139511108E-01 3.067664615809917450E-02
 2.171929627656936646E-01 3.068270534276962280E-02
 2.172526568174362183E-01 3.068876452744007111E-02
 2.173123508691787720E-01 3.069482184946537018E-02
 2.173720449209213257E-01 3.070087917149066925E-02
 2.174317389726638794E-01 3.070693276822566986E-02
 2.174914330244064331E-01 3.071298822760581970E-02
 2.175511270761489868E-01 3.071903996169567108E-02
 2.176108211278915405E-01 3.072509169578552246E-02
 2.176705151796340942E-01 3.073114156723022461E-02
 2.177302092313766479E-01 3.073718957602977753E-02
 2.177899032831192017E-01 3.074323758482933044E-02
 2.178495973348617554E-01 3.074928373098373413E-02
 2.179092913866043091E-01 3.075532801449298859E-02
 2.179689854383468628E-01 3.076137229800224304E-02
 2.180286794900894165E-01 3.076741471886634827E-02
 2.180883735418319702E-01 3.077345527708530426E-02
 2.181480824947357178E-01 3.077949397265911102E-02
 2.182077765464782715E-01 3.078553266823291779E-02
 2.182674705982208252E-01 3.079156950116157532E-02
 2.183271646499633789E-01 3.079760633409023285E-02
 2.183868587017059326E-01 3.080364130437374115E-02
 2.184465527534484863E-01 3.080967441201210022E-02
 2.185062468051910400E-01 3.081570565700531006E-02
 2.185659408569335938E-01 3.082173690199851990E-02
 2.186256498098373413E-01 3.082776628434658051E-02
 2.186853438615798950E-01 3.083379380404949188E-02
 2.187450379133224487E-01 3.083982132375240326E-02
 2.188047319650650024E-01 3.084584698081016541E-02
 2.188644260168075562E-01 3.085187077522277832E-02
 2.189241200685501099E-01 3.085789456963539124E-02
 2.189838290214538574E-01 3.086391650140285492E-02
 2.190435230731964111E-01 3.086993657052516937E-02
 2.191032171249389648E-01 3.087595663964748383E-02
 2.191629111766815186E-01 3.088197484612464905E-02
 2.192226052284240723E-01 3.088799118995666504E-02
 2.192823141813278198E-01 3.089400567114353180E-02
 2.193420082330703735E-01 3.090002015233039856E-02
 2.194017022848129272E-01 3.090603277087211609E-02
 2.194614112377166748E-01 3.091204538941383362E-02
 2.195211052894592285E-01 3.091805614531040192E-02
 2.195807993412017822E-01 3.092406503856182098E-02
 2.196404933929443359E-01 3.093007206916809082E-02
 2.197002023458480835E-01 3.093607909977436066E-02
 2.197598963975906372E-01 3.094208426773548126E-02
 2.198195904493331909E-01 3.094808757305145264E-02
 2.198792994022369385E-01 3.095409087836742401E-02
 2.199389934539794922E-01 3.096009232103824615E-02
 2.199986875057220459E-01 3.096609190106391907E-02
 2.200583964586257935E-01 3.097208961844444275E-02
 2.201180905103683472E-01 3.097808733582496643E-02
 2.201777845621109009E-01 3.098408505320549011E-02
 2.202374935150146484E-01 3.099007904529571533E-02
 2.202971875667572021E-01 3.099607303738594055E-02
 2.203568965196609497E-01 3.100206516683101654E-02
 2.204165905714035034E-01 3.100805729627609253E-02
 2.204762846231460571E-01 3.101404570043087006E-02
 2.205359935760498047E-01 3.102003410458564758E-02
 2.205956876277923584E-01 3.102602250874042511E-02
 2.206553965806961060E-01 3.103200905025005341E-02
 2.207150906324386597E-01 3.103799372911453247E-02
 2.207747995853424072E-01 3.104397654533386230E-02
 2.208344936370849609E-01 3.104995936155319214E-02
 2.208942025899887085E-01 3.105593845248222351E-02
 2.209538966417312622E-01 3.106191940605640411E-02
 2.210136055946350098E-01 3.106789663434028625E-02
 2.210732996463775635E-01 3.107387386262416840E-02
 2.211330085992813110E-01 3.107984922826290131E-02
 2.211927026510238647E-01 3.108582459390163422E-02
 2.212524116039276123E-01 3.109179809689521790E-02
 2.213121056556701660E-01 3.109776973724365234E-02
 2.213718146085739136E-01 3.110373951494693756E-02
 2.214315086603164673E-01 3.110970929265022278E-02
 2.214912176132202148E-01 3.111567720770835876E-02
 2.215509116649627686E-01 3.112164512276649475E-02
 2.216106206178665161E-01 3.112760931253433228E-02
 2.216703295707702637E-01 3.113357350230216980E-02
 2.217300236225128174E-01 3.113953769207000732E-02
 2.217897325754165649E-01 3.114550001919269562E-02
 2.218494266271591187E-01 3.115145862102508545E-02
 2.219091355800628662E-01 3.115741908550262451E-02
 2.219688445329666138E-01 3.116337582468986511E-02
 2.220285385847091675E-01 3.116933256387710571E-02
 2.220882475376129150E-01 3.117528930306434631E-02
 2.221479564905166626E-01 3.118124231696128845E-02
 2.222076505422592163E-01 3.118719533085823059E-02
 2.222673594951629639E-01 3.119314648211002350E-02
 2.223270684480667114E-01 3.119909763336181641E-02
 2.223867624998092651E-01 3.120504505932331085E-02
 2.224464714527130127E-01 3.121099248528480530E-02
 2.225061804056167603E-01 3.121693991124629974E-02
 2.225658744573593140E-01 3.122288547456264496E-02
 2.226255834102630615E-01 3.122882917523384094E-02
 2.226852923631668091E-01 3.123477101325988770E-02
 2.227450013160705566E-01 3.124071285128593445E-02
 2.228046953678131104E-01 3.124665282666683197E-02
 2.228644043207168579E-01 3.125258907675743103E-02
 2.229241132736206055E-01 3.125852718949317932E-02
 2.229838222265243530E-01 3.126446530222892761E-02
 2.230435162782669067E-01 3.127039968967437744E-02
 2.231032252311706543E-01 3.127633407711982727E-02
 2.231629341840744019E-01 3.128226473927497864E-02
 2.232226431369781494E-01 3.128819540143013000E-02
 2.232823520898818970E-01 3.129412606358528137E-02
 2.233420610427856445E-01 3.130005300045013428E-02
 2.234017550945281982E-01 3.130597993731498718E-02
 2.234614640474319458E-01 3.131190687417984009E-02
 2.235211730003356934E-01 3.131783008575439453E-02
 2.235808819532394409E-01 3.132375702261924744E-02
 2.236405909061431885E-01 3.132967650890350342E-02
 2.237002998590469360E-01 3.133559972047805786E-02
 2.237600088119506836E-01 3.134151920676231384E-02
 2.238197028636932373E-01 3.134743496775627136E-02
 2.238794118165969849E-01 3.135335072875022888E-02
 2.239391207695007324E-01 3.135926648974418640E-02
 2.239988297224044800E-01 3.136518225073814392E-02
 2.240585386753082275E-01 3.137109428644180298E-02
 2.241182476282119751E-01 3.137700632214546204E-02
 2.241779565811157227E-01 3.138291835784912109E-02
 2.242376655340194702E-01 3.138882666826248169E-02
 2.242973744869232178E-01 3.139473497867584229E-02
 2.243570834398269653E-01 3.140064328908920288E-02
 2.244167923927307129E-01 3.140654787421226501E-02
 2.244765013456344604E-01 3.141245245933532715E-02
 2.245362102985382080E-01 3.141835331916809082E-02
 2.245959192514419556E-01 3.142425417900085449E-02
 2.246556282043457031E-01 3.143015503883361816E-02
 2.247153371572494507E-01 3.143605589866638184E-02
 2.247750461101531982E-01 3.144195303320884705E-02
 2.248347550630569458E-01 3.144785016775131226E-02
 2.248944640159606934E-01 3.145374357700347900E-02
 2.249541729688644409E-01 3.145963698625564575E-02
 2.250138819217681885E-01 3.146553039550781250E-02
 2.250735908746719360E-01 3.147142380475997925E-02
 2.251332998275756836E-01 3.147731348872184753E-02
 2.251930087804794312E-01 3.148319944739341736E-02
 2.252527326345443726E-01 3.148908913135528564E-02
 2.253124415874481201E-01 3.149497509002685547E-02
 2.253721505403518677E-01 3.150086104869842529E-02
 2.254318594932556152E-01 3.150674328207969666E-02
 2.254915684461593628E-01 3.151262551546096802E-02
 2.255512773990631104E-01 3.151850774884223938E-02
 2.256109863519668579E-01 3.152438625693321228E-02
 2.256706953048706055E-01 3.153026476502418518E-02
 2.257304191589355469E-01 3.153614327311515808E-02
 2.257901281118392944E-01 3.154201805591583252E-02
 2.258498370647430420E-01 3.154789283871650696E-02
 2.259095460176467896E-01 3.155376762151718140E-02
 2.259692549705505371E-01 3.155963867902755737E-02
 2.260289788246154785E-01 3.156550973653793335E-02
 2.260886877775192261E-01 3.157138079404830933E-02
 2.261483967304229736E-01 3.157724812626838684E-02
 2.262081056833267212E-01 3.158311545848846436E-02
 2.262678295373916626E-01 3.158897906541824341E-02
 2.263275384902954102E-01 3.159484639763832092E-02
 2.263872474431991577E-01 3.160070627927780151E-02
 2.264469563961029053E-01 3.160656988620758057E-02
 2.265066802501678467E-01 3.161242976784706116E-02
 2.265663892030715942E-01 3.161828964948654175E-02
 2.266260981559753418E-01 3.162414953112602234E-02
 2.266858071088790894E-01 3.163000568747520447E-02
 2.267455309629440308E-01 3.163586184382438660E-02
 2.268052399158477783E-01 3.164171427488327026E-02
 2.268649488687515259E-01 3.164756670594215393E-02
 2.269246727228164673E-01 3.165341913700103760E-02
 2.269843816757202148E-01 3.165926784276962280E-02
 2.270440906286239624E-01 3.166512027382850647E-02
 2.271038144826889038E-01 3.167096525430679321E-02
 2.271635234355926514E-01 3.167681396007537842E-02
 2.272232472896575928E-01 3.168265894055366516E-02
 2.272829562425613403E-01 3.168850392103195190E-02
 2.273426651954650879E-01 3.169434517621994019E-02
 2.274023890495300293E-01 3.170018643140792847E-02
 2.274620980024337769E-01 3.170602768659591675E-02
 2.275218218564987183E-01 3.171186521649360657E-02
 2.275815308094024658E-01 3.171770274639129639E-02
 2.276412397623062134E-01 3.172354027628898621E-02
 2.277009636163711548E-01 3.172937408089637756E-02
 2.277606725692749023E-01 3.173520788550376892E-02
 2.278203964233398438E-01 3.174104169011116028E-02
 2.278801053762435913E-01 3.174687176942825317E-02
 2.279398292303085327E-01 3.175270184874534607E-02
 2.279995381832122803E-01 3.175853192806243896E-02
 2.280592620372772217E-01 3.176435828208923340E-02
 2.281189709901809692E-01 3.177018463611602783E-02
 2.281786948442459106E-01 3.177600726485252380E-02
 2.282384037971496582E-01 3.178183361887931824E-02
 2.282981276512145996E-01 3.178765624761581421E-02
 2.283578366041183472E-01 3.179347515106201172E-02
 2.284175604581832886E-01 3.179929405450820923E-02
 2.284772694110870361E-01 3.180511295795440674E-02
 2.285369932651519775E-01 3.181093186140060425E-02
 2.285967171192169189E-01 3.181674703955650330E-02
 2.286564260721206665E-01 3.182256221771240234E-02
 2.287161499261856079E-01 3.182837367057800293E-02
 2.287758588790893555E-01 3.183418512344360352E-02
 2.288355827331542969E-01 3.183999657630920410E-02
 2.288953065872192383E-01 3.184580802917480469E-02
 2.289550155401229858E-01 3.185161575675010681E-02
 2.290147393941879272E-01 3.185742348432540894E-02
 2.290744483470916748E-01 3.186322748661041260E-02
 2.291341722011566162E-01 3.186903148889541626E-02
 2.291938960552215576E-01 3.187483549118041992E-02
 2.292536050081253052E-01 3.188063576817512512E-02
 2.293133288621902466E-01 3.188643604516983032E-02
 2.293730527162551880E-01 3.189223632216453552E-02
 2.294327616691589355E-01 3.189803287386894226E-02
 2.294924855232238770E-01 3.190382942557334900E-02
 2.295522093772888184E-01 3.190962597727775574E-02
 2.296119332313537598E-01 3.191541880369186401E-02
 2.296716421842575073E-01 3.192121163010597229E-02
 2.297313660383224487E-01 3.192700445652008057E-02
 2.297910898923873901E-01 3.193279355764389038E-02
 2.298508137464523315E-01 3.193858265876770020E-02
 2.299105226993560791E-01 3.194437175989151001E-02
 2.299702465534210205E-01 3.195015713572502136E-02
 2.300299704074859619E-01 3.195594251155853271E-02
 2.300896942615509033E-01 3.196172788739204407E-02
 2.301494032144546509E-01 3.196750953793525696E-02
 2.302091270685195923E-01 3.197329118847846985E-02
 2.302688509225845337E-01 3.197906911373138428E-02
 2.303285747766494751E-01 3.198485076427459717E-02
 2.303882986307144165E-01 3.199062868952751160E-02
 2.304480075836181641E-01 3.199640288949012756E-02
 2.305077314376831055E-01 3.200217708945274353E-02
 2.305674552917480469E-01 3.200795128941535950E-02
 2.306271791458129883E-01 3.201372548937797546E-02
 2.306869029998779297E-01 3.201949596405029297E-02
 2.307466268539428711E-01 3.202526643872261047E-02
 2.308063507080078125E-01 3.203103318810462952E-02
 2.308660596609115601E-01 3.203679993748664856E-02
 2.309257835149765015E-01 3.204256668686866760E-02
 2.309855073690414429E-01 3.204832971096038818E-02
 2.310452312231063843E-01 3.205409273505210876E-02
 2.311049550771713257E-01 3.205985575914382935E-02
 2.311646789312362671E-01 3.206561878323554993E-02
 2.312244027853012085E-01 3.207137808203697205E-02
 2.312841266393661499E-01 3.207713365554809570E-02
 2.313438504934310913E-01 3.208289295434951782E-02
 2.314035743474960327E-01 3.208864852786064148E-02
 2.314632982015609741E-01 3.209440410137176514E-02
 2.315230220556259155E-01 3.210015594959259033E-02
 2.315827459096908569E-01 3.210590779781341553E-02
 2.316424697637557983E-01 3.211165964603424072E-02
 2.317021936178207397E-01 3.211740776896476746E-02
 2.317619174718856812E-01 3.212315589189529419E-02
 2.318216413259506226E-01 3.212890028953552246E-02
 2.318813651800155640E-01 3.213464841246604919E-02
 2.319410890340805054E-01 3.214039281010627747E-02
 2.320008128881454468E-01 3.214613348245620728E-02
 2.320605367422103882E-01 3.215187788009643555E-02
 2.321202605962753296E-01 3.215761855244636536E-02
 2.321799844503402710E-01 3.216335549950599670E-02
 2.322397083044052124E-01 3.216909244656562805E-02
 2.322994321584701538E-01 3.217482939362525940E-02
 2.323591560125350952E-01 3.218056634068489075E-02
 2.324188798666000366E-01 3.218629956245422363E-02
 2.324786186218261719E-01 3.219203278422355652E-02
 2.325383424758911133E-01 3.219776228070259094E-02
 2.325980663299560547E-01 3.220349177718162537E-02
 2.326577901840209961E-01 3.220922127366065979E-02
 2.327175140380859375E-01 3.221495077013969421E-02
 2.327772378921508789E-01 3.222067654132843018E-02
 2.328369617462158203E-01 3.222640231251716614E-02
 2.328967005014419556E-01 3.223212435841560364E-02
 2.329564243555068970E-01 3.223784640431404114E-02
 2.330161482095718384E-01 3.224356845021247864E-02
 2.330758720636367798E-01 3.224928677082061768E-02
 2.331355959177017212E-01 3.225500509142875671E-02
 2.331953346729278564E-01 3.226072341203689575E-02
 2.332550585269927979E-01 3.226644173264503479E-02
 2.333147823810577393E-01 3.227215632796287537E-02
 2.333745062351226807E-01 3.227786719799041748E-02
 2.334342300891876221E-01 3.228358179330825806E-02
 2.334939688444137573E-01 3.228929266333580017E-02
 2.335536926984786987E-01 3.229499980807304382E-02
 2.336134165525436401E-01 3.230071067810058594E-02
 2.336731553077697754E-01 3.230641782283782959E-02
 2.337328791618347168E-01 3.231212124228477478E-02
 2.337926030158996582E-01 3.231782838702201843E-02
 2.338523268699645996E-01 3.232353180646896362E-02
 2.339120656251907349E-01 3.232923150062561035E-02
 2.339717894792556763E-01 3.233493119478225708E-02
 2.340315133333206177E-01 3.234063088893890381E-02
 2.340912520885467529E-01 3.234633058309555054E-02
 2.341509759426116943E-01 3.235202655196189880E-02
 2.342106997966766357E-01 3.235772252082824707E-02
 2.342704385519027710E-01 3.236341848969459534E-02
 2.343301624059677124E-01 3.236911073327064514E-02
 2.343898862600326538E-01 3.237480297684669495E-02
 2.344496250152587891E-01 3.238049149513244629E-02
 2.345093488693237305E-01 3.238618001341819763E-02
 2.345690876245498657E-01 3.239186853170394897E-02
 2.346288114786148071E-01 3.239755704998970032E-02
 2.346885353326797485E-01 3.240324184298515320E-02
 2.347482740879058838E-01 3.240892663598060608E-02
 2.348079979419708252E-01 3.241460770368576050E-02
 2.348677366971969604E-01 3.242028877139091492E-02
 2.349274605512619019E-01 3.242596983909606934E-02
 2.349871993064880371E-01 3.243164718151092529E-02
 2.350469231605529785E-01 3.243732452392578125E-02
 2.351066619157791138E-01 3.244300186634063721E-02
 2.351663857698440552E-01 3.244867920875549316E-02
 2.352261245250701904E-01 3.245435282588005066E-02
 2.352858483791351318E-01 3.246002271771430969E-02
 2.353455871343612671E-01 3.246569633483886719E-02
 2.354053109884262085E-01 3.247136622667312622E-02
 2.354650497436523438E-01 3.247703239321708679E-02
 2.355247735977172852E-01 3.248270228505134583E-02
 2.355845123529434204E-01 3.248836845159530640E-02
 2.356442362070083618E-01 3.249403089284896851E-02
 2.357039749622344971E-01 3.249969705939292908E-02
 2.357636988162994385E-01 3.250535950064659119E-02
 2.358234375715255737E-01 3.251101821660995483E-02
 2.358831614255905151E-01 3.251668065786361694E-02
 2.359429001808166504E-01 3.252233564853668213E-02
 2.360026389360427856E-01 3.252799436450004578E-02
 2.360623627901077271E-01 3.253364935517311096E-02
 2.361221015453338623E-01 3.253930434584617615E-02
 2.361818403005599976E-01 3.254495933651924133E-02
 2.362415641546249390E-01 3.255061060190200806E-02
 2.363013029098510742E-01 3.255626186728477478E-02
 2.363610267639160156E-01 3.256190940737724304E-02
 2.364207655191421509E-01 3.256755694746971130E-02
 2.364805042743682861E-01 3.257320448756217957E-02
 2.365402281284332275E-01 3.257885202765464783E-02
 2.365999668836593628E-01 3.258449584245681763E-02
 2.366597056388854980E-01 3.259013965725898743E-02
 2.367194294929504395E-01 3.259577974677085876E-02
 2.367791682481765747E-01 3.260141983628273010E-02
 2.368389070034027100E-01 3.260705992579460144E-02
 2.368986457586288452E-01 3.261270001530647278E-02
 2.369583696126937866E-01 3.261833637952804565E-02
 2.370181083679199219E-01 3.262396901845932007E-02
 2.370778471231460571E-01 3.262960538268089294E-02
 2.371375858783721924E-01 3.263523802161216736E-02
 2.371973097324371338E-01 3.264087066054344177E-02
 2.372570484876632690E-01 3.264649957418441772E-02
 2.373167872428894043E-01 3.265212848782539368E-02
 2.373765259981155396E-01 3.265775740146636963E-02
 2.374362498521804810E-01 3.266338258981704712E-02
 2.374959886074066162E-01 3.266900777816772461E-02
 2.375557273626327515E-01 3.267463296651840210E-02
 2.376154661178588867E-01 3.268025442957878113E-02
 2.376752048730850220E-01 3.268587589263916016E-02
 2.377349287271499634E-01 3.269149363040924072E-02
 2.377946674823760986E-01 3.269711509346961975E-02
 2.378544062376022339E-01 3.270273283123970032E-02
 2.379141449928283691E-01 3.270834684371948242E-02
 2.379738837480545044E-01 3.271396458148956299E-02
 2.380336225032806396E-01 3.271957486867904663E-02
 2.380933612585067749E-01 3.272518888115882874E-02
 2.381530851125717163E-01 3.273079916834831238E-02
 2.382128238677978516E-01 3.273640945553779602E-02
 2.382725626230239868E-01 3.274201974272727966E-02
 2.383323013782501221E-01 3.274762630462646484E-02
 2.383920401334762573E-01 3.275323286652565002E-02
 2.384517788887023926E-01 3.275883570313453674E-02
 2.385115176439285278E-01 3.276443853974342346E-02
 2.385712563991546631E-01 3.277004137635231018E-02
 2.386309951543807983E-01 3.277564421296119690E-02
 2.386907339096069336E-01 3.278124332427978516E-02
 2.387504726648330688E-01 3.278683871030807495E-02
 2.388102114200592041E-01 3.279243782162666321E-02
 2.388699501752853394E-01 3.279803320765495300E-02
 2.389296889305114746E-01 3.280362859368324280E-02
 2.389894276857376099E-01 3.280922025442123413E-02
 2.390491664409637451E-01 3.281481191515922546E-02
 2.391089051961898804E-01 3.282040357589721680E-02
 2.391686439514160156E-01 3.282599151134490967E-02
 2.392283827066421509E-01 3.283157944679260254E-02
 2.392881214618682861E-01 3.283716738224029541E-02
 2.393478602170944214E-01 3.284275159239768982E-02
 2.394075989723205566E-01 3.284833580255508423E-02
 2.394673377275466919E-01 3.285392001271247864E-02
 2.395270764827728271E-01 3.285950049757957458E-02
 2.395868152379989624E-01 3.286508098244667053E-02
 2.396465539932250977E-01 3.287066146731376648E-02
 2.397062927484512329E-01 3.287623822689056396E-02
 2.397660315036773682E-01 3.288181498646736145E-02
 2.398257851600646973E-01 3.288739174604415894E-02
 2.398855239152908325E-01 3.289296478033065796E-02
 2.399452626705169678E-01 3.289853781461715698E-02
 2.400050014257431030E-01 3.290410712361335754E-02
 2.400647401809692383E-01 3.290968015789985657E-02
 2.401244789361953735E-01 3.291524946689605713E-02
 2.401842176914215088E-01 3.292081505060195923E-02
 2.402439713478088379E-01 3.292638063430786133E-02
 2.403037101030349731E-01 3.293194621801376343E-02
 2.403634488582611084E-01 3.293751180171966553E-02
 2.404231876134872437E-01 3.294307366013526917E-02
 2.404829263687133789E-01 3.294863551855087280E-02
 2.405426800251007080E-01 3.295419365167617798E-02
 2.406024187803268433E-01 3.295975178480148315E-02
 2.406621575355529785E-01 3.296530991792678833E-02
 2.407218962907791138E-01 3.297086432576179504E-02
 2.407816350460052490E-01 3.297642245888710022E-02
 2.408413887023925781E-01 3.298197314143180847E-02
 2.409011274576187134E-01 3.298752754926681519E-02
 2.409608662128448486E-01 3.299307823181152344E-02
 2.410206049680709839E-01 3.299862518906593323E-02
 2.410803586244583130E-01 3.300417587161064148E-02
 2.411400973796844482E-01 3.300972282886505127E-02
 2.411998361349105835E-01 3.301526978611946106E-02
 2.412595897912979126E-01 3.302081301808357239E-02
 2.413193285465240479E-01 3.302635625004768372E-02
 2.413790673017501831E-01 3.303189948201179504E-02
 2.414388209581375122E-01 3.303743898868560791E-02
 2.414985597133636475E-01 3.304297849535942078E-02
 2.415582984685897827E-01 3.304851800203323364E-02
 2.416180521249771118E-01 3.305405378341674805E-02
 2.416777908802032471E-01 3.305958956480026245E-02
 2.417375296354293823E-01 3.306512162089347839E-02
 2.417972832918167114E-01 3.307065740227699280E-02
 2.418570220470428467E-01 3.307618945837020874E-02
 2.419167608022689819E-01 3.308171778917312622E-02
 2.419765144586563110E-01 3.308724611997604370E-02
 2.420362532138824463E-01 3.309277445077896118E-02
 2.420960068702697754E-01 3.309830278158187866E-02
 2.421557456254959106E-01 3.310382738709449768E-02
 2.422154992818832397E-01 3.310935199260711670E-02
 2.422752380371093750E-01 3.311487287282943726E-02
 2.423349767923355103E-01 3.312039375305175781E-02
 2.423947304487228394E-01 3.312591463327407837E-02
 2.424544692039489746E-01 3.313143551349639893E-02
 2.425142228603363037E-01 3.313695266842842102E-02
 2.425739616155624390E-01 3.314246982336044312E-02
 2.426337152719497681E-01 3.314798325300216675E-02
 2.426934540271759033E-01 3.315349668264389038E-02
 2.427532076835632324E-01 3.315901011228561401E-02
 2.428129464387893677E-01 3.316451981663703918E-02
 2.428727000951766968E-01 3.317002952098846436E-02
 2.429324388504028320E-01 3.317553922533988953E-02
 2.429921925067901611E-01 3.318104892969131470E-02
 2.430519312620162964E-01 3.318655490875244141E-02
 2.431116849184036255E-01 3.319205716252326965E-02
 2.431714385747909546E-01 3.319756314158439636E-02
 2.432311773300170898E-01 3.320306539535522461E-02
 2.432909309864044189E-01 3.320856392383575439E-02
 2.433506697416305542E-01 3.321406617760658264E-02
 2.434104233980178833E-01 3.321956470608711243E-02
 2.434701621532440186E-01 3.322505950927734375E-02
 2.435299158096313477E-01 3.323055803775787354E-02
 2.435896694660186768E-01 3.323604911565780640E-02
 2.436494082212448120E-01 3.324154391884803772E-02
 2.437091618776321411E-01 3.324703499674797058E-02
 2.437689155340194702E-01 3.325252607464790344E-02
 2.438286542892456055E-01 3.325801715254783630E-02
 2.438884079456329346E-01 3.326350450515747070E-02
 2.439481467008590698E-01 3.326899185776710510E-02
 2.440079003572463989E-01 3.327447548508644104E-02
 2.440676540136337280E-01 3.327996283769607544E-02
 2.441273927688598633E-01 3.328544646501541138E-02
 2.441871464252471924E-01 3.329092636704444885E-02
 2.442469000816345215E-01 3.329640626907348633E-02
 2.443066537380218506E-01 3.330188617110252380E-02
 2.443663924932479858E-01 3.330736234784126282E-02
 2.444261461496353149E-01 3.331284224987030029E-02
 2.444858998060226440E-01 3.331831470131874084E-02
 2.445456385612487793E-01 3.332379087805747986E-02
 2.446053922176361084E-01 3.332926332950592041E-02
 2.446651458740234375E-01 3.333473578095436096E-02
 2.447248995304107666E-01 3.334020450711250305E-02
 2.447846531867980957E-01 3.334567323327064514E-02
 2.448443919420242310E-01 3.335114195942878723E-02
 2.449041455984115601E-01 3.335660696029663086E-02
 2.449638992547988892E-01 3.336207196116447449E-02
 2.450236529111862183E-01 3.336753696203231812E-02
 2.450833916664123535E-01 3.337299823760986328E-02
 2.451431453227996826E-01 3.337845951318740845E-02
 2.452028989791870117E-01 3.338392078876495361E-02
 2.452626526355743408E-01 3.338937833905220032E-02
 2.453224062919616699E-01 3.339483588933944702E-02
 2.453821599483489990E-01 3.340029343962669373E-02
 2.454419136047363281E-01 3.340574726462364197E-02
 2.455016523599624634E-01 3.341120108962059021E-02
 2.455614060163497925E-01 3.341665491461753845E-02
 2.456211596727371216E-01 3.342210501432418823E-02
 2.456809133291244507E-01 3.342755511403083801E-02
 2.457406669855117798E-01 3.343300521373748779E-02
 2.458004206418991089E-01 3.343845158815383911E-02
 2.458601742982864380E-01 3.344389796257019043E-02
 2.459199279546737671E-01 3.344934061169624329E-02
 2.459796816110610962E-01 3.345478326082229614E-02
 2.460394352674484253E-01 3.346022590994834900E-02
 2.460991740226745605E-01 3.346566855907440186E-02
 2.461589276790618896E-01 3.347110748291015625E-02
 2.462186813354492188E-01 3.347654640674591064E-02
 2.462784349918365479E-01 3.348198160529136658E-02
 2.463381886482238770E-01 3.348741680383682251E-02
 2.463979423046112061E-01 3.349285200238227844E-02
 2.464576959609985352E-01 3.349828720092773438E-02
 2.465174496173858643E-01 3.350371867418289185E-02
 2.465772032737731934E-01 3.350915014743804932E-02
 2.466369569301605225E-01 3.351457789540290833E-02
 2.466967105865478516E-01 3.352000564336776733E-02
 2.467564642429351807E-01 3.352543339133262634E-02
 2.468162178993225098E-01 3.353085741400718689E-02
 2.468759715557098389E-01 3.353628143668174744E-02
 2.469357252120971680E-01 3.354170545935630798E-02
 2.469954937696456909E-01 3.354712575674057007E-02
 2.470552474260330200E-01 3.355254605412483215E-02
 2.471150010824203491E-01 3.355796635150909424E-02
 2.471747547388076782E-01 3.356338292360305786E-02
 2.472345083951950073E-01 3.356879949569702148E-02
 2.472942620515823364E-01 3.357421606779098511E-02
 2.473540157079696655E-01 3.357962891459465027E-02
 2.474137693643569946E-01 3.358504176139831543E-02
 2.474735230207443237E-01 3.359045460820198059E-02
 2.475332766771316528E-01 3.359586372971534729E-02
 2.475930452346801758E-01 3.360127285122871399E-02
 2.476527988910675049E-01 3.360668197274208069E-02
 2.477125525474548340E-01 3.361208736896514893E-02
 2.477723062038421631E-01 3.361749276518821716E-02
 2.478320598602294922E-01 3.362289443612098694E-02
 2.478918135166168213E-01 3.362829610705375671E-02
 2.479515820741653442E-01 3.363369777798652649E-02
 2.480113357305526733E-01 3.363909944891929626E-02
 2.480710893869400024E-01 3.364449739456176758E-02
 2.481308430433273315E-01 3.364989534020423889E-02
 2.481905966997146606E-01 3.365528956055641174E-02
 2.482503652572631836E-01 3.366068378090858459E-02
 2.483101189136505127E-01 3.366607800126075745E-02
 2.483698725700378418E-01 3.367147222161293030E-02
 2.484296262264251709E-01 3.367686271667480469E-02
 2.484893947839736938E-01 3.368225321173667908E-02
 2.485491484403610229E-01 3.368763998150825500E-02
 2.486089020967483521E-01 3.369302675127983093E-02
 2.486686557531356812E-01 3.369841352105140686E-02
 2.487284243106842041E-01 3.370379656553268433E-02
 2.487881779670715332E-01 3.370917961001396179E-02
 2.488479316234588623E-01 3.371456265449523926E-02
 2.489077001810073853E-01 3.371994197368621826E-02
 2.489674538373947144E-01 3.372532129287719727E-02
 2.490272074937820435E-01 3.373070061206817627E-02
 2.490869760513305664E-01 3.373607620596885681E-02
 2.491467297077178955E-01 3.374145179986953735E-02
 2.492064833641052246E-01 3.374682739377021790E-02
 2.492662519216537476E-01 3.375219926238059998E-02
 2.493260055780410767E-01 3.375757113099098206E-02
 2.493857592344284058E-01 3.376294299960136414E-02
 2.494455277919769287E-01 3.376831114292144775E-02
 2.495052814483642578E-01 3.377367928624153137E-02
 2.495650351047515869E-01 3.377904742956161499E-02
 2.496248036623001099E-01 3.378441184759140015E-02
 2.496845573186874390E-01 3.378977626562118530E-02
 2.497443258762359619E-01 3.379513695836067200E-02
 2.498040795326232910E-01 3.380049765110015869E-02
 2.498638480901718140E-01 3.380585834383964539E-02
 2.499236017465591431E-01 3.381121903657913208E-02
 2.499833554029464722E-01 3.381657600402832031E-02
 2.500431239604949951E-01 3.382193297147750854E-02
 2.501028776168823242E-01 3.382728621363639832E-02
 2.501626312732696533E-01 3.383263945579528809E-02
 2.502224147319793701E-01 3.383799269795417786E-02
 2.502821683883666992E-01 3.384334594011306763E-02
 2.503419220447540283E-01 3.384869545698165894E-02
 2.504016757011413574E-01 3.385404497385025024E-02
 2.504614591598510742E-01 3.385939076542854309E-02
 2.505212128162384033E-01 3.386473655700683594E-02
 2.505809664726257324E-01 3.387008234858512878E-02
 2.506407201290130615E-01 3.387542441487312317E-02
 2.507005035877227783E-01 3.388076648116111755E-02
 2.507602572441101074E-01 3.388610854744911194E-02
 2.508200109004974365E-01 3.389144688844680786E-02
 2.508797943592071533E-01 3.389678522944450378E-02
 2.509395480155944824E-01 3.390212357044219971E-02
 2.509993016719818115E-01 3.390745818614959717E-02
 2.510590553283691406E-01 3.391279280185699463E-02
 2.511188387870788574E-01 3.391812741756439209E-02
 2.511785924434661865E-01 3.392345830798149109E-02
 2.512383460998535156E-01 3.392878919839859009E-02
 2.512981295585632324E-01 3.393412008881568909E-02
 2.513578832149505615E-01 3.393944725394248962E-02
 2.514176368713378906E-01 3.394477441906929016E-02
 2.514774203300476074E-01 3.395010158419609070E-02
 2.515371739864349365E-01 3.395542502403259277E-02
 2.515969276428222656E-01 3.396074846386909485E-02
 2.516567111015319824E-01 3.396606817841529846E-02
 2.517164647579193115E-01 3.397138789296150208E-02
 2.517762184143066406E-01 3.397670760750770569E-02
 2.518360018730163574E-01 3.398202732205390930E-02
 2.518957555294036865E-01 3.398734331130981445E-02
 2.519555091857910156E-01 3.399265930056571960E-02
 2.520152926445007324E-01 3.399797156453132629E-02
 2.520750463008880615E-01 3.400328382849693298E-02
 2.521347999572753906E-01 3.400859609246253967E-02
 2.521945834159851074E-01 3.401390835642814636E-02
 2.522543370723724365E-01 3.401921689510345459E-02
 2.523140907287597656E-01 3.402452543377876282E-02
 2.523738741874694824E-01 3.402983024716377258E-02
 2.524336278438568115E-01 3.403513506054878235E-02
 2.524934113025665283E-01 3.404043987393379211E-02
 2.525531649589538574E-01 3.404574096202850342E-02
 2.526129186153411865E-01 3.405104205012321472E-02
 2.526727020740509033E-01 3.405634313821792603E-02
 2.527324557304382324E-01 3.406164050102233887E-02
 2.527922391891479492E-01 3.406693786382675171E-02
 2.528519928455352783E-01 3.407223522663116455E-02
 2.529117465019226074E-01 3.407752886414527893E-02
 2.529715299606323242E-01 3.408282250165939331E-02
 2.530312836170196533E-01 3.408811613917350769E-02
 2.530910670757293701E-01 3.409340605139732361E-02
 2.531508207321166992E-01 3.409869596362113953E-02
 2.532105743885040283E-01 3.410398587584495544E-02
 2.532703578472137451E-01 3.410927206277847290E-02
 2.533301115036010742E-01 3.411455824971199036E-02
 2.533898949623107910E-01 3.411984443664550781E-02
 2.534496486186981201E-01 3.412512689828872681E-02
 2.535094320774078369E-01 3.413040935993194580E-02
 2.535691857337951660E-01 3.413568809628486633E-02
 2.536289691925048828E-01 3.414096683263778687E-02
 2.536887228488922119E-01 3.414624556899070740E-02
 2.537485063076019287E-01 3.415152430534362793E-02
 2.538082599639892578E-01 3.415679931640625000E-02
 2.538680136203765869E-01 3.416207432746887207E-02
 2.539277970790863037E-01 3.416734561324119568E-02
 2.539875507354736328E-01 3.417261689901351929E-02
 2.540473341941833496E-01 3.417788818478584290E-02
 2.541070878505706787E-01 3.418315947055816650E-02
 2.541668713092803955E-01 3.418842703104019165E-02
 2.542266249656677246E-01 3.419369459152221680E-02
 2.542864084243774414E-01 3.419895842671394348E-02
 2.543461620807647705E-01 3.420422226190567017E-02
 2.544059455394744873E-01 3.420948609709739685E-02
 2.544656991958618164E-01 3.421474620699882507E-02
 2.545254826545715332E-01 3.422000631690025330E-02
 2.545852363109588623E-01 3.422526642680168152E-02
 2.546450197696685791E-01 3.423052281141281128E-02
 2.547047734260559082E-01 3.423577919602394104E-02
 2.547645568847656250E-01 3.424103558063507080E-02
 2.548243403434753418E-01 3.424628823995590210E-02
 2.548840939998626709E-01 3.425154089927673340E-02
 2.549438774585723877E-01 3.425679355859756470E-02
 2.550036311149597168E-01 3.426204249262809753E-02
 2.550634145736694336E-01 3.426729142665863037E-02
 2.551231682300567627E-01 3.427254036068916321E-02
 2.551829516887664795E-01 3.427778556942939758E-02
 2.552427053451538086E-01 3.428303077816963196E-02
 2.553024888038635254E-01 3.428827598690986633E-02
 2.553622722625732422E-01 3.429351747035980225E-02
 2.554220259189605713E-01 3.429875895380973816E-02
 2.554818093776702881E-01 3.430399671196937561E-02
 2.555415630340576172E-01 3.430923447012901306E-02
 2.556013464927673340E-01 3.431447222828865051E-02
 2.556611001491546631E-01 3.431970998644828796E-02
 2.557208836078643799E-01 3.432494401931762695E-02
 2.557806670665740967E-01 3.433017805218696594E-02
 2.558404207229614258E-01 3.433540835976600647E-02
 2.559002041816711426E-01 3.434063866734504700E-02
 2.559599578380584717E-01 3.434586897492408752E-02
 2.560197412967681885E-01 3.435109928250312805E-02
 2.560795247554779053E-01 3.435632586479187012E-02
 2.561392784118652344E-01 3.436155244708061218E-02
 2.561990618705749512E-01 3.436677530407905579E-02
 2.562588155269622803E-01 3.437199816107749939E-02
 2.563185989856719971E-01 3.437722101807594299E-02
 2.563783824443817139E-01 3.438244014978408813E-02
 2.564381361007690430E-01 3.438765928149223328E-02
 2.564979195594787598E-01 3.439287841320037842E-02
 2.565577030181884766E-01 3.439809381961822510E-02
 2.566174566745758057E-01 3.440330922603607178E-02
 2.566772401332855225E-01 3.440852463245391846E-02
 2.567370235919952393E-01 3.441373631358146667E-02
 2.567967772483825684E-01 3.441894799470901489E-02
 2.568565607070922852E-01 3.442415967583656311E-02
 2.569163441658020020E-01 3.442936763167381287E-02
 2.569760978221893311E-01 3.443457558751106262E-02
 2.570358812808990479E-01 3.443978354334831238E-02
 2.570956647396087646E-01 3.444498777389526367E-02
 2.571554183959960938E-01 3.445019200444221497E-02
 2.572152018547058105E-01 3.445539623498916626E-02
 2.572749853134155273E-01 3.446059674024581909E-02
 2.573347389698028564E-01 3.446579724550247192E-02
 2.573945224285125732E-01 3.447099402546882629E-02
 2.574543058872222900E-01 3.447619080543518066E-02
 2.575140595436096191E-01 3.448138758540153503E-02
 2.575738430023193359E-01 3.448658436536788940E-02
 2.576336264610290527E-01 3.449177742004394531E-02
 2.576934099197387695E-01 3.449697047472000122E-02
 2.577531635761260986E-01 3.450215980410575867E-02
 2.578129470348358154E-01 3.450734913349151611E-02
 2.578727304935455322E-01 3.451253846287727356E-02
 2.579324841499328613E-01 3.451772779226303101E-02
 2.579922676086425781E-01 3.452291339635848999E-02
 2.580520510673522949E-01 3.452809900045394897E-02
 2.581118345260620117E-01 3.453328087925910950E-02
 2.581715881824493408E-01 3.453846275806427002E-02
 2.582313716411590576E-01 3.454364463686943054E-02
 2.582911550998687744E-01 3.454882279038429260E-02
 2.583509385585784912E-01 3.455400094389915466E-02
 2.584106922149658203E-01 3.455917909741401672E-02
 2.584704756736755371E-01 3.456435352563858032E-02
 2.585302591323852539E-01 3.456952795386314392E-02
 2.585900425910949707E-01 3.457470238208770752E-02
 2.586497962474822998E-01 3.457987308502197266E-02
 2.587095797061920166E-01 3.458504378795623779E-02
 2.587693631649017334E-01 3.459021449089050293E-02
 2.588291466236114502E-01 3.459538146853446960E-02
 2.588889300823211670E-01 3.460054844617843628E-02
 2.589486837387084961E-01 3.460571542382240295E-02
 2.590084671974182129E-01 3.461087867617607117E-02
 2.590682506561279297E-01 3.461604192852973938E-02
 2.591280341148376465E-01 3.462120518088340759E-02
 2.591878175735473633E-01 3.462636470794677734E-02
 2.592475712299346924E-01 3.463152423501014709E-02
 2.593073546886444092E-01 3.463668003678321838E-02
 2.593671381473541260E-01 3.464183583855628967E-02
 2.594269216060638428E-01 3.464699164032936096E-02
 2.594867050647735596E-01 3.465214744210243225E-02
 2.595464587211608887E-01 3.465729951858520508E-02
 2.596062421798706055E-01 3.466245159506797791E-02
 2.596660256385803223E-01 3.466759994626045227E-02
 2.597258090972900391E-01 3.467274829745292664E-02
 2.597855925559997559E-01 3.467789664864540100E-02
 2.598453760147094727E-01 3.468304499983787537E-02
 2.599051594734191895E-01 3.468818962574005127E-02
 2.599649131298065186E-01 3.469333052635192871E-02
 2.600246965885162354E-01 3.469847515225410461E-02
 2.600844800472259521E-01 3.470361605286598206E-02
 2.601442635059356689E-01 3.470875695347785950E-02
 2.602040469646453857E-01 3.471389412879943848E-02
 2.602638304233551025E-01 3.471903130412101746E-02
 2.603236138820648193E-01 3.472416847944259644E-02
 2.603833675384521484E-01 3.472930192947387695E-02
 2.604431509971618652E-01 3.473443537950515747E-02
 2.605029344558715820E-01 3.473956882953643799E-02
 2.605627179145812988E-01 3.474469855427742004E-02
 2.606225013732910156E-01 3.474982827901840210E-02
 2.606822848320007324E-01 3.475495800375938416E-02
 2.607420682907104492E-01 3.476008400321006775E-02
 2.608018517494201660E-01 3.476521000266075134E-02
 2.608616352081298828E-01 3.477033600211143494E-02
 2.609214186668395996E-01 3.477545827627182007E-02
 2.609811723232269287E-01 3.478058055043220520E-02
 2.610409557819366455E-01 3.478569909930229187E-02
 2.611007392406463623E-01 3.479082137346267700E-02
 2.611605226993560791E-01 3.479593992233276367E-02
 2.612203061580657959E-01 3.480105474591255188E-02
 2.612800896167755127E-01 3.480616956949234009E-02
 2.613398730754852295E-01 3.481128439307212830E-02
 2.613996565341949463E-01 3.481639921665191650E-02
 2.614594399929046631E-01 3.482151031494140625E-02
 2.615192234516143799E-01 3.482662141323089600E-02
 2.615790069103240967E-01 3.483172878623008728E-02
 2.616387903690338135E-01 3.483683615922927856E-02
 2.616985738277435303E-01 3.484194353222846985E-02
 2.617583572864532471E-01 3.484704717993736267E-02
 2.618181407451629639E-01 3.485215455293655396E-02
 2.618779242038726807E-01 3.485725447535514832E-02
 2.619377076625823975E-01 3.486235812306404114E-02
 2.619974911212921143E-01 3.486745804548263550E-02
 2.620572745800018311E-01 3.487255796790122986E-02
 2.621170580387115479E-01 3.487765416502952576E-02
 2.621768414974212646E-01 3.488275036215782166E-02
 2.622366249561309814E-01 3.488784655928611755E-02
 2.622964084148406982E-01 3.489293903112411499E-02
 2.623561918735504150E-01 3.489803150296211243E-02
 2.624159753322601318E-01 3.490312397480010986E-02
 2.624757587909698486E-01 3.490821272134780884E-02
 2.625355422496795654E-01 3.491330146789550781E-02
 2.625953257083892822E-01 3.491839021444320679E-02
 2.626551091670989990E-01 3.492347523570060730E-02
 2.627148926258087158E-01 3.492856025695800781E-02
 2.627746760845184326E-01 3.493364155292510986E-02
 2.628344595432281494E-01 3.493872657418251038E-02
 2.628942430019378662E-01 3.494380787014961243E-02
 2.629540264606475830E-01 3.494888544082641602E-02
 2.630138099193572998E-01 3.495396301150321960E-02
 2.630735933780670166E-01 3.495904058218002319E-02
 2.631333768367767334E-01 3.496411815285682678E-02
 2.631931602954864502E-01 3.496919199824333191E-02
 2.632529437541961670E-01 3.497426584362983704E-02
 2.633127272129058838E-01 3.497933596372604370E-02
 2.633725106716156006E-01 3.498440980911254883E-02
 2.634322941303253174E-01 3.498947620391845703E-02
 2.634920775890350342E-01 3.499454632401466370E-02
 2.635518610477447510E-01 3.499961271882057190E-02
 2.636116445064544678E-01 3.500467911362648010E-02
 2.636714577674865723E-01 3.500974178314208984E-02
 2.637312412261962891E-01 3.501480445265769958E-02
 2.637910246849060059E-01 3.501986712217330933E-02
 2.638508081436157227E-01 3.502492606639862061E-02
 2.639105916023254395E-01 3.502998873591423035E-02
 2.639703750610351562E-01 3.503504395484924316E-02
 2.640301585197448730E-01 3.504010289907455444E-02
 2.640899419784545898E-01 3.504515811800956726E-02
 2.641497254371643066E-01 3.505020961165428162E-02
 2.642095088958740234E-01 3.505526483058929443E-02
 2.642693221569061279E-01 3.506031632423400879E-02
 2.643291056156158447E-01 3.506536409258842468E-02
 2.643888890743255615E-01 3.507041558623313904E-02
 2.644486725330352783E-01 3.507546335458755493E-02
 2.645084559917449951E-01 3.508050739765167236E-02
 2.645682394504547119E-01 3.508555516600608826E-02
 2.646280229091644287E-01 3.509059920907020569E-02
 2.646878063678741455E-01 3.509563952684402466E-02
 2.647476196289062500E-01 3.510067984461784363E-02
 2.648074030876159668E-01 3.510572016239166260E-02
 2.648671865463256836E-01 3.511076048016548157E-02
 2.649269700050354004E-01 3.511579707264900208E-02
 2.649867534637451172E-01 3.512083366513252258E-02
 2.650465369224548340E-01 3.512586653232574463E-02
 2.651063501834869385E-01 3.513090312480926514E-02
 2.651661336421966553E-01 3.513593599200248718E-02
 2.652259171009063721E-01 3.514096513390541077E-02
 2.652857005596160889E-01 3.514599427580833435E-02
 2.653454840183258057E-01 3.515102341771125793E-02
 2.654052674770355225E-01 3.515604883432388306E-02
 2.654650807380676270E-01 3.516107797622680664E-02
 2.655248641967773438E-01 3.516609966754913330E-02
 2.655846476554870605E-01 3.517112508416175842E-02
 2.656444311141967773E-01 3.517614677548408508E-02
 2.657042145729064941E-01 3.518116846680641174E-02
 2.657640278339385986E-01 3.518618643283843994E-02
 2.658238112926483154E-01 3.519120439887046814E-02
 2.658835947513580322E-01 3.519622236490249634E-02
 2.659433782100677490E-01 3.520123660564422607E-02
 2.660031914710998535E-01 3.520625084638595581E-02
 2.660629749298095703E-01 3.521126508712768555E-02
 2.661227583885192871E-01 3.521627560257911682E-02
 2.661825418472290039E-01 3.522128611803054810E-02
 2.662423253059387207E-01 3.522629663348197937E-02
 2.663021385669708252E-01 3.523130342364311218E-02
 2.663619220256805420E-01 3.523631021380424500E-02
 2.664217054843902588E-01 3.524131700396537781E-02
 2.664814889430999756E-01 3.524632006883621216E-02
 2.665413022041320801E-01 3.525132313370704651E-02
 2.666010856628417969E-01 3.525632619857788086E-02
 2.666608691215515137E-01 3.526132553815841675E-02
 2.667206525802612305E-01 3.526632487773895264E-02
 2.667804658412933350E-01 3.527132049202919006E-02
 2.668402493000030518E-01 3.527631983160972595E-02
 2.669000327587127686E-01 3.528131172060966492E-02
 2.669598460197448730E-01 3.528630733489990234E-02
 2.670196294784545898E-01 3.529129922389984131E-02
 2.670794129371643066E-01 3.529629111289978027E-02
 2.671391963958740234E-01 3.530128300189971924E-02
 2.671990096569061279E-01 3.530627116560935974E-02
 2.672587931156158447E-01 3.531125932931900024E-02
 2.673185765743255615E-01 3.531624376773834229E-02
 2.673783898353576660E-01 3.532122820615768433E-02
 2.674381732940673828E-01 3.532621264457702637E-02
 2.674979567527770996E-01 3.533119335770606995E-02
 2.675577700138092041E-01 3.533617407083511353E-02
 2.676175534725189209E-01 3.534115478396415710E-02
 2.676773369312286377E-01 3.534613549709320068E-02
 2.677371501922607422E-01 3.535111248493194580E-02
 2.677969336509704590E-01 3.535608574748039246E-02
 2.678567171096801758E-01 3.536106273531913757E-02
 2.679165303707122803E-01 3.536603599786758423E-02
 2.679763138294219971E-01 3.537100553512573242E-02
 2.680360972881317139E-01 3.537597879767417908E-02
 2.680959105491638184E-01 3.538094833493232727E-02
 2.681556940078735352E-01 3.538591414690017700E-02
 2.682154774665832520E-01 3.539088368415832520E-02
 2.682752907276153564E-01 3.539584949612617493E-02
 2.683350741863250732E-01 3.540081158280372620E-02
 2.683948576450347900E-01 3.540577739477157593E-02
 2.684546709060668945E-01 3.541073575615882874E-02
 2.685144543647766113E-01 3.541569784283638000E-02
 2.685742676258087158E-01 3.542065620422363281E-02
 2.686340510845184326E-01 3.542561456561088562E-02
 2.686938345432281494E-01 3.543057292699813843E-02
 2.687536478042602539E-01 3.543552756309509277E-02
 2.688134312629699707E-01 3.544048219919204712E-02
 2.688732147216796875E-01 3.544543310999870300E-02
 2.689330279827117920E-01 3.545038774609565735E-02
 2.689928114414215088E-01 3.545533493161201477E-02
 2.690526247024536133E-01 3.546028584241867065E-02
 2.691124081611633301E-01 3.546523302793502808E-02
 2.691721916198730469E-01 3.547018021345138550E-02
 2.692320048809051514E-01 3.547512367367744446E-02
 2.692917883396148682E-01 3.548006713390350342E-02
 2.693516016006469727E-01 3.548501059412956238E-02
 2.694113850593566895E-01 3.548995405435562134E-02
 2.694711983203887939E-01 3.549489378929138184E-02
 2.695309817790985107E-01 3.549982979893684387E-02
 2.695907652378082275E-01 3.550476953387260437E-02
 2.696505784988403320E-01 3.550970554351806641E-02
 2.697103619575500488E-01 3.551464155316352844E-02
 2.697701752185821533E-01 3.551957383751869202E-02
 2.698299586772918701E-01 3.552450612187385559E-02
 2.698897719383239746E-01 3.552943840622901917E-02
 2.699495553970336914E-01 3.553436696529388428E-02
 2.700093686580657959E-01 3.553929552435874939E-02
 2.700691521167755127E-01 3.554422408342361450E-02
 2.701289653778076172E-01 3.554914891719818115E-02
 2.701887488365173340E-01 3.555407375097274780E-02
 2.702485620975494385E-01 3.555899858474731445E-02
 2.703083455562591553E-01 3.556391969323158264E-02
 2.703681290149688721E-01 3.556884080171585083E-02
 2.704279422760009766E-01 3.557375818490982056E-02
 2.704877257347106934E-01 3.557867929339408875E-02
 2.705475389957427979E-01 3.558359295129776001E-02
 2.706073224544525146E-01 3.558851033449172974E-02
 2.706671357154846191E-01 3.559342399239540100E-02
 2.707269191741943359E-01 3.559833765029907227E-02
 2.707867324352264404E-01 3.560325130820274353E-02
 2.708465158939361572E-01 3.560816124081611633E-02
 2.709063291549682617E-01 3.561307117342948914E-02
 2.709661424160003662E-01 3.561797738075256348E-02
 2.710259258747100830E-01 3.562288358807563782E-02
 2.710857391357421875E-01 3.562778979539871216E-02
 2.711455225944519043E-01 3.563269227743148804E-02
 2.712053358554840088E-01 3.563759848475456238E-02
 2.712651193141937256E-01 3.564249724149703979E-02
 2.713249325752258301E-01 3.564739972352981567E-02
 2.713847160339355469E-01 3.565229848027229309E-02
 2.714445292949676514E-01 3.565719723701477051E-02
 2.715043127536773682E-01 3.566209226846694946E-02
 2.715641260147094727E-01 3.566698729991912842E-02
 2.716239094734191895E-01 3.567188233137130737E-02
 2.716837227344512939E-01 3.567677363753318787E-02
 2.717435359954833984E-01 3.568166494369506836E-02
 2.718033194541931152E-01 3.568655624985694885E-02
 2.718631327152252197E-01 3.569144383072853088E-02
 2.719229161739349365E-01 3.569633141160011292E-02
 2.719827294349670410E-01 3.570121899247169495E-02
 2.720425128936767578E-01 3.570610284805297852E-02
 2.721023261547088623E-01 3.571098670363426208E-02
 2.721621394157409668E-01 3.571587055921554565E-02
 2.722219228744506836E-01 3.572075068950653076E-02
 2.722817361354827881E-01 3.572563081979751587E-02
 2.723415195941925049E-01 3.573050722479820251E-02
 2.724013328552246094E-01 3.573538735508918762E-02
 2.724611461162567139E-01 3.574026003479957581E-02
 2.725209295749664307E-01 3.574513643980026245E-02
 2.725807428359985352E-01 3.575000911951065063E-02
 2.726405262947082520E-01 3.575488179922103882E-02
 2.727003395557403564E-01 3.575975447893142700E-02
 2.727601528167724609E-01 3.576462343335151672E-02
 2.728199362754821777E-01 3.576949238777160645E-02
 2.728797495365142822E-01 3.577435761690139771E-02
 2.729395627975463867E-01 3.577922284603118896E-02
 2.729993462562561035E-01 3.578408807516098022E-02
 2.730591595172882080E-01 3.578894957900047302E-02
 2.731189727783203125E-01 3.579381480813026428E-02
 2.731787562370300293E-01 3.579867258667945862E-02
 2.732385694980621338E-01 3.580353409051895142E-02
 2.732983529567718506E-01 3.580839186906814575E-02
 2.733581662178039551E-01 3.581324964761734009E-02
 2.734179794788360596E-01 3.581810370087623596E-02
 2.734777629375457764E-01 3.582295775413513184E-02
 2.735375761985778809E-01 3.582781180739402771E-02
 2.735973894596099854E-01 3.583266213536262512E-02
 2.736571729183197021E-01 3.583751246333122253E-02
 2.737169861793518066E-01 3.584236279129981995E-02
 2.737767994403839111E-01 3.584720939397811890E-02
 2.738366127014160156E-01 3.585205599665641785E-02
 2.738963961601257324E-01 3.585690259933471680E-02
 2.739562094211578369E-01 3.586174547672271729E-02
 2.740160226821899414E-01 3.586658835411071777E-02
 2.740758061408996582E-01 3.587142750620841980E-02
 2.741356194019317627E-01 3.587627038359642029E-02
 2.741954326629638672E-01 3.588110953569412231E-02
 2.742552161216735840E-01 3.588594496250152588E-02
 2.743150293827056885E-01 3.589078038930892944E-02
 2.743748426437377930E-01 3.589561581611633301E-02
 2.744346559047698975E-01 3.590045124292373657E-02
 2.744944393634796143E-01 3.590528294444084167E-02
 2.745542526245117188E-01 3.591011464595794678E-02
 2.746140658855438232E-01 3.591494262218475342E-02
 2.746738791465759277E-01 3.591977432370185852E-02
 2.747336626052856445E-01 3.592459857463836670E-02
 2.747934758663177490E-01 3.592942655086517334E-02
 2.748532891273498535E-01 3.593425080180168152E-02
 2.749131023883819580E-01 3.593907505273818970E-02
 2.749728858470916748E-01 3.594389557838439941E-02
 2.750326991081237793E-01 3.594871610403060913E-02
 2.750925123691558838E-01 3.595353662967681885E-02
 2.751523256301879883E-01 3.595835343003273010E-02
 2.752121090888977051E-01 3.596317395567893982E-02
 2.752719223499298096E-01 3.596798703074455261E-02
 2.753317356109619141E-01 3.597280383110046387E-02
 2.753915488719940186E-01 3.597761690616607666E-02
 2.754513323307037354E-01 3.598242625594139099E-02
 2.755111455917358398E-01 3.598723933100700378E-02
 2.755709588527679443E-01 3.599204868078231812E-02
 2.756307721138000488E-01 3.599685430526733398E-02
 2.756905853748321533E-01 3.600166365504264832E-02
 2.757503688335418701E-01 3.600646927952766418E-02
 2.758101820945739746E-01 3.601127117872238159E-02
 2.758699953556060791E-01 3.601607680320739746E-02
 2.759298086166381836E-01 3.602087497711181641E-02
 2.759896218776702881E-01 3.602567687630653381E-02
 2.760494053363800049E-01 3.603047505021095276E-02
 2.761092185974121094E-01 3.603527322411537170E-02
 2.761690318584442139E-01 3.604007139801979065E-02
 2.762288451194763184E-01 3.604486584663391113E-02
 2.762886583805084229E-01 3.604966029524803162E-02
 2.763484716415405273E-01 3.605445101857185364E-02
 2.764082551002502441E-01 3.605924546718597412E-02
 2.764680683612823486E-01 3.606403246521949768E-02
 2.765278816223144531E-01 3.606882318854331970E-02
 2.765876948833465576E-01 3.607361018657684326E-02
 2.766475081443786621E-01 3.607839718461036682E-02
 2.767073214054107666E-01 3.608318045735359192E-02
 2.767671048641204834E-01 3.608796745538711548E-02
 2.768269181251525879E-01 3.609274700284004211E-02
 2.768867313861846924E-01 3.609753027558326721E-02
 2.769465446472167969E-01 3.610230982303619385E-02
 2.770063579082489014E-01 3.610708937048912048E-02
 2.770661711692810059E-01 3.611186519265174866E-02
 2.771259844303131104E-01 3.611664101481437683E-02
 2.771857976913452148E-01 3.612141683697700500E-02
 2.772455811500549316E-01 3.612618893384933472E-02
 2.773053944110870361E-01 3.613096103072166443E-02
 2.773652076721191406E-01 3.613573312759399414E-02
 2.774250209331512451E-01 3.614050149917602539E-02
 2.774848341941833496E-01 3.614526987075805664E-02
 2.775446474552154541E-01 3.615003824234008789E-02
 2.776044607162475586E-01 3.615480288863182068E-02
 2.776642739772796631E-01 3.615956753492355347E-02
 2.777240872383117676E-01 3.616433218121528625E-02
 2.777839004993438721E-01 3.616909310221672058E-02
 2.778436839580535889E-01 3.617385402321815491E-02
 2.779034972190856934E-01 3.617861121892929077E-02
 2.779633104801177979E-01 3.618337213993072510E-02
 2.780231237411499023E-01 3.618812933564186096E-02
 2.780829370021820068E-01 3.619288280606269836E-02
 2.781427502632141113E-01 3.619763627648353577E-02
 2.782025635242462158E-01 3.620238974690437317E-02
 2.782623767852783203E-01 3.620714321732521057E-02
 2.783221900463104248E-01 3.621189296245574951E-02
 2.783820033073425293E-01 3.621664270758628845E-02
 2.784418165683746338E-01 3.622138872742652893E-02
 2.785016298294067383E-01 3.622613474726676941E-02
 2.785614430904388428E-01 3.623088076710700989E-02
 2.786212563514709473E-01 3.623562678694725037E-02
 2.786810696125030518E-01 3.624036908149719238E-02
 2.787408828735351562E-01 3.624511137604713440E-02
 2.788006961345672607E-01 3.624984994530677795E-02
 2.788605093955993652E-01 3.625458851456642151E-02
 2.789203226566314697E-01 3.625932708382606506E-02
 2.789801359176635742E-01 3.626406192779541016E-02
 2.790399491786956787E-01 3.626879677176475525E-02
 2.790997624397277832E-01 3.627353161573410034E-02
 2.791595757007598877E-01 3.627826273441314697E-02
 2.792193889617919922E-01 3.628299385309219360E-02
 2.792792022228240967E-01 3.628772497177124023E-02
 2.793390154838562012E-01 3.629245236515998840E-02
 2.793988287448883057E-01 3.629717975854873657E-02
 2.794586420059204102E-01 3.630190715193748474E-02
 2.795184552669525146E-01 3.630663082003593445E-02
 2.795782685279846191E-01 3.631135448813438416E-02
 2.796380817890167236E-01 3.631607815623283386E-02
 2.796978950500488281E-01 3.632079809904098511E-02
 2.797577083110809326E-01 3.632551804184913635E-02
 2.798175215721130371E-01 3.633023798465728760E-02
 2.798773348331451416E-01 3.633495420217514038E-02
 2.799371480941772461E-01 3.633967041969299316E-02
 2.799969613552093506E-01 3.634438291192054749E-02
 2.800567746162414551E-01 3.634909540414810181E-02
 2.801165878772735596E-01 3.635380789637565613E-02
 2.801764011383056641E-01 3.635852038860321045E-02
 2.802362143993377686E-01 3.636322915554046631E-02
 2.802960276603698730E-01 3.636793792247772217E-02
 2.803558409214019775E-01 3.637264296412467957E-02
 2.804156541824340820E-01 3.637734800577163696E-02
 2.804754674434661865E-01 3.638205304741859436E-02
 2.805352807044982910E-01 3.638675808906555176E-02
 2.805950939655303955E-01 3.639145940542221069E-02
 2.806549072265625000E-01 3.639616072177886963E-02
 2.807147502899169922E-01 3.640085831284523010E-02
 2.807745635509490967E-01 3.640555590391159058E-02
 2.808343768119812012E-01 3.641025349497795105E-02
 2.808941900730133057E-01 3.641494736075401306E-02
 2.809540033340454102E-01 3.641964122653007507E-02
 2.810138165950775146E-01 3.642433509230613708E-02
 2.810736298561096191E-01 3.642902523279190063E-02
 2.811334431171417236E-01 3.643371537327766418E-02
 2.811932563781738281E-01 3.643840551376342773E-02
 2.812530696392059326E-01 3.644309192895889282E-02
 2.813129127025604248E-01 3.644777834415435791E-02
 2.813727259635925293E-01 3.645246475934982300E-02
 2.814325392246246338E-01 3.645714744925498962E-02
 2.814923524856567383E-01 3.646183013916015625E-02
 2.815521657466888428E-01 3.646651282906532288E-02
 2.816119790077209473E-01 3.647119179368019104E-02
 2.816717922687530518E-01 3.647587075829505920E-02
 2.817316055297851562E-01 3.648054599761962891E-02
 2.817914485931396484E-01 3.648522496223449707E-02
 2.818512618541717529E-01 3.648990020155906677E-02
 2.819110751152038574E-01 3.649457171559333801E-02
 2.819708883762359619E-01 3.649924322962760925E-02
 2.820307016372680664E-01 3.650391474366188049E-02
 2.820905148983001709E-01 3.650858625769615173E-02
 2.821503579616546631E-01 3.651325404644012451E-02
 2.822101712226867676E-01 3.651792183518409729E-02
 2.822699844837188721E-01 3.652258589863777161E-02
 2.823297977447509766E-01 3.652724996209144592E-02
 2.823896110057830811E-01 3.653191402554512024E-02
 2.824494242668151855E-01 3.653657436370849609E-02
 2.825092673301696777E-01 3.654123470187187195E-02
 2.825690805912017822E-01 3.654589504003524780E-02
 2.826288938522338867E-01 3.655055537819862366E-02
 2.826887071132659912E-01 3.655521199107170105E-02
 2.827485203742980957E-01 3.655986487865447998E-02
 2.828083634376525879E-01 3.656452149152755737E-02
 2.828681766986846924E-01 3.656917437911033630E-02
 2.829279899597167969E-01 3.657382726669311523E-02
 2.829878032207489014E-01 3.657847642898559570E-02
 2.830476164817810059E-01 3.658312559127807617E-02
 2.831074595451354980E-01 3.658777475357055664E-02
 2.831672728061676025E-01 3.659242019057273865E-02
 2.832270860671997070E-01 3.659706562757492065E-02
 2.832868993282318115E-01 3.660170733928680420E-02
 2.833467423915863037E-01 3.660635277628898621E-02
 2.834065556526184082E-01 3.661099448800086975E-02
 2.834663689136505127E-01 3.661563247442245483E-02
 2.835261821746826172E-01 3.662027046084403992E-02
 2.835859954357147217E-01 3.662490844726562500E-02
 2.836458384990692139E-01 3.662954643368721008E-02
 2.837056517601013184E-01 3.663418069481849670E-02
 2.837654650211334229E-01 3.663881495594978333E-02
 2.838252782821655273E-01 3.664344921708106995E-02
 2.838851213455200195E-01 3.664807975292205811E-02
 2.839449346065521240E-01 3.665271028876304626E-02
 2.840047478675842285E-01 3.665733709931373596E-02
 2.840645909309387207E-01 3.666196390986442566E-02
 2.841244041919708252E-01 3.666659072041511536E-02
 2.841842174530029297E-01 3.667121380567550659E-02
 2.842440307140350342E-01 3.667584061622619629E-02
 2.843038737773895264E-01 3.668045997619628906E-02
 2.843636870384216309E-01 3.668508306145668030E-02
 2.844235002994537354E-01 3.668970242142677307E-02
 2.844833433628082275E-01 3.669432178139686584E-02
 2.845431566238403320E-01 3.669893741607666016E-02
 2.846029698848724365E-01 3.670355305075645447E-02
 2.846627831459045410E-01 3.670816868543624878E-02
 2.847226262092590332E-01 3.671278059482574463E-02
 2.847824394702911377E-01 3.671739250421524048E-02
 2.848422527313232422E-01 3.672200441360473633E-02
 2.849020957946777344E-01 3.672661259770393372E-02
 2.849619090557098389E-01 3.673122078180313110E-02
 2.850217223167419434E-01 3.673582896590232849E-02
 2.850815653800964355E-01 3.674043342471122742E-02
 2.851413786411285400E-01 3.674503788352012634E-02
 2.852011919021606445E-01 3.674964234232902527E-02
 2.852610349655151367E-01 3.675424307584762573E-02
 2.853208482265472412E-01 3.675884380936622620E-02
 2.853806614875793457E-01 3.676344081759452820E-02
 2.854405045509338379E-01 3.676804155111312866E-02
 2.855003178119659424E-01 3.677263855934143066E-02
 2.855601310729980469E-01 3.677723184227943420E-02
 2.856199741363525391E-01 3.678182512521743774E-02
 2.856797873973846436E-01 3.678641840815544128E-02
 2.857396006584167480E-01 3.679101169109344482E-02
 2.857994437217712402E-01 3.679560124874114990E-02
 2.858592569828033447E-01 3.680019080638885498E-02
 2.859191000461578369E-01 3.680477663874626160E-02
 2.859789133071899414E-01 3.680936247110366821E-02
 2.860387265682220459E-01 3.681394830346107483E-02
 2.860985696315765381E-01 3.681853413581848145E-02
 2.861583828926086426E-01 3.682311624288558960E-02
 2.862181961536407471E-01 3.682769462466239929E-02
 2.862780392169952393E-01 3.683227673172950745E-02
 2.863378524780273438E-01 3.683685511350631714E-02
 2.863976955413818359E-01 3.684143349528312683E-02
 2.864575088024139404E-01 3.684600815176963806E-02
 2.865173220634460449E-01 3.685058280825614929E-02
 2.865771651268005371E-01 3.685515746474266052E-02
 2.866369783878326416E-01 3.685972839593887329E-02
 2.866968214511871338E-01 3.686429932713508606E-02
 2.867566347122192383E-01 3.686887025833129883E-02
 2.868164777755737305E-01 3.687343746423721313E-02
 2.868762910366058350E-01 3.687800467014312744E-02
 2.869361042976379395E-01 3.688257187604904175E-02
 2.869959473609924316E-01 3.688713535666465759E-02
 2.870557606220245361E-01 3.689169883728027344E-02
 2.871156036853790283E-01 3.689626231789588928E-02
 2.871754169464111328E-01 3.690082207322120667E-02
 2.872352600097656250E-01 3.690538182854652405E-02
 2.872950732707977295E-01 3.690993785858154297E-02
 2.873548865318298340E-01 3.691449761390686035E-02
 2.874147295951843262E-01 3.691904991865158081E-02
 2.874745428562164307E-01 3.692360594868659973E-02
 2.875343859195709229E-01 3.692815825343132019E-02
 2.875941991806030273E-01 3.693271055817604065E-02
 2.876540422439575195E-01 3.693726286292076111E-02
 2.877138555049896240E-01 3.694181144237518311E-02
 2.877736985683441162E-01 3.694636002182960510E-02
 2.878335118293762207E-01 3.695090487599372864E-02
 2.878933548927307129E-01 3.695544973015785217E-02
 2.879531681537628174E-01 3.695999458432197571E-02
 2.880130112171173096E-01 3.696453571319580078E-02
 2.880728244781494141E-01 3.696907684206962585E-02
 2.881326675415039062E-01 3.697361797094345093E-02
 2.881924808025360107E-01 3.697815909981727600E-02
 2.882523238658905029E-01 3.698269650340080261E-02
 2.883121371269226074E-01 3.698723018169403076E-02
 2.883719801902770996E-01 3.699176758527755737E-02
 2.884317934513092041E-01 3.699630126357078552E-02
 2.884916365146636963E-01 3.700083121657371521E-02
 2.885514497756958008E-01 3.700536489486694336E-02
 2.886112928390502930E-01 3.700989484786987305E-02
 2.886711061000823975E-01 3.701442107558250427E-02
 2.887309491634368896E-01 3.701895102858543396E-02
 2.887907624244689941E-01 3.702347725629806519E-02
 2.888506054878234863E-01 3.702799975872039795E-02
 2.889104187488555908E-01 3.703252598643302917E-02
 2.889702618122100830E-01 3.703704848885536194E-02
 2.890300750732421875E-01 3.704156726598739624E-02
 2.890899181365966797E-01 3.704608604311943054E-02
 2.891497611999511719E-01 3.705060482025146484E-02
 2.892095744609832764E-01 3.705512359738349915E-02
 2.892694175243377686E-01 3.705963864922523499E-02
 2.893292307853698730E-01 3.706415370106697083E-02
 2.893890738487243652E-01 3.706866875290870667E-02
 2.894488871097564697E-01 3.707318007946014404E-02
 2.895087301731109619E-01 3.707769140601158142E-02
 2.895685434341430664E-01 3.708219900727272034E-02
 2.896283864974975586E-01 3.708670660853385925E-02
 2.896882295608520508E-01 3.709121420979499817E-02
 2.897480428218841553E-01 3.709571808576583862E-02
 2.898078858852386475E-01 3.710022568702697754E-02
 2.898676991462707520E-01 3.710472583770751953E-02
 2.899275422096252441E-01 3.710922971367835999E-02
 2.899873852729797363E-01 3.711372986435890198E-02
 2.900471985340118408E-01 3.711823001503944397E-02
 2.901070415973663330E-01 3.712272644042968750E-02
 2.901668548583984375E-01 3.712722286581993103E-02
 2.902266979217529297E-01 3.713171929121017456E-02
 2.902865409851074219E-01 3.713621199131011963E-02
 2.903463542461395264E-01 3.714070469141006470E-02
 2.904061973094940186E-01 3.714519739151000977E-02
 2.904660105705261230E-01 3.714968636631965637E-02
 2.905258536338806152E-01 3.715417534112930298E-02
 2.905856966972351074E-01 3.715866431593894958E-02
 2.906455099582672119E-01 3.716314956545829773E-02
 2.907053530216217041E-01 3.716763481497764587E-02
 2.907651960849761963E-01 3.717212006449699402E-02
 2.908250093460083008E-01 3.717660158872604370E-02
 2.908848524093627930E-01 3.718108311295509338E-02
 2.909446656703948975E-01 3.718556091189384460E-02
 2.910045087337493896E-01 3.719004243612289429E-02
 2.910643517971038818E-01 3.719452023506164551E-02
 2.911241650581359863E-01 3.719899430871009827E-02
 2.911840081214904785E-01 3.720346838235855103E-02
 2.912438511848449707E-01 3.720794245600700378E-02
 2.913036644458770752E-01 3.721241652965545654E-02
 2.913635075092315674E-01 3.721688687801361084E-02
 2.914233505725860596E-01 3.722135722637176514E-02
 2.914831638336181641E-01 3.722582384943962097E-02
 2.915430068969726562E-01 3.723029047250747681E-02
 2.916028499603271484E-01 3.723475709557533264E-02
 2.916626632213592529E-01 3.723921999335289001E-02
 2.917225062847137451E-01 3.724368661642074585E-02
 2.917823493480682373E-01 3.724814578890800476E-02
 2.918421924114227295E-01 3.725260868668556213E-02
 2.919020056724548340E-01 3.725706785917282104E-02
 2.919618487358093262E-01 3.726152703166007996E-02
 2.920216917991638184E-01 3.726598247885704041E-02
 2.920815050601959229E-01 3.727043792605400085E-02
 2.921413481235504150E-01 3.727489337325096130E-02
 2.922011911869049072E-01 3.727934509515762329E-02
 2.922610342502593994E-01 3.728379681706428528E-02
 2.923208475112915039E-01 3.728824853897094727E-02
 2.923806905746459961E-01 3.729269653558731079E-02
 2.924405336380004883E-01 3.729714453220367432E-02
 2.925003468990325928E-01 3.730159252882003784E-02
 2.925601899623870850E-01 3.730603680014610291E-02
 2.926200330257415771E-01 3.731048107147216797E-02
 2.926798760890960693E-01 3.731492161750793457E-02
 2.927396893501281738E-01 3.731936588883399963E-02
 2.927995324134826660E-01 3.732380643486976624E-02
 2.928593754768371582E-01 3.732824325561523438E-02
 2.929192185401916504E-01 3.733268007636070251E-02
 2.929790318012237549E-01 3.733711689710617065E-02
 2.930388748645782471E-01 3.734155371785163879E-02
 2.930987179279327393E-01 3.734598681330680847E-02
 2.931585609912872314E-01 3.735041990876197815E-02
 2.932183742523193359E-01 3.735484927892684937E-02
 2.932782173156738281E-01 3.735928237438201904E-02
 2.933380603790283203E-01 3.736370801925659180E-02
 2.933979034423828125E-01 3.736813738942146301E-02
 2.934577465057373047E-01 3.737256303429603577E-02
 2.935175597667694092E-01 3.737698867917060852E-02
 2.935774028301239014E-01 3.738141059875488281E-02
 2.936372458934783936E-01 3.738583251833915710E-02
 2.936970889568328857E-01 3.739025443792343140E-02
 2.937569022178649902E-01 3.739467263221740723E-02
 2.938167452812194824E-01 3.739909082651138306E-02
 2.938765883445739746E-01 3.740350902080535889E-02
 2.939364314079284668E-01 3.740792721509933472E-02
 2.939962744712829590E-01 3.741234168410301208E-02
 2.940560877323150635E-01 3.741675242781639099E-02
 2.941159307956695557E-01 3.742116689682006836E-02
 2.941757738590240479E-01 3.742557764053344727E-02
 2.942356169223785400E-01 3.742998465895652771E-02
 2.942954599857330322E-01 3.743439540266990662E-02
 2.943553030490875244E-01 3.743879869580268860E-02
 2.944151163101196289E-01 3.744320571422576904E-02
 2.944749593734741211E-01 3.744760900735855103E-02
 2.945348024368286133E-01 3.745201230049133301E-02
 2.945946455001831055E-01 3.745641559362411499E-02
 2.946544885635375977E-01 3.746081516146659851E-02
 2.947143316268920898E-01 3.746521472930908203E-02
 2.947741448879241943E-01 3.746961429715156555E-02
 2.948339879512786865E-01 3.747401013970375061E-02
 2.948938310146331787E-01 3.747840598225593567E-02
 2.949536740779876709E-01 3.748279809951782227E-02
 2.950135171413421631E-01 3.748719021677970886E-02
 2.950733602046966553E-01 3.749158233404159546E-02
 2.951332032680511475E-01 3.749597445130348206E-02
 2.951930463314056396E-01 3.750036284327507019E-02
 2.952528595924377441E-01 3.750475123524665833E-02
 2.953127026557922363E-01 3.750913590192794800E-02
 2.953725457191467285E-01 3.751352056860923767E-02
 2.954323887825012207E-01 3.751790523529052734E-02
 2.954922318458557129E-01 3.752228617668151855E-02
 2.955520749092102051E-01 3.752666711807250977E-02
 2.956119179725646973E-01 3.753104805946350098E-02
 2.956717610359191895E-01 3.753542900085449219E-02
 2.957316040992736816E-01 3.753980621695518494E-02
 2.957914173603057861E-01 3.754417970776557922E-02
 2.958512604236602783E-01 3.754855692386627197E-02
 2.959111034870147705E-01 3.755293041467666626E-02
 2.959709465503692627E-01 3.755730018019676208E-02
 2.960307896137237549E-01 3.756167367100715637E-02
 2.960906326770782471E-01 3.756604343652725220E-02
 2.961504757404327393E-01 3.757040947675704956E-02
 2.962103188037872314E-01 3.757477924227714539E-02
 2.962701618671417236E-01 3.757914528250694275E-02
 2.963300049304962158E-01 3.758350759744644165E-02
 2.963898479938507080E-01 3.758786991238594055E-02
 2.964496910572052002E-01 3.759223222732543945E-02
 2.965095341205596924E-01 3.759659454226493835E-02
 2.965693473815917969E-01 3.760095313191413879E-02
 2.966291904449462891E-01 3.760531172156333923E-02
 2.966890335083007812E-01 3.760967031121253967E-02
 2.967488765716552734E-01 3.761402517557144165E-02
 2.968087196350097656E-01 3.761838003993034363E-02
 2.968685626983642578E-01 3.762273117899894714E-02
 2.969284057617187500E-01 3.762708231806755066E-02
 2.969882488250732422E-01 3.763143345713615417E-02
 2.970480918884277344E-01 3.763578459620475769E-02
 2.971079349517822266E-01 3.764013200998306274E-02
 2.971677780151367188E-01 3.764447569847106934E-02
 2.972276210784912109E-01 3.764882311224937439E-02
 2.972874641418457031E-01 3.765316680073738098E-02
 2.973473072052001953E-01 3.765751048922538757E-02
 2.974071502685546875E-01 3.766185045242309570E-02
 2.974669933319091797E-01 3.766619041562080383E-02
 2.975268363952636719E-01 3.767053037881851196E-02
 2.975866794586181641E-01 3.767486661672592163E-02
 2.976465225219726562E-01 3.767920285463333130E-02
 2.977063655853271484E-01 3.768353909254074097E-02
 2.977662086486816406E-01 3.768787160515785217E-02
 2.978260517120361328E-01 3.769220411777496338E-02
 2.978858947753906250E-01 3.769653663039207458E-02
 2.979457378387451172E-01 3.770086541771888733E-02
 2.980055809020996094E-01 3.770519420504570007E-02
 2.980654239654541016E-01 3.770952299237251282E-02
 2.981252670288085938E-01 3.771384805440902710E-02
 2.981851100921630859E-01 3.771817311644554138E-02
 2.982449531555175781E-01 3.772249817848205566E-02
 2.983047962188720703E-01 3.772681951522827148E-02
 2.983646392822265625E-01 3.773114085197448730E-02
 2.984244823455810547E-01 3.773545846343040466E-02
 2.984843254089355469E-01 3.773977980017662048E-02
 2.985441684722900391E-01 3.774409741163253784E-02
 2.986040115356445312E-01 3.774841129779815674E-02
 2.986638844013214111E-01 3.775272518396377563E-02
 2.987237274646759033E-01 3.775703907012939453E-02
 2.987835705280303955E-01 3.776135295629501343E-02
 2.988434135913848877E-01 3.776566311717033386E-02
 2.989032566547393799E-01 3.776997327804565430E-02
 2.989630997180938721E-01 3.777427971363067627E-02
 2.990229427814483643E-01 3.777858614921569824E-02
 2.990827858448028564E-01 3.778289258480072021E-02
 2.991426289081573486E-01 3.778719529509544373E-02
 2.992024719715118408E-01 3.779149800539016724E-02
 2.992623150348663330E-01 3.779580071568489075E-02
 2.993221580982208252E-01 3.780010342597961426E-02
 2.993820011615753174E-01 3.780440241098403931E-02
 2.994418442249298096E-01 3.780869767069816589E-02
 2.995017170906066895E-01 3.781299665570259094E-02
 2.995615601539611816E-01 3.781729191541671753E-02
 2.996214032173156738E-01 3.782158344984054565E-02
 2.996812462806701660E-01 3.782587870955467224E-02
 2.997410893440246582E-01 3.783017024397850037E-02
 2.998009324073791504E-01 3.783445805311203003E-02
 2.998607754707336426E-01 3.783874958753585815E-02
 2.999206185340881348E-01 3.784303739666938782E-02
 2.999804615974426270E-01 3.784732148051261902E-02
 3.000403344631195068E-01 3.785160556435585022E-02
 3.001001775264739990E-01 3.785588964819908142E-02
 3.001600205898284912E-01 3.786017373204231262E-02
 3.002198636531829834E-01 3.786445409059524536E-02
 3.002797067165374756E-01 3.786873444914817810E-02
 3.003395497798919678E-01 3.787301480770111084E-02
 3.003993928432464600E-01 3.787729144096374512E-02
 3.004592657089233398E-01 3.788156807422637939E-02
 3.005191087722778320E-01 3.788584098219871521E-02
 3.005789518356323242E-01 3.789011389017105103E-02
 3.006387948989868164E-01 3.789438679814338684E-02
 3.006986379623413086E-01 3.789865970611572266E-02
 3.007584810256958008E-01 3.790292888879776001E-02
 3.008183538913726807E-01 3.790719434618949890E-02
 3.008781969547271729E-01 3.791146352887153625E-02
 3.009380400180816650E-01 3.791572898626327515E-02
 3.009978830814361572E-01 3.791999444365501404E-02
 3.010577261447906494E-01 3.792425617575645447E-02
 3.011175692081451416E-01 3.792851790785789490E-02
 3.011774420738220215E-01 3.793277963995933533E-02
 3.012372851371765137E-01 3.793703764677047729E-02
 3.012971282005310059E-01 3.794129565358161926E-02
 3.013569712638854980E-01 3.794555366039276123E-02
 3.014168143272399902E-01 3.794980794191360474E-02
 3.014766871929168701E-01 3.795406222343444824E-02
 3.015365302562713623E-01 3.795831650495529175E-02
 3.015963733196258545E-01 3.796256706118583679E-02
 3.016562163829803467E-01 3.796681761741638184E-02
 3.017160594463348389E-01 3.797106817364692688E-02
 3.017759323120117188E-01 3.797531500458717346E-02
 3.018357753753662109E-01 3.797956183552742004E-02
 3.018956184387207031E-01 3.798380866646766663E-02
 3.019554615020751953E-01 3.798805177211761475E-02
 3.020153045654296875E-01 3.799229487776756287E-02
 3.020751774311065674E-01 3.799653798341751099E-02
 3.021350204944610596E-01 3.800077736377716064E-02
 3.021948635578155518E-01 3.800501674413681030E-02
 3.022547066211700439E-01 3.800925239920616150E-02
 3.023145794868469238E-01 3.801348805427551270E-02
 3.023744225502014160E-01 3.801772370934486389E-02
 3.024342656135559082E-01 3.802195936441421509E-02
 3.024941086769104004E-01 3.802619129419326782E-02
 3.025539815425872803E-01 3.803042322397232056E-02
 3.026138246059417725E-01 3.803465142846107483E-02
 3.026736676692962646E-01 3.803887963294982910E-02
 3.027335107326507568E-01 3.804310783743858337E-02
 3.027933835983276367E-01 3.804733231663703918E-02
 3.028532266616821289E-01 3.805155679583549500E-02
 3.029130697250366211E-01 3.805578127503395081E-02
 3.029729127883911133E-01 3.806000575423240662E-02
 3.030327856540679932E-01 3.806422650814056396E-02
 3.030926287174224854E-01 3.806844353675842285E-02
 3.031524717807769775E-01 3.807266429066658020E-02
 3.032123446464538574E-01 3.807688131928443909E-02
 3.032721877098083496E-01 3.808109462261199951E-02
 3.033320307731628418E-01 3.808531165122985840E-02
 3.033918738365173340E-01 3.808952495455741882E-02
 3.034517467021942139E-01 3.809373453259468079E-02
 3.035115897655487061E-01 3.809794783592224121E-02
 3.035714328289031982E-01 3.810215741395950317E-02
 3.036313056945800781E-01 3.810636326670646667E-02
 3.036911487579345703E-01 3.811057284474372864E-02
 3.037509918212890625E-01 3.811477497220039368E-02
 3.038108646869659424E-01 3.811898082494735718E-02
 3.038707077503204346E-01 3.812318295240402222E-02
 3.039305508136749268E-01 3.812738507986068726E-02
 3.039904236793518066E-01 3.813158720731735229E-02
 3.040502667427062988E-01 3.813578560948371887E-02
 3.041101098060607910E-01 3.813998401165008545E-02
 3.041699826717376709E-01 3.814417868852615356E-02
 3.042298257350921631E-01 3.814837336540222168E-02
 3.042896687984466553E-01 3.815256804227828979E-02
 3.043495416641235352E-01 3.815676271915435791E-02
 3.044093847274780273E-01 3.816095367074012756E-02
 3.044692277908325195E-01 3.816514462232589722E-02
 3.045291006565093994E-01 3.816933184862136841E-02
 3.045889437198638916E-01 3.817351907491683960E-02
 3.046487867832183838E-01 3.817770630121231079E-02
 3.047086596488952637E-01 3.818188980221748352E-02
 3.047685027122497559E-01 3.818607330322265625E-02
 3.048283755779266357E-01 3.819025680422782898E-02
 3.048882186412811279E-01 3.819444030523300171E-02
 3.049480617046356201E-01 3.819862008094787598E-02
 3.050079345703125000E-01 3.820279613137245178E-02
 3.050677776336669922E-01 3.820697590708732605E-02
 3.051276206970214844E-01 3.821115195751190186E-02
 3.051874935626983643E-01 3.821532428264617920E-02
 3.052473366260528564E-01 3.821950033307075500E-02
 3.053072094917297363E-01 3.822367265820503235E-02
 3.053670525550842285E-01 3.822784125804901123E-02
 3.054268956184387207E-01 3.823200985789299011E-02
 3.054867684841156006E-01 3.823617845773696899E-02
 3.055466115474700928E-01 3.824034705758094788E-02
 3.056064844131469727E-01 3.824451193213462830E-02
 3.056663274765014648E-01 3.824867680668830872E-02
 3.057261705398559570E-01 3.825284168124198914E-02
 3.057860434055328369E-01 3.825700283050537109E-02
 3.058458864688873291E-01 3.826116397976875305E-02
 3.059057593345642090E-01 3.826532140374183655E-02
 3.059656023979187012E-01 3.826948255300521851E-02
 3.060254752635955811E-01 3.827363625168800354E-02
 3.060853183269500732E-01 3.827779367566108704E-02
 3.061451613903045654E-01 3.828194737434387207E-02
 3.062050342559814453E-01 3.828610107302665710E-02
 3.062648773193359375E-01 3.829025104641914368E-02
 3.063247501850128174E-01 3.829440101981163025E-02
 3.063845932483673096E-01 3.829855099320411682E-02
 3.064444661140441895E-01 3.830270096659660339E-02
 3.065043091773986816E-01 3.830684721469879150E-02
 3.065641522407531738E-01 3.831098973751068115E-02
 3.066240251064300537E-01 3.831513598561286926E-02
 3.066838681697845459E-01 3.831927850842475891E-02
 3.067437410354614258E-01 3.832342103123664856E-02
 3.068035840988159180E-01 3.832755982875823975E-02
 3.068634569644927979E-01 3.833169862627983093E-02
 3.069233000278472900E-01 3.833583742380142212E-02
 3.069831728935241699E-01 3.833997249603271484E-02
 3.070430159568786621E-01 3.834410756826400757E-02
 3.071028888225555420E-01 3.834824264049530029E-02
 3.071627318859100342E-01 3.835237398743629456E-02
 3.072226047515869141E-01 3.835650533437728882E-02
 3.072824478149414062E-01 3.836063295602798462E-02
 3.073423206806182861E-01 3.836476430296897888E-02
 3.074021637439727783E-01 3.836889192461967468E-02
 3.074620366096496582E-01 3.837301582098007202E-02
 3.075218796730041504E-01 3.837713971734046936E-02
 3.075817525386810303E-01 3.838126361370086670E-02
 3.076415956020355225E-01 3.838538751006126404E-02
 3.077014684677124023E-01 3.838950768113136292E-02
 3.077613115310668945E-01 3.839362785220146179E-02
 3.078211843967437744E-01 3.839774429798126221E-02
 3.078810274600982666E-01 3.840186446905136108E-02
 3.079409003257751465E-01 3.840597718954086304E-02
 3.080007433891296387E-01 3.841009363532066345E-02
 3.080606162548065186E-01 3.841420635581016541E-02
 3.081204593181610107E-01 3.841831907629966736E-02
 3.081803321838378906E-01 3.842242807149887085E-02
 3.082401752471923828E-01 3.842653706669807434E-02
 3.083000481128692627E-01 3.843064606189727783E-02
 3.083599209785461426E-01 3.843475505709648132E-02
 3.084197640419006348E-01 3.843886032700538635E-02
 3.084796369075775146E-01 3.844296187162399292E-02
 3.085394799709320068E-01 3.844706714153289795E-02
 3.085993528366088867E-01 3.845116868615150452E-02
 3.086591958999633789E-01 3.845526650547981262E-02
 3.087190687656402588E-01 3.845936805009841919E-02
 3.087789118289947510E-01 3.846346586942672729E-02
 3.088387846946716309E-01 3.846755996346473694E-02
 3.088986575603485107E-01 3.847165778279304504E-02
 3.089585006237030029E-01 3.847575187683105469E-02
 3.090183734893798828E-01 3.847984224557876587E-02
 3.090782165527343750E-01 3.848393633961677551E-02
 3.091380894184112549E-01 3.848802670836448669E-02
 3.091979324817657471E-01 3.849211335182189941E-02
 3.092578053474426270E-01 3.849619999527931213E-02
 3.093176782131195068E-01 3.850028663873672485E-02
 3.093775212764739990E-01 3.850437328219413757E-02
 3.094373941421508789E-01 3.850845620036125183E-02
 3.094972372055053711E-01 3.851253911852836609E-02
 3.095571100711822510E-01 3.851662203669548035E-02
 3.096169829368591309E-01 3.852070122957229614E-02
 3.096768260002136230E-01 3.852478042244911194E-02
 3.097366988658905029E-01 3.852885589003562927E-02
 3.097965419292449951E-01 3.853293135762214661E-02
 3.098564147949218750E-01 3.853700682520866394E-02
 3.099162876605987549E-01 3.854107856750488281E-02
 3.099761307239532471E-01 3.854515403509140015E-02
 3.100360035896301270E-01 3.854922205209732056E-02
 3.100958764553070068E-01 3.855329379439353943E-02
 3.101557195186614990E-01 3.855736181139945984E-02
 3.102155923843383789E-01 3.856142982840538025E-02
 3.102754652500152588E-01 3.856549412012100220E-02
 3.103353083133697510E-01 3.856955841183662415E-02
 3.103951811790466309E-01 3.857362270355224609E-02
 3.104550242424011230E-01 3.857768326997756958E-02
 3.105148971080780029E-01 3.858174383640289307E-02
 3.105747699737548828E-01 3.858580440282821655E-02
 3.106346130371093750E-01 3.858986124396324158E-02
 3.106944859027862549E-01 3.859391808509826660E-02
 3.107543587684631348E-01 3.859797492623329163E-02
 3.108142018318176270E-01 3.860202804207801819E-02
 3.108740746974945068E-01 3.860608115792274475E-02
 3.109339475631713867E-01 3.861013427376747131E-02
 3.109937906265258789E-01 3.861418366432189941E-02
 3.110536634922027588E-01 3.861823305487632751E-02
 3.111135363578796387E-01 3.862227872014045715E-02
 3.111733794212341309E-01 3.862632811069488525E-02
 3.112332522869110107E-01 3.863037377595901489E-02
 3.112931251525878906E-01 3.863441571593284607E-02
 3.113529980182647705E-01 3.863845765590667725E-02
 3.114128410816192627E-01 3.864249959588050842E-02
 3.114727139472961426E-01 3.864654153585433960E-02
 3.115325868129730225E-01 3.865057975053787231E-02
 3.115924298763275146E-01 3.865461796522140503E-02
 3.116523027420043945E-01 3.865865245461463928E-02
 3.117121756076812744E-01 3.866268694400787354E-02
 3.117720186710357666E-01 3.866672143340110779E-02
 3.118318915367126465E-01 3.867075219750404358E-02
 3.118917644023895264E-01 3.867478668689727783E-02
 3.119516372680664062E-01 3.867881372570991516E-02
 3.120114803314208984E-01 3.868284448981285095E-02
 3.120713531970977783E-01 3.868687152862548828E-02
 3.121312260627746582E-01 3.869089484214782715E-02
 3.121910691261291504E-01 3.869492188096046448E-02
 3.122509419918060303E-01 3.869894519448280334E-02
 3.123108148574829102E-01 3.870296850800514221E-02
 3.123706877231597900E-01 3.870698809623718262E-02
 3.124305307865142822E-01 3.871100768446922302E-02
 3.124904036521911621E-01 3.871502727270126343E-02
 3.125502765178680420E-01 3.871904313564300537E-02
 3.126101493835449219E-01 3.872305899858474731E-02
 3.126699924468994141E-01 3.872707113623619080E-02
 3.127298653125762939E-01 3.873108699917793274E-02
 3.127897381782531738E-01 3.873509913682937622E-02
 3.128496110439300537E-01 3.873910754919052124E-02
 3.129094541072845459E-01 3.874311968684196472E-02
 3.129693269729614258E-01 3.874712437391281128E-02
 3.130291998386383057E-01 3.875113278627395630E-02
 3.130890727043151855E-01 3.875513747334480286E-02
 3.131489455699920654E-01 3.875914216041564941E-02
 3.132087886333465576E-01 3.876314684748649597E-02
 3.132686614990234375E-01 3.876714780926704407E-02
 3.133285343647003174E-01 3.877114877104759216E-02
 3.133884072303771973E-01 3.877514600753784180E-02
 3.134482800960540771E-01 3.877914324402809143E-02
 3.135081231594085693E-01 3.878314048051834106E-02
 3.135679960250854492E-01 3.878713771700859070E-02
 3.136278688907623291E-01 3.879113122820854187E-02
 3.136877417564392090E-01 3.879512101411819458E-02
 3.137476146221160889E-01 3.879911452531814575E-02
 3.138074576854705811E-01 3.880310431122779846E-02
 3.138673305511474609E-01 3.880709409713745117E-02
 3.139272034168243408E-01 3.881108015775680542E-02
 3.139870762825012207E-01 3.881506621837615967E-02
 3.140469491481781006E-01 3.881905227899551392E-02
 3.141067922115325928E-01 3.882303461432456970E-02
 3.141666650772094727E-01 3.882701694965362549E-02
 3.142265379428863525E-01 3.883099928498268127E-02
 3.142864108085632324E-01 3.883497789502143860E-02
 3.143462836742401123E-01 3.883895650506019592E-02
 3.144061565399169922E-01 3.884293511509895325E-02
 3.144659996032714844E-01 3.884690999984741211E-02
 3.145258724689483643E-01 3.885088488459587097E-02
 3.145857453346252441E-01 3.885485976934432983E-02
 3.146456182003021240E-01 3.885883092880249023E-02
 3.147054910659790039E-01 3.886280208826065063E-02
 3.147653639316558838E-01 3.886676952242851257E-02
 3.148252367973327637E-01 3.887074068188667297E-02
 3.148850798606872559E-01 3.887470439076423645E-02
 3.149449527263641357E-01 3.887867182493209839E-02
 3.150048255920410156E-01 3.888263553380966187E-02
 3.150646984577178955E-01 3.888659924268722534E-02
 3.151245713233947754E-01 3.889056295156478882E-02
 3.151844441890716553E-01 3.889452293515205383E-02
 3.152443170547485352E-01 3.889848291873931885E-02
 3.153041601181030273E-01 3.890243917703628540E-02
 3.153640329837799072E-01 3.890639543533325195E-02
 3.154239058494567871E-01 3.891035169363021851E-02
 3.154837787151336670E-01 3.891430422663688660E-02
 3.155436515808105469E-01 3.891825675964355469E-02
 3.156035244464874268E-01 3.892220929265022278E-02
 3.156633973121643066E-01 3.892616182565689087E-02
 3.157232701778411865E-01 3.893011063337326050E-02
 3.157831430435180664E-01 3.893405571579933167E-02
 3.158430159091949463E-01 3.893800452351570129E-02
 3.159028589725494385E-01 3.894194960594177246E-02
 3.159627318382263184E-01 3.894589096307754517E-02
 3.160226047039031982E-01 3.894983604550361633E-02
 3.160824775695800781E-01 3.895377740263938904E-02
 3.161423504352569580E-01 3.895771503448486328E-02
 3.162022233009338379E-01 3.896165639162063599E-02
 3.162620961666107178E-01 3.896559402346611023E-02
 3.163219690322875977E-01 3.896952793002128601E-02
 3.163818418979644775E-01 3.897346556186676025E-02
 3.164417147636413574E-01 3.897739946842193604E-02
 3.165015876293182373E-01 3.898132964968681335E-02
 3.165614604949951172E-01 3.898525983095169067E-02
 3.166213333606719971E-01 3.898919001221656799E-02
 3.166812062263488770E-01 3.899312019348144531E-02
 3.167410492897033691E-01 3.899704664945602417E-02
 3.168009221553802490E-01 3.900097310543060303E-02
 3.168607950210571289E-01 3.900489583611488342E-02
 3.169206678867340088E-01 3.900882229208946228E-02
 3.169805407524108887E-01 3.901274129748344421E-02
 3.170404136180877686E-01 3.901666402816772461E-02
 3.171002864837646484E-01 3.902058303356170654E-02
 3.171601593494415283E-01 3.902450203895568848E-02
 3.172200322151184082E-01 3.902841731905937195E-02
 3.172799050807952881E-01 3.903233259916305542E-02
 3.173397779464721680E-01 3.903624787926673889E-02
 3.173996508121490479E-01 3.904016315937042236E-02
 3.174595236778259277E-01 3.904407471418380737E-02
 3.175193965435028076E-01 3.904798254370689392E-02
 3.175792694091796875E-01 3.905189409852027893E-02
 3.176391422748565674E-01 3.905580192804336548E-02
 3.176990151405334473E-01 3.905970975756645203E-02
 3.177588880062103271E-01 3.906361386179924011E-02
 3.178187608718872070E-01 3.906751796603202820E-02
 3.178786337375640869E-01 3.907142207026481628E-02
 3.179385066032409668E-01 3.907532244920730591E-02
 3.179983794689178467E-01 3.907922282814979553E-02
 3.180582523345947266E-01 3.908311948180198669E-02
 3.181181252002716064E-01 3.908701986074447632E-02
 3.181779980659484863E-01 3.909091651439666748E-02
 3.182378709316253662E-01 3.909480944275856018E-02
 3.182977437973022461E-01 3.909870609641075134E-02
 3.183576166629791260E-01 3.910259529948234558E-02
 3.184174895286560059E-01 3.910648822784423828E-02
 3.184773623943328857E-01 3.911037743091583252E-02
 3.185372352600097656E-01 3.911426663398742676E-02
 3.185971081256866455E-01 3.911815583705902100E-02
 3.186569809913635254E-01 3.912204131484031677E-02
 3.187168538570404053E-01 3.912592679262161255E-02
 3.187767267227172852E-01 3.912980854511260986E-02
 3.188365995883941650E-01 3.913369029760360718E-02
 3.188964724540710449E-01 3.913757205009460449E-02
 3.189563751220703125E-01 3.914145380258560181E-02
 3.190162479877471924E-01 3.914533182978630066E-02
 3.190761208534240723E-01 3.914920985698699951E-02
 3.191359937191009521E-01 3.915308415889739990E-02
 3.191958665847778320E-01 3.915695846080780029E-02
 3.192557394504547119E-01 3.916083276271820068E-02
 3.193156123161315918E-01 3.916470333933830261E-02
 3.193754851818084717E-01 3.916857391595840454E-02
 3.194353580474853516E-01 3.917244449257850647E-02
 3.194952309131622314E-01 3.917631134390830994E-02
 3.195551037788391113E-01 3.918017819523811340E-02
 3.196149766445159912E-01 3.918404504656791687E-02
 3.196748495101928711E-01 3.918790817260742188E-02
 3.197347223758697510E-01 3.919177129864692688E-02
 3.197946250438690186E-01 3.919563442468643188E-02
 3.198544979095458984E-01 3.919949382543563843E-02
 3.199143707752227783E-01 3.920335322618484497E-02
 3.199742436408996582E-01 3.920721262693405151E-02
 3.200341165065765381E-01 3.921106830239295959E-02
 3.200939893722534180E-01 3.921492397785186768E-02
 3.201538622379302979E-01 3.921877965331077576E-02
 3.202137351036071777E-01 3.922263160347938538E-02
 3.202736079692840576E-01 3.922648355364799500E-02
 3.203335106372833252E-01 3.923033177852630615E-02
 3.203933835029602051E-01 3.923418000340461731E-02
 3.204532563686370850E-01 3.923802822828292847E-02
 3.205131292343139648E-01 3.924187645316123962E-02
 3.205730020999908447E-01 3.924572095274925232E-02
 3.206328749656677246E-01 3.924956545233726501E-02
 3.206927478313446045E-01 3.925340622663497925E-02
 3.207526206970214844E-01 3.925724700093269348E-02
 3.208125233650207520E-01 3.926108777523040771E-02
 3.208723962306976318E-01 3.926492854952812195E-02
 3.209322690963745117E-01 3.926876559853553772E-02
 3.209921419620513916E-01 3.927260264754295349E-02
 3.210520148277282715E-01 3.927643597126007080E-02
 3.211118876934051514E-01 3.928026929497718811E-02
 3.211717605590820312E-01 3.928410261869430542E-02
 3.212316632270812988E-01 3.928793221712112427E-02
 3.212915360927581787E-01 3.929176181554794312E-02
 3.213514089584350586E-01 3.929559141397476196E-02
 3.214112818241119385E-01 3.929941728711128235E-02
 3.214711546897888184E-01 3.930324316024780273E-02
 3.215310275554656982E-01 3.930706903338432312E-02
 3.215909302234649658E-01 3.931089118123054504E-02
 3.216508030891418457E-01 3.931471332907676697E-02
 3.217106759548187256E-01 3.931853547692298889E-02
 3.217705488204956055E-01 3.932235389947891235E-02
 3.218304216861724854E-01 3.932617232203483582E-02
 3.218903243541717529E-01 3.932999074459075928E-02
 3.219501972198486328E-01 3.933380544185638428E-02
 3.220100700855255127E-01 3.933762013912200928E-02
 3.220699429512023926E-01 3.934143111109733582E-02
 3.221298158168792725E-01 3.934524208307266235E-02
 3.221896886825561523E-01 3.934905305504798889E-02
 3.222495913505554199E-01 3.935286402702331543E-02
 3.223094642162322998E-01 3.935667127370834351E-02
 3.223693370819091797E-01 3.936047852039337158E-02
 3.224292099475860596E-01 3.936428204178810120E-02
 3.224891126155853271E-01 3.936808928847312927E-02
 3.225489854812622070E-01 3.937188908457756042E-02
 3.226088583469390869E-01 3.937569260597229004E-02
 3.226687312126159668E-01 3.937949240207672119E-02
 3.227286040782928467E-01 3.938329219818115234E-02
 3.227885067462921143E-01 3.938708826899528503E-02
 3.228483796119689941E-01 3.939088433980941772E-02
 3.229082524776458740E-01 3.939468041062355042E-02
 3.229681253433227539E-01 3.939847275614738464E-02
 3.230280280113220215E-01 3.940226510167121887E-02
 3.230879008769989014E-01 3.940605744719505310E-02
 3.231477737426757812E-01 3.940984606742858887E-02
 3.232076466083526611E-01 3.941363468766212463E-02
 3.232675492763519287E-01 3.941742330789566040E-02
 3.233274221420288086E-01 3.942120820283889771E-02
 3.233872950077056885E-01 3.942499309778213501E-02
 3.234471678733825684E-01 3.942877799272537231E-02
 3.235070705413818359E-01 3.943255916237831116E-02
 3.235669434070587158E-01 3.943634033203125000E-02
 3.236268162727355957E-01 3.944012150168418884E-02
 3.236866891384124756E-01 3.944389894604682922E-02
 3.237465918064117432E-01 3.944767639040946960E-02
 3.238064646720886230E-01 3.945145383477210999E-02
 3.238663375377655029E-01 3.945522755384445190E-02
 3.239262402057647705E-01 3.945900127291679382E-02
 3.239861130714416504E-01 3.946277126669883728E-02
 3.240459859371185303E-01 3.946654126048088074E-02
 3.241058588027954102E-01 3.947031125426292419E-02
 3.241657614707946777E-01 3.947408124804496765E-02
 3.242256343364715576E-01 3.947784751653671265E-02
 3.242855072021484375E-01 3.948161378502845764E-02
 3.243454098701477051E-01 3.948537632822990417E-02
 3.244052827358245850E-01 3.948913887143135071E-02
 3.244651556015014648E-01 3.949290141463279724E-02
 3.245250284671783447E-01 3.949666395783424377E-02
 3.245849311351776123E-01 3.950042277574539185E-02
 3.246448040008544922E-01 3.950417786836624146E-02
 3.247046768665313721E-01 3.950793668627738953E-02
 3.247645795345306396E-01 3.951169177889823914E-02
 3.248244524002075195E-01 3.951544687151908875E-02
 3.248843252658843994E-01 3.951919823884963989E-02
 3.249442279338836670E-01 3.952294960618019104E-02
 3.250041007995605469E-01 3.952670097351074219E-02
 3.250639736652374268E-01 3.953044861555099487E-02
 3.251238763332366943E-01 3.953419625759124756E-02
 3.251837491989135742E-01 3.953794389963150024E-02
 3.252436220645904541E-01 3.954168781638145447E-02
 3.253035247325897217E-01 3.954543173313140869E-02
 3.253633975982666016E-01 3.954917564988136292E-02
 3.254232704639434814E-01 3.955291584134101868E-02
 3.254831731319427490E-01 3.955665603280067444E-02
 3.255430459976196289E-01 3.956039249897003174E-02
 3.256029188632965088E-01 3.956413269042968750E-02
 3.256628215312957764E-01 3.956786543130874634E-02
 3.257226943969726562E-01 3.957160189747810364E-02
 3.257825970649719238E-01 3.957533463835716248E-02
 3.258424699306488037E-01 3.957906737923622131E-02
 3.259023427963256836E-01 3.958280012011528015E-02
 3.259622454643249512E-01 3.958652913570404053E-02
 3.260221183300018311E-01 3.959025815129280090E-02
 3.260819911956787109E-01 3.959398344159126282E-02
 3.261418938636779785E-01 3.959770873188972473E-02
 3.262017667293548584E-01 3.960143402218818665E-02
 3.262616693973541260E-01 3.960515558719635010E-02
 3.263215422630310059E-01 3.960888087749481201E-02
 3.263814151287078857E-01 3.961259871721267700E-02
 3.264413177967071533E-01 3.961632028222084045E-02
 3.265011906623840332E-01 3.962003812193870544E-02
 3.265610933303833008E-01 3.962375596165657043E-02
 3.266209661960601807E-01 3.962747007608413696E-02
 3.266808390617370605E-01 3.963118419051170349E-02
 3.267407417297363281E-01 3.963489830493927002E-02
 3.268006145954132080E-01 3.963860869407653809E-02
 3.268605172634124756E-01 3.964231908321380615E-02
 3.269203901290893555E-01 3.964602947235107422E-02
 3.269802629947662354E-01 3.964973613619804382E-02
 3.270401656627655029E-01 3.965344280004501343E-02
 3.271000385284423828E-01 3.965714946389198303E-02
 3.271599411964416504E-01 3.966085240244865417E-02
 3.272198140621185303E-01 3.966455534100532532E-02
 3.272797167301177979E-01 3.966825455427169800E-02
 3.273395895957946777E-01 3.967195749282836914E-02
 3.273994624614715576E-01 3.967565670609474182E-02
 3.274593651294708252E-01 3.967935219407081604E-02
 3.275192379951477051E-01 3.968304768204689026E-02
 3.275791406631469727E-01 3.968674317002296448E-02
 3.276390135288238525E-01 3.969043865799903870E-02
 3.276989161968231201E-01 3.969413042068481445E-02
 3.277587890625000000E-01 3.969782218337059021E-02
 3.278186917304992676E-01 3.970151022076606750E-02
 3.278785645961761475E-01 3.970519825816154480E-02
 3.279384374618530273E-01 3.970888629555702209E-02
 3.279983401298522949E-01 3.971257433295249939E-02
 3.280582129955291748E-01 3.971625864505767822E-02
 3.281181156635284424E-01 3.971994295716285706E-02
 3.281779885292053223E-01 3.972362354397773743E-02
 3.282378911972045898E-01 3.972730413079261780E-02
 3.282977640628814697E-01 3.973098471760749817E-02
 3.283576667308807373E-01 3.973466157913208008E-02
 3.284175395965576172E-01 3.973833844065666199E-02
 3.284774422645568848E-01 3.974201530218124390E-02
 3.285373151302337646E-01 3.974568843841552734E-02
 3.285972177982330322E-01 3.974936157464981079E-02
 3.286570906639099121E-01 3.975303471088409424E-02
 3.287169933319091797E-01 3.975670412182807922E-02
 3.287768661975860596E-01 3.976037353277206421E-02
 3.288367688655853271E-01 3.976404294371604919E-02
 3.288966417312622070E-01 3.976770862936973572E-02
 3.289565443992614746E-01 3.977137431502342224E-02
 3.290164172649383545E-01 3.977504000067710876E-02
 3.290763199329376221E-01 3.977870196104049683E-02
 3.291361927986145020E-01 3.978236392140388489E-02
 3.291960954666137695E-01 3.978602588176727295E-02
 3.292559683322906494E-01 3.978968411684036255E-02
 3.293158710002899170E-01 3.979334235191345215E-02
 3.293757438659667969E-01 3.979699686169624329E-02
 3.294356465339660645E-01 3.980065137147903442E-02
 3.294955193996429443E-01 3.980430588126182556E-02
 3.295554220676422119E-01 3.980796039104461670E-02
 3.296152949333190918E-01 3.981161117553710938E-02
 3.296751976013183594E-01 3.981526196002960205E-02
 3.297351002693176270E-01 3.981890901923179626E-02
 3.297949731349945068E-01 3.982255607843399048E-02
 3.298548758029937744E-01 3.982620313763618469E-02
 3.299147486686706543E-01 3.982985019683837891E-02
 3.299746513366699219E-01 3.983349353075027466E-02
 3.300345242023468018E-01 3.983713313937187195E-02
 3.300944268703460693E-01 3.984077647328376770E-02
 3.301542997360229492E-01 3.984441608190536499E-02
 3.302142024040222168E-01 3.984805569052696228E-02
 3.302741050720214844E-01 3.985169157385826111E-02
 3.303339779376983643E-01 3.985532745718955994E-02
 3.303938806056976318E-01 3.985896334052085876E-02
 3.304537534713745117E-01 3.986259549856185913E-02
 3.305136561393737793E-01 3.986622765660285950E-02
 3.305735290050506592E-01 3.986985981464385986E-02
 3.306334316730499268E-01 3.987348824739456177E-02
 3.306933343410491943E-01 3.987711668014526367E-02
 3.307532072067260742E-01 3.988074138760566711E-02
 3.308131098747253418E-01 3.988436982035636902E-02
 3.308729827404022217E-01 3.988799452781677246E-02
 3.309328854084014893E-01 3.989161550998687744E-02
 3.309927582740783691E-01 3.989523649215698242E-02
 3.310526609420776367E-01 3.989885747432708740E-02
 3.311125636100769043E-01 3.990247845649719238E-02
 3.311724364757537842E-01 3.990609571337699890E-02
 3.312323391437530518E-01 3.990971297025680542E-02
 3.312922120094299316E-01 3.991332650184631348E-02
 3.313521146774291992E-01 3.991694375872612000E-02
 3.314120173454284668E-01 3.992055356502532959E-02
 3.314718902111053467E-01 3.992416709661483765E-02
 3.315317928791046143E-01 3.992777690291404724E-02
 3.315916955471038818E-01 3.993138670921325684E-02
 3.316515684127807617E-01 3.993499279022216797E-02
 3.317114710807800293E-01 3.993859887123107910E-02
 3.317713439464569092E-01 3.994220495223999023E-02
 3.318312466144561768E-01 3.994581103324890137E-02
 3.318911492824554443E-01 3.994941338896751404E-02
 3.319510221481323242E-01 3.995301201939582825E-02
 3.320109248161315918E-01 3.995661437511444092E-02
 3.320708274841308594E-01 3.996021300554275513E-02
 3.321307003498077393E-01 3.996381163597106934E-02
 3.321906030178070068E-01 3.996740654110908508E-02
 3.322505056858062744E-01 3.997100144624710083E-02
 3.323103785514831543E-01 3.997459635138511658E-02
 3.323702812194824219E-01 3.997818753123283386E-02
 3.324301838874816895E-01 3.998177871108055115E-02
 3.324900567531585693E-01 3.998536616563796997E-02
 3.325499594211578369E-01 3.998895734548568726E-02
 3.326098322868347168E-01 3.999254480004310608E-02
 3.326697349548339844E-01 3.999612852931022644E-02
 3.327296376228332520E-01 3.999971598386764526E-02
 3.327895402908325195E-01 4.000329598784446716E-02
 3.328494131565093994E-01 4.000687971711158752E-02
 3.329093158245086670E-01 4.001045972108840942E-02
 3.329692184925079346E-01 4.001403972506523132E-02
 3.330290913581848145E-01 4.001761972904205322E-02
 3.330889940261840820E-01 4.002119600772857666E-02
 3.331488966941833496E-01 4.002477228641510010E-02
 3.332087695598602295E-01 4.002834483981132507E-02
 3.332686722278594971E-01 4.003191739320755005E-02
 3.333285748958587646E-01 4.003548994660377502E-02
 3.333884477615356445E-01 4.003905877470970154E-02
 3.334483504295349121E-01 4.004263132810592651E-02
 3.335082530975341797E-01 4.004619643092155457E-02
 3.335681259632110596E-01 4.004976525902748108E-02
 3.336280286312103271E-01 4.005333036184310913E-02
 3.336879312992095947E-01 4.005689546465873718E-02
 3.337478339672088623E-01 4.006045684218406677E-02
 3.338077068328857422E-01 4.006401821970939636E-02
 3.338676095008850098E-01 4.006757959723472595E-02
 3.339275121688842773E-01 4.007113724946975708E-02
 3.339873850345611572E-01 4.007469490170478821E-02
 3.340472877025604248E-01 4.007825255393981934E-02
 3.341071903705596924E-01 4.008180648088455200E-02
 3.341670930385589600E-01 4.008536040782928467E-02
 3.342269659042358398E-01 4.008891433477401733E-02
 3.342868685722351074E-01 4.009246453642845154E-02
 3.343467712402343750E-01 4.009601473808288574E-02
 3.344066739082336426E-01 4.009956493973731995E-02
 3.344665467739105225E-01 4.010311141610145569E-02
 3.345264494419097900E-01 4.010665789246559143E-02
 3.345863521099090576E-01 4.011020064353942871E-02
 3.346462547779083252E-01 4.011374711990356445E-02
 3.347061276435852051E-01 4.011728614568710327E-02
 3.347660303115844727E-01 4.012082889676094055E-02
 3.348259329795837402E-01 4.012436792254447937E-02
 3.348858356475830078E-01 4.012790694832801819E-02
 3.349457085132598877E-01 4.013144224882125854E-02
 3.350056111812591553E-01 4.013498127460479736E-02
 3.350655138492584229E-01 4.013851284980773926E-02
 3.351254165172576904E-01 4.014204815030097961E-02
 3.351852893829345703E-01 4.014557972550392151E-02
 3.352451920509338379E-01 4.014911130070686340E-02
 3.353050947189331055E-01 4.015263915061950684E-02
 3.353649973869323730E-01 4.015616700053215027E-02
 3.354249000549316406E-01 4.015969485044479370E-02
 3.354847729206085205E-01 4.016322270035743713E-02
 3.355446755886077881E-01 4.016674682497978210E-02
 3.356045782566070557E-01 4.017026722431182861E-02
 3.356644809246063232E-01 4.017379134893417358E-02
 3.357243835926055908E-01 4.017731174826622009E-02
 3.357842564582824707E-01 4.018082842230796814E-02
 3.358441591262817383E-01 4.018434882164001465E-02
 3.359040617942810059E-01 4.018786549568176270E-02
 3.359639644622802734E-01 4.019137844443321228E-02
 3.360238671302795410E-01 4.019489511847496033E-02
 3.360837399959564209E-01 4.019840806722640991E-02
 3.361436426639556885E-01 4.020191729068756104E-02
 3.362035453319549561E-01 4.020542651414871216E-02
 3.362634479999542236E-01 4.020893573760986328E-02
 3.363233506679534912E-01 4.021244496107101440E-02
 3.363832533359527588E-01 4.021595045924186707E-02
 3.364431262016296387E-01 4.021945595741271973E-02
 3.365030288696289062E-01 4.022296145558357239E-02
 3.365629315376281738E-01 4.022646322846412659E-02
 3.366228342056274414E-01 4.022996500134468079E-02
 3.366827368736267090E-01 4.023346304893493652E-02
 3.367426395416259766E-01 4.023696109652519226E-02
 3.368025124073028564E-01 4.024045914411544800E-02
 3.368624150753021240E-01 4.024395719170570374E-02
 3.369223177433013916E-01 4.024745151400566101E-02
 3.369822204113006592E-01 4.025094583630561829E-02
 3.370421230792999268E-01 4.025443643331527710E-02
 3.371020257472991943E-01 4.025792703032493591E-02
 3.371618986129760742E-01 4.026141762733459473E-02
 3.372218012809753418E-01 4.026490449905395508E-02
 3.372817039489746094E-01 4.026839137077331543E-02
 3.373416066169738770E-01 4.027187824249267578E-02
 3.374015092849731445E-01 4.027536138892173767E-02
 3.374614119529724121E-01 4.027884453535079956E-02
 3.375213146209716797E-01 4.028232768177986145E-02
 3.375812172889709473E-01 4.028580710291862488E-02
 3.376410901546478271E-01 4.028928652405738831E-02
 3.377009928226470947E-01 4.029276594519615173E-02
 3.377608954906463623E-01 4.029624164104461670E-02
 3.378207981586456299E-01 4.029971733689308167E-02
 3.378807008266448975E-01 4.030319303274154663E-02
 3.379406034946441650E-01 4.030666500329971313E-02
 3.380005061626434326E-01 4.031013697385787964E-02
 3.380604088306427002E-01 4.031360894441604614E-02
 3.381203114986419678E-01 4.031707718968391418E-02
 3.381801843643188477E-01 4.032054543495178223E-02
 3.382400870323181152E-01 4.032401368021965027E-02
 3.382999897003173828E-01 4.032747820019721985E-02
 3.383598923683166504E-01 4.033094272017478943E-02
 3.384197950363159180E-01 4.033440351486206055E-02
 3.384796977043151855E-01 4.033786430954933167E-02
 3.385396003723144531E-01 4.034132510423660278E-02
 3.385995030403137207E-01 4.034478589892387390E-02
 3.386594057083129883E-01 4.034824296832084656E-02
 3.387193083763122559E-01 4.035170003771781921E-02
 3.387792110443115234E-01 4.035515338182449341E-02
 3.388391137123107910E-01 4.035860672593116760E-02
 3.388989865779876709E-01 4.036206007003784180E-02
 3.389588892459869385E-01 4.036550968885421753E-02
 3.390187919139862061E-01 4.036895930767059326E-02
 3.390786945819854736E-01 4.037240892648696899E-02
 3.391385972499847412E-01 4.037585482001304626E-02
 3.391984999179840088E-01 4.037930443882942200E-02
 3.392584025859832764E-01 4.038274660706520081E-02
 3.393183052539825439E-01 4.038619250059127808E-02
 3.393782079219818115E-01 4.038963466882705688E-02
 3.394381105899810791E-01 4.039307311177253723E-02
 3.394980132579803467E-01 4.039651528000831604E-02
 3.395579159259796143E-01 4.039995372295379639E-02
 3.396178185939788818E-01 4.040338844060897827E-02
 3.396777212619781494E-01 4.040682315826416016E-02
 3.397376239299774170E-01 4.041025787591934204E-02
 3.397975265979766846E-01 4.041369259357452393E-02
 3.398574292659759521E-01 4.041712358593940735E-02
 3.399173319339752197E-01 4.042055457830429077E-02
 3.399772346019744873E-01 4.042398557066917419E-02
 3.400371372699737549E-01 4.042741283774375916E-02
 3.400970399379730225E-01 4.043084010481834412E-02
 3.401569426059722900E-01 4.043426364660263062E-02
 3.402168452739715576E-01 4.043769091367721558E-02
 3.402767479419708252E-01 4.044111073017120361E-02
 3.403366506099700928E-01 4.044453427195549011E-02
 3.403965532779693604E-01 4.044795408844947815E-02
 3.404564261436462402E-01 4.045137390494346619E-02
 3.405163288116455078E-01 4.045478999614715576E-02
 3.405762314796447754E-01 4.045820608735084534E-02
 3.406361341476440430E-01 4.046162217855453491E-02
 3.406960368156433105E-01 4.046503826975822449E-02
 3.407559692859649658E-01 4.046845063567161560E-02
 3.408158719539642334E-01 4.047185927629470825E-02
 3.408757746219635010E-01 4.047527164220809937E-02
 3.409356772899627686E-01 4.047868028283119202E-02
 3.409955799579620361E-01 4.048208892345428467E-02
 3.410554826259613037E-01 4.048549383878707886E-02
 3.411153852939605713E-01 4.048889875411987305E-02
 3.411752879619598389E-01 4.049230366945266724E-02
 3.412351906299591064E-01 4.049570485949516296E-02
 3.412950932979583740E-01 4.049910604953765869E-02
 3.413549959659576416E-01 4.050250723958015442E-02
 3.414148986339569092E-01 4.050590470433235168E-02
 3.414748013019561768E-01 4.050930216908454895E-02
 3.415347039699554443E-01 4.051269590854644775E-02
 3.415946066379547119E-01 4.051609337329864502E-02
 3.416545093059539795E-01 4.051948711276054382E-02
 3.417144119739532471E-01 4.052287712693214417E-02
 3.417743146419525146E-01 4.052626714110374451E-02
 3.418342173099517822E-01 4.052965715527534485E-02
 3.418941199779510498E-01 4.053304716944694519E-02
 3.419540226459503174E-01 4.053643345832824707E-02
 3.420139253139495850E-01 4.053981974720954895E-02
 3.420738279819488525E-01 4.054320231080055237E-02
 3.421337306499481201E-01 4.054658487439155579E-02
 3.421936333179473877E-01 4.054996743798255920E-02
 3.422535359859466553E-01 4.055335000157356262E-02
 3.423134684562683105E-01 4.055672883987426758E-02
 3.423733711242675781E-01 4.056010767817497253E-02
 3.424332737922668457E-01 4.056348279118537903E-02
 3.424931764602661133E-01 4.056685790419578552E-02
 3.425530791282653809E-01 4.057023301720619202E-02
 3.426129817962646484E-01 4.057360440492630005E-02
 3.426728844642639160E-01 4.057697579264640808E-02
 3.427327871322631836E-01 4.058034718036651611E-02
 3.427926898002624512E-01 4.058371484279632568E-02
 3.428525924682617188E-01 4.058708623051643372E-02
 3.429124951362609863E-01 4.059045016765594482E-02
 3.429723978042602539E-01 4.059381783008575439E-02
 3.430323302745819092E-01 4.059718176722526550E-02
 3.430922329425811768E-01 4.060054197907447815E-02
 3.431521356105804443E-01 4.060390219092369080E-02
 3.432120382785797119E-01 4.060726240277290344E-02
 3.432719409465789795E-01 4.061062261462211609E-02
 3.433318436145782471E-01 4.061397910118103027E-02
 3.433917462825775146E-01 4.061733558773994446E-02
 3.434516489505767822E-01 4.062069207429885864E-02
 3.435115516185760498E-01 4.062404483556747437E-02
 3.435714840888977051E-01 4.062739759683609009E-02
 3.436313867568969727E-01 4.063074663281440735E-02
 3.436912894248962402E-01 4.063409939408302307E-02
 3.437511920928955078E-01 4.063744843006134033E-02
 3.438110947608947754E-01 4.064079374074935913E-02
 3.438709974288940430E-01 4.064413905143737793E-02
 3.439309000968933105E-01 4.064748436212539673E-02
 3.439908027648925781E-01 4.065082967281341553E-02
 3.440507352352142334E-01 4.065417125821113586E-02
 3.441106379032135010E-01 4.065750911831855774E-02
 3.441705405712127686E-01 4.066085070371627808E-02
 3.442304432392120361E-01 4.066418856382369995E-02
 3.442903459072113037E-01 4.066752642393112183E-02
 3.443502485752105713E-01 4.067086055874824524E-02
 3.444101810455322266E-01 4.067419469356536865E-02
 3.444700837135314941E-01 4.067752882838249207E-02
 3.445299863815307617E-01 4.068085923790931702E-02
 3.445898890495300293E-01 4.068418964743614197E-02
 3.446497917175292969E-01 4.068752005696296692E-02
 3.447096943855285645E-01 4.069084674119949341E-02
 3.447695970535278320E-01 4.069417342543601990E-02
 3.448295295238494873E-01 4.069750010967254639E-02
 3.448894321918487549E-01 4.070082306861877441E-02
 3.449493348598480225E-01 4.070414602756500244E-02
 3.450092375278472900E-01 4.070746898651123047E-02
 3.450691401958465576E-01 4.071078822016716003E-02
 3.451290726661682129E-01 4.071410745382308960E-02
 3.451889753341674805E-01 4.071742668747901917E-02
 3.452488780021667480E-01 4.072074219584465027E-02
 3.453087806701660156E-01 4.072405770421028137E-02
 3.453686833381652832E-01 4.072736948728561401E-02
 3.454286158084869385E-01 4.073068499565124512E-02
 3.454885184764862061E-01 4.073399305343627930E-02
 3.455484211444854736E-01 4.073730483651161194E-02
 3.456083238124847412E-01 4.074061289429664612E-02
 3.456682264804840088E-01 4.074392095208168030E-02
 3.457281589508056641E-01 4.074722528457641602E-02
 3.457880616188049316E-01 4.075053334236145020E-02
 3.458479642868041992E-01 4.075383394956588745E-02
 3.459078669548034668E-01 4.075713828206062317E-02
 3.459677696228027344E-01 4.076043888926506042E-02
 3.460277020931243896E-01 4.076373949646949768E-02
 3.460876047611236572E-01 4.076703637838363647E-02
 3.461475074291229248E-01 4.077033326029777527E-02
 3.462074100971221924E-01 4.077363014221191406E-02
 3.462673127651214600E-01 4.077692329883575439E-02
 3.463272452354431152E-01 4.078021645545959473E-02
 3.463871479034423828E-01 4.078350961208343506E-02
 3.464470505714416504E-01 4.078679904341697693E-02
 3.465069532394409180E-01 4.079008847475051880E-02
 3.465668857097625732E-01 4.079337790608406067E-02
 3.466267883777618408E-01 4.079666361212730408E-02
 3.466866910457611084E-01 4.079994931817054749E-02
 3.467465937137603760E-01 4.080323502421379089E-02
 3.468065261840820312E-01 4.080651700496673584E-02
 3.468664288520812988E-01 4.080979898571968079E-02
 3.469263315200805664E-01 4.081308096647262573E-02
 3.469862341880798340E-01 4.081635922193527222E-02
 3.470461666584014893E-01 4.081963747739791870E-02
 3.471060693264007568E-01 4.082291573286056519E-02
 3.471659719944000244E-01 4.082619026303291321E-02
 3.472258746623992920E-01 4.082946479320526123E-02
 3.472858071327209473E-01 4.083273559808731079E-02
 3.473457098007202148E-01 4.083600640296936035E-02
 3.474056124687194824E-01 4.083927720785140991E-02
 3.474655449390411377E-01 4.084254801273345947E-02
 3.475254476070404053E-01 4.084581509232521057E-02
 3.475853502750396729E-01 4.084908217191696167E-02
 3.476452529430389404E-01 4.085234552621841431E-02
 3.477051854133605957E-01 4.085560888051986694E-02
 3.477650880813598633E-01 4.085887223482131958E-02
 3.478249907493591309E-01 4.086213186383247375E-02
 3.478849232196807861E-01 4.086539149284362793E-02
 3.479448258876800537E-01 4.086865112185478210E-02
 3.480047285556793213E-01 4.087191075086593628E-02
 3.480646312236785889E-01 4.087516665458679199E-02
 3.481245636940002441E-01 4.087841883301734924E-02
 3.481844663619995117E-01 4.088167473673820496E-02
 3.482443690299987793E-01 4.088492691516876221E-02
 3.483043015003204346E-01 4.088817536830902100E-02
 3.483642041683197021E-01 4.089142754673957825E-02
 3.484241068363189697E-01 4.089467599987983704E-02
 3.484840393066406250E-01 4.089792072772979736E-02
 3.485439419746398926E-01 4.090116918087005615E-02
 3.486038446426391602E-01 4.090441390872001648E-02
 3.486637771129608154E-01 4.090765491127967834E-02
 3.487236797809600830E-01 4.091089591383934021E-02
 3.487835824489593506E-01 4.091413691639900208E-02
 3.488435149192810059E-01 4.091737791895866394E-02
 3.489034175872802734E-01 4.092061519622802734E-02
 3.489633202552795410E-01 4.092385247349739075E-02
 3.490232527256011963E-01 4.092708602547645569E-02
 3.490831553936004639E-01 4.093032330274581909E-02
 3.491430580615997314E-01 4.093355685472488403E-02
 3.492029905319213867E-01 4.093678668141365051E-02
 3.492628931999206543E-01 4.094001650810241699E-02
 3.493227958679199219E-01 4.094324633479118347E-02
 3.493827283382415771E-01 4.094647243618965149E-02
 3.494426310062408447E-01 4.094970226287841797E-02
 3.495025336742401123E-01 4.095292463898658752E-02
 3.495624661445617676E-01 4.095615074038505554E-02
 3.496223688125610352E-01 4.095937311649322510E-02
 3.496822714805603027E-01 4.096259549260139465E-02
 3.497422039508819580E-01 4.096581414341926575E-02
 3.498021066188812256E-01 4.096903279423713684E-02
 3.498620390892028809E-01 4.097225144505500793E-02
 3.499219417572021484E-01 4.097546637058258057E-02
 3.499818444252014160E-01 4.097868129611015320E-02
 3.500417768955230713E-01 4.098189622163772583E-02
 3.501016795635223389E-01 4.098510742187500000E-02
 3.501615822315216064E-01 4.098831862211227417E-02
 3.502215147018432617E-01 4.099152982234954834E-02
 3.502814173698425293E-01 4.099473729729652405E-02
 3.503413498401641846E-01 4.099794477224349976E-02
 3.504012525081634521E-01 4.100115224719047546E-02
 3.504611551761627197E-01 4.100435599684715271E-02
 3.505210876464843750E-01 4.100755974650382996E-02
 3.505809903144836426E-01 4.101075977087020874E-02
 3.506409227848052979E-01 4.101396352052688599E-02
 3.507008254528045654E-01 4.101716354489326477E-02
 3.507607281208038330E-01 4.102035984396934509E-02
 3.508206605911254883E-01 4.102355614304542542E-02
 3.508805632591247559E-01 4.102675244212150574E-02
 3.509404957294464111E-01 4.102994874119758606E-02
 3.510003983974456787E-01 4.103314131498336792E-02
 3.510603010654449463E-01 4.103633388876914978E-02
 3.511202335357666016E-01 4.103952273726463318E-02
 3.511801362037658691E-01 4.104271158576011658E-02
 3.512400686740875244E-01 4.104590043425559998E-02
 3.512999713420867920E-01 4.104908555746078491E-02
 3.513598740100860596E-01 4.105227068066596985E-02
 3.514198064804077148E-01 4.105545580387115479E-02
 3.514797091484069824E-01 4.105864092707633972E-02
 3.515396416187286377E-01 4.106182232499122620E-02
 3.515995442867279053E-01 4.106499999761581421E-02
 3.516594767570495605E-01 4.106818139553070068E-02
 3.517193794250488281E-01 4.107135906815528870E-02
 3.517793118953704834E-01 4.107453301548957825E-02
 3.518392145633697510E-01 4.107771068811416626E-02
 3.518991172313690186E-01 4.108088463544845581E-02
 3.519590497016906738E-01 4.108405485749244690E-02
 3.520189523696899414E-01 4.108722880482673645E-02
 3.520788848400115967E-01 4.109039902687072754E-02
 3.521387875080108643E-01 4.109356552362442017E-02
 3.521987199783325195E-01 4.109673574566841125E-02
 3.522586226463317871E-01 4.109990224242210388E-02
 3.523185551166534424E-01 4.110306501388549805E-02
 3.523784577846527100E-01 4.110622778534889221E-02
 3.524383902549743652E-01 4.110939055681228638E-02
 3.524982929229736328E-01 4.111255332827568054E-02
 3.525581955909729004E-01 4.111571237444877625E-02
 3.526181280612945557E-01 4.111887142062187195E-02
 3.526780307292938232E-01 4.112202674150466919E-02
 3.527379631996154785E-01 4.112518578767776489E-02
 3.527978658676147461E-01 4.112833738327026367E-02
 3.528577983379364014E-01 4.113149270415306091E-02
 3.529177010059356689E-01 4.113464429974555969E-02
 3.529776334762573242E-01 4.113779589533805847E-02
 3.530375361442565918E-01 4.114094376564025879E-02
 3.530974686145782471E-01 4.114409163594245911E-02
 3.531573712825775146E-01 4.114723950624465942E-02
 3.532173037528991699E-01 4.115038365125656128E-02
 3.532772064208984375E-01 4.115353152155876160E-02
 3.533371388912200928E-01 4.115667194128036499E-02
 3.533970415592193604E-01 4.115981608629226685E-02
 3.534569740295410156E-01 4.116295650601387024E-02
 3.535168766975402832E-01 4.116609320044517517E-02
 3.535768091678619385E-01 4.116923362016677856E-02
 3.536367118358612061E-01 4.117237031459808350E-02
 3.536966443061828613E-01 4.117550328373908997E-02
 3.537565469741821289E-01 4.117863997817039490E-02
 3.538164794445037842E-01 4.118177294731140137E-02
 3.538763821125030518E-01 4.118490219116210938E-02
 3.539363145828247070E-01 4.118803143501281738E-02
 3.539962470531463623E-01 4.119116067886352539E-02
 3.540561497211456299E-01 4.119428992271423340E-02
 3.541160821914672852E-01 4.119741544127464294E-02
 3.541759848594665527E-01 4.120054095983505249E-02
 3.542359173297882080E-01 4.120366647839546204E-02
 3.542958199977874756E-01 4.120678827166557312E-02
 3.543557524681091309E-01 4.120991006493568420E-02
 3.544156551361083984E-01 4.121302813291549683E-02
 3.544755876064300537E-01 4.121614620089530945E-02
 3.545354902744293213E-01 4.121926426887512207E-02
 3.545954227447509766E-01 4.122238233685493469E-02
 3.546553254127502441E-01 4.122549667954444885E-02
 3.547152578830718994E-01 4.122861102223396301E-02
 3.547751903533935547E-01 4.123172163963317871E-02
 3.548350930213928223E-01 4.123483225703239441E-02
 3.548950254917144775E-01 4.123794287443161011E-02
 3.549549281597137451E-01 4.124104976654052734E-02
 3.550148606300354004E-01 4.124416038393974304E-02
 3.550747632980346680E-01 4.124726355075836182E-02
 3.551346957683563232E-01 4.125037044286727905E-02
 3.551946282386779785E-01 4.125347360968589783E-02
 3.552545309066772461E-01 4.125657305121421814E-02
 3.553144633769989014E-01 4.125967621803283691E-02
 3.553743660449981689E-01 4.126277565956115723E-02
 3.554342985153198242E-01 4.126587137579917908E-02
 3.554942011833190918E-01 4.126897081732749939E-02
 3.555541336536407471E-01 4.127206653356552124E-02
 3.556140661239624023E-01 4.127515852451324463E-02
 3.556739687919616699E-01 4.127825424075126648E-02
 3.557339012622833252E-01 4.128134250640869141E-02
 3.557938039302825928E-01 4.128443449735641479E-02
 3.558537364006042480E-01 4.128752276301383972E-02
 3.559136688709259033E-01 4.129061102867126465E-02
 3.559735715389251709E-01 4.129369929432868958E-02
 3.560335040092468262E-01 4.129678383469581604E-02
 3.560934066772460938E-01 4.129986837506294250E-02
 3.561533391475677490E-01 4.130294919013977051E-02
 3.562132716178894043E-01 4.130603373050689697E-02
 3.562731742858886719E-01 4.130911082029342651E-02
 3.563331067562103271E-01 4.131219163537025452E-02
 3.563930094242095947E-01 4.131526872515678406E-02
 3.564529418945312500E-01 4.131834581494331360E-02
 3.565128743648529053E-01 4.132141917943954468E-02
 3.565727770328521729E-01 4.132449254393577576E-02
 3.566327095031738281E-01 4.132756590843200684E-02
 3.566926419734954834E-01 4.133063927292823792E-02
 3.567525446414947510E-01 4.133370891213417053E-02
 3.568124771118164062E-01 4.133677482604980469E-02
 3.568723797798156738E-01 4.133984446525573730E-02
 3.569323122501373291E-01 4.134291037917137146E-02
 3.569922447204589844E-01 4.134597629308700562E-02
 3.570521473884582520E-01 4.134903848171234131E-02
 3.571120798587799072E-01 4.135210067033767700E-02
 3.571720123291015625E-01 4.135516285896301270E-02
 3.572319149971008301E-01 4.135822132229804993E-02
 3.572918474674224854E-01 4.136127978563308716E-02
 3.573517799377441406E-01 4.136433452367782593E-02
 3.574116826057434082E-01 4.136739298701286316E-02
 3.574716150760650635E-01 4.137044772505760193E-02
 3.575315475463867188E-01 4.137349873781204224E-02
 3.575914502143859863E-01 4.137655347585678101E-02
 3.576513826847076416E-01 4.137960076332092285E-02
 3.577113151550292969E-01 4.138265177607536316E-02
 3.577712178230285645E-01 4.138569906353950500E-02
 3.578311502933502197E-01 4.138874635100364685E-02
 3.578910827636718750E-01 4.139179363846778870E-02
 3.579509854316711426E-01 4.139483720064163208E-02
 3.580109179019927979E-01 4.139788076281547546E-02
 3.580708503723144531E-01 4.140092059969902039E-02
 3.581307530403137207E-01 4.140396043658256531E-02
 3.581906855106353760E-01 4.140700027346611023E-02
 3.582506179809570312E-01 4.141004011034965515E-02
 3.583105206489562988E-01 4.141307622194290161E-02
 3.583704531192779541E-01 4.141610860824584961E-02
 3.584303855895996094E-01 4.141914471983909607E-02
 3.584902882575988770E-01 4.142217710614204407E-02
 3.585502207279205322E-01 4.142520949244499207E-02
 3.586101531982421875E-01 4.142823815345764160E-02
 3.586700558662414551E-01 4.143126681447029114E-02
 3.587299883365631104E-01 4.143429547548294067E-02
 3.587899208068847656E-01 4.143732041120529175E-02
 3.588498532772064209E-01 4.144034534692764282E-02
 3.589097559452056885E-01 4.144337028264999390E-02
 3.589696884155273438E-01 4.144639149308204651E-02
 3.590296208858489990E-01 4.144941270351409912E-02
 3.590895235538482666E-01 4.145243391394615173E-02
 3.591494560241699219E-01 4.145545139908790588E-02
 3.592093884944915771E-01 4.145846888422966003E-02
 3.592693209648132324E-01 4.146148636937141418E-02
 3.593292236328125000E-01 4.146450012922286987E-02
 3.593891561031341553E-01 4.146751388907432556E-02
 3.594490885734558105E-01 4.147052392363548279E-02
 3.595089912414550781E-01 4.147353768348693848E-02
 3.595689237117767334E-01 4.147654771804809570E-02
 3.596288561820983887E-01 4.147955402731895447E-02
 3.596887886524200439E-01 4.148256033658981323E-02
 3.597486913204193115E-01 4.148556664586067200E-02
 3.598086237907409668E-01 4.148857295513153076E-02
 3.598685562610626221E-01 4.149157553911209106E-02
 3.599284887313842773E-01 4.149457812309265137E-02
 3.599883913993835449E-01 4.149757698178291321E-02
 3.600483238697052002E-01 4.150057584047317505E-02
 3.601082563400268555E-01 4.150357469916343689E-02
 3.601681888103485107E-01 4.150656983256340027E-02
 3.602280914783477783E-01 4.150956496596336365E-02
 3.602880239486694336E-01 4.151256009936332703E-02
 3.603479564189910889E-01 4.151555523276329041E-02
 3.604078888893127441E-01 4.151854664087295532E-02
 3.604677915573120117E-01 4.152153432369232178E-02
 3.605277240276336670E-01 4.152452573180198669E-02
 3.605876564979553223E-01 4.152751341462135315E-02
 3.606475889682769775E-01 4.153049737215042114E-02
 3.607074916362762451E-01 4.153348505496978760E-02
 3.607674241065979004E-01 4.153646901249885559E-02
 3.608273565769195557E-01 4.153944924473762512E-02
 3.608872890472412109E-01 4.154243320226669312E-02
 3.609472215175628662E-01 4.154541343450546265E-02
 3.610071241855621338E-01 4.154838994145393372E-02
 3.610670566558837891E-01 4.155136644840240479E-02
 3.611269891262054443E-01 4.155434295535087585E-02
 3.611869215965270996E-01 4.155731946229934692E-02
 3.612468540668487549E-01 4.156029224395751953E-02
 3.613067567348480225E-01 4.156326502561569214E-02
 3.613666892051696777E-01 4.156623780727386475E-02
 3.614266216754913330E-01 4.156920686364173889E-02
 3.614865541458129883E-01 4.157217592000961304E-02
 3.615464866161346436E-01 4.157514125108718872E-02
 3.616063892841339111E-01 4.157810658216476440E-02
 3.616663217544555664E-01 4.158107191324234009E-02
 3.617262542247772217E-01 4.158403724431991577E-02
 3.617861866950988770E-01 4.158699885010719299E-02
 3.618461191654205322E-01 4.158995673060417175E-02
 3.619060218334197998E-01 4.159291833639144897E-02
 3.619659543037414551E-01 4.159587621688842773E-02
 3.620258867740631104E-01 4.159883409738540649E-02
 3.620858192443847656E-01 4.160178825259208679E-02
 3.621457517147064209E-01 4.160474240779876709E-02
 3.622056543827056885E-01 4.160769656300544739E-02
 3.622655868530273438E-01 4.161064699292182922E-02
 3.623255193233489990E-01 4.161359742283821106E-02
 3.623854517936706543E-01 4.161654785275459290E-02
 3.624453842639923096E-01 4.161949455738067627E-02
 3.625053167343139648E-01 4.162244126200675964E-02
 3.625652194023132324E-01 4.162538796663284302E-02
 3.626251518726348877E-01 4.162833094596862793E-02
 3.626850843429565430E-01 4.163127392530441284E-02
 3.627450168132781982E-01 4.163421690464019775E-02
 3.628049492835998535E-01 4.163715615868568420E-02
 3.628648817539215088E-01 4.164009541273117065E-02
 3.629248142242431641E-01 4.164303466677665710E-02
 3.629847168922424316E-01 4.164597019553184509E-02
 3.630446493625640869E-01 4.164890572428703308E-02
 3.631045818328857422E-01 4.165183752775192261E-02
 3.631645143032073975E-01 4.165476933121681213E-02
 3.632244467735290527E-01 4.165770113468170166E-02
 3.632843792438507080E-01 4.166063293814659119E-02
 3.633443117141723633E-01 4.166356101632118225E-02
 3.634042143821716309E-01 4.166648909449577332E-02
 3.634641468524932861E-01 4.166941344738006592E-02
 3.635240793228149414E-01 4.167233780026435852E-02
 3.635840117931365967E-01 4.167526215314865112E-02
 3.636439442634582520E-01 4.167818650603294373E-02
 3.637038767337799072E-01 4.168110713362693787E-02
 3.637638092041015625E-01 4.168402403593063354E-02
 3.638237416744232178E-01 4.168694466352462769E-02
 3.638836443424224854E-01 4.168986156582832336E-02
 3.639435768127441406E-01 4.169277846813201904E-02
 3.640035092830657959E-01 4.169569164514541626E-02
 3.640634417533874512E-01 4.169860482215881348E-02
 3.641233742237091064E-01 4.170151799917221069E-02
 3.641833066940307617E-01 4.170442745089530945E-02
 3.642432391643524170E-01 4.170733690261840820E-02
 3.643031716346740723E-01 4.171024635434150696E-02
 3.643631041049957275E-01 4.171315208077430725E-02
 3.644230365753173828E-01 4.171605780720710754E-02
 3.644829392433166504E-01 4.171896353363990784E-02
 3.645428717136383057E-01 4.172186553478240967E-02
 3.646028041839599609E-01 4.172476753592491150E-02
 3.646627366542816162E-01 4.172766581177711487E-02
 3.647226691246032715E-01 4.173056781291961670E-02
 3.647826015949249268E-01 4.173346608877182007E-02
 3.648425340652465820E-01 4.173636063933372498E-02
 3.649024665355682373E-01 4.173925518989562988E-02
 3.649623990058898926E-01 4.174214974045753479E-02
 3.650223314762115479E-01 4.174504429101943970E-02
 3.650822639465332031E-01 4.174793511629104614E-02
 3.651421964168548584E-01 4.175082594156265259E-02
 3.652020990848541260E-01 4.175371304154396057E-02
 3.652620315551757812E-01 4.175660014152526855E-02
 3.653219640254974365E-01 4.175948724150657654E-02
 3.653818964958190918E-01 4.176237061619758606E-02
 3.654418289661407471E-01 4.176525771617889404E-02
 3.655017614364624023E-01 4.176813736557960510E-02
 3.655616939067840576E-01 4.177102074027061462E-02
 3.656216263771057129E-01 4.177390038967132568E-02
 3.656815588474273682E-01 4.177678003907203674E-02
 3.657414913177490234E-01 4.177965596318244934E-02
 3.658014237880706787E-01 4.178253188729286194E-02
 3.658613562583923340E-01 4.178540781140327454E-02
 3.659212887287139893E-01 4.178828001022338867E-02
 3.659812211990356445E-01 4.179115220904350281E-02
 3.660411536693572998E-01 4.179402440786361694E-02
 3.661010861396789551E-01 4.179689288139343262E-02
 3.661610186100006104E-01 4.179976135492324829E-02
 3.662209510803222656E-01 4.180262610316276550E-02
 3.662808835506439209E-01 4.180549457669258118E-02
 3.663408160209655762E-01 4.180835932493209839E-02
 3.664007484912872314E-01 4.181122034788131714E-02
 3.664606809616088867E-01 4.181408509612083435E-02
 3.665205836296081543E-01 4.181694239377975464E-02
 3.665805160999298096E-01 4.181980341672897339E-02
 3.666404485702514648E-01 4.182266071438789368E-02
 3.667003810405731201E-01 4.182551801204681396E-02
 3.667603135108947754E-01 4.182837530970573425E-02
 3.668202459812164307E-01 4.183122888207435608E-02
 3.668801784515380859E-01 4.183408245444297791E-02
 3.669401109218597412E-01 4.183693230152130127E-02
 3.670000433921813965E-01 4.183978214859962463E-02
 3.670599758625030518E-01 4.184263199567794800E-02
 3.671199083328247070E-01 4.184547811746597290E-02
 3.671798408031463623E-01 4.184832423925399780E-02
 3.672397732734680176E-01 4.185117036104202271E-02
 3.672997057437896729E-01 4.185401648283004761E-02
 3.673596382141113281E-01 4.185685887932777405E-02
 3.674195706844329834E-01 4.185969755053520203E-02
 3.674795031547546387E-01 4.186253994703292847E-02
 3.675394356250762939E-01 4.186537861824035645E-02
 3.675993680953979492E-01 4.186821728944778442E-02
 3.676593005657196045E-01 4.187105223536491394E-02
 3.677192330360412598E-01 4.187388718128204346E-02
 3.677791655063629150E-01 4.187672212719917297E-02
 3.678390979766845703E-01 4.187955334782600403E-02
 3.678990602493286133E-01 4.188238456845283508E-02
 3.679589927196502686E-01 4.188521206378936768E-02
 3.680189251899719238E-01 4.188804328441619873E-02
 3.680788576602935791E-01 4.189087077975273132E-02
 3.681387901306152344E-01 4.189369454979896545E-02
 3.681987226009368896E-01 4.189652204513549805E-02
 3.682586550712585449E-01 4.189934208989143372E-02
 3.683185875415802002E-01 4.190216585993766785E-02
 3.683785200119018555E-01 4.190498590469360352E-02
 3.684384524822235107E-01 4.190780594944953918E-02
 3.684983849525451660E-01 4.191062599420547485E-02
 3.685583174228668213E-01 4.191344231367111206E-02
 3.686182498931884766E-01 4.191625863313674927E-02
 3.686781823635101318E-01 4.191907122731208801E-02
 3.687381148338317871E-01 4.192188382148742676E-02
 3.687980473041534424E-01 4.192469641566276550E-02
 3.688579797744750977E-01 4.192750528454780579E-02
 3.689179122447967529E-01 4.193031787872314453E-02
 3.689778447151184082E-01 4.193312302231788635E-02
 3.690377771854400635E-01 4.193593189120292664E-02
 3.690977096557617188E-01 4.193873703479766846E-02
 3.691576421260833740E-01 4.194154217839241028E-02
 3.692176043987274170E-01 4.194434359669685364E-02
 3.692775368690490723E-01 4.194714501500129700E-02
 3.693374693393707275E-01 4.194994643330574036E-02
 3.693974018096923828E-01 4.195274412631988525E-02
 3.694573342800140381E-01 4.195554181933403015E-02
 3.695172667503356934E-01 4.195833951234817505E-02
 3.695771992206573486E-01 4.196113348007202148E-02
 3.696371316909790039E-01 4.196392744779586792E-02
 3.696970641613006592E-01 4.196672141551971436E-02
 3.697569966316223145E-01 4.196951165795326233E-02
 3.698169291019439697E-01 4.197230190038681030E-02
 3.698768615722656250E-01 4.197508841753005981E-02
 3.699368238449096680E-01 4.197787865996360779E-02
 3.699967563152313232E-01 4.198066517710685730E-02
 3.700566887855529785E-01 4.198344796895980835E-02
 3.701166212558746338E-01 4.198623076081275940E-02
 3.701765537261962891E-01 4.198901355266571045E-02
 3.702364861965179443E-01 4.199179634451866150E-02
 3.702964186668395996E-01 4.199457541108131409E-02
 3.703563511371612549E-01 4.199735447764396667E-02
 3.704162836074829102E-01 4.200012981891632080E-02
 3.704762160778045654E-01 4.200290516018867493E-02
 3.705361783504486084E-01 4.200568050146102905E-02
 3.705961108207702637E-01 4.200845584273338318E-02
 3.706560432910919189E-01 4.201122745871543884E-02
 3.707159757614135742E-01 4.201399534940719604E-02
 3.707759082317352295E-01 4.201676696538925171E-02
 3.708358407020568848E-01 4.201953485608100891E-02
 3.708957731723785400E-01 4.202230274677276611E-02
 3.709557056427001953E-01 4.202506691217422485E-02
 3.710156679153442383E-01 4.202783107757568359E-02
 3.710756003856658936E-01 4.203059524297714233E-02
 3.711355328559875488E-01 4.203335568308830261E-02
 3.711954653263092041E-01 4.203611612319946289E-02
 3.712553977966308594E-01 4.203887656331062317E-02
 3.713153302669525146E-01 4.204163327813148499E-02
 3.713752627372741699E-01 4.204438999295234680E-02
 3.714351952075958252E-01 4.204714670777320862E-02
 3.714951574802398682E-01 4.204989969730377197E-02
 3.715550899505615234E-01 4.205265268683433533E-02
 3.716150224208831787E-01 4.205540567636489868E-02
 3.716749548912048340E-01 4.205815494060516357E-02
 3.717348873615264893E-01 4.206090420484542847E-02
 3.717948198318481445E-01 4.206364974379539490E-02
 3.718547821044921875E-01 4.206639528274536133E-02
 3.719147145748138428E-01 4.206914082169532776E-02
 3.719746470451354980E-01 4.207188636064529419E-02
 3.720345795154571533E-01 4.207462817430496216E-02
 3.720945119857788086E-01 4.207736998796463013E-02
 3.721544444561004639E-01 4.208010807633399963E-02
 3.722143769264221191E-01 4.208284988999366760E-02
 3.722743391990661621E-01 4.208558425307273865E-02
 3.723342716693878174E-01 4.208832234144210815E-02
 3.723942041397094727E-01 4.209105670452117920E-02
 3.724541366100311279E-01 4.209379106760025024E-02
 3.725140690803527832E-01 4.209652170538902283E-02
 3.725740313529968262E-01 4.209925234317779541E-02
 3.726339638233184814E-01 4.210198298096656799E-02
 3.726938962936401367E-01 4.210470989346504211E-02
 3.727538287639617920E-01 4.210743680596351624E-02
 3.728137612342834473E-01 4.211016371846199036E-02
 3.728736937046051025E-01 4.211288690567016602E-02
 3.729336559772491455E-01 4.211561009287834167E-02
 3.729935884475708008E-01 4.211833328008651733E-02
 3.730535209178924561E-01 4.212105274200439453E-02
 3.731134533882141113E-01 4.212377220392227173E-02
 3.731733858585357666E-01 4.212649166584014893E-02
 3.732333481311798096E-01 4.212920740246772766E-02
 3.732932806015014648E-01 4.213192313909530640E-02
 3.733532130718231201E-01 4.213463887572288513E-02
 3.734131455421447754E-01 4.213735088706016541E-02
 3.734730780124664307E-01 4.214006289839744568E-02
 3.735330402851104736E-01 4.214277490973472595E-02
 3.735929727554321289E-01 4.214548319578170776E-02
 3.736529052257537842E-01 4.214819148182868958E-02
 3.737128376960754395E-01 4.215089604258537292E-02
 3.737727999687194824E-01 4.215360060334205627E-02
 3.738327324390411377E-01 4.215630516409873962E-02
 3.738926649093627930E-01 4.215900972485542297E-02
 3.739525973796844482E-01 4.216171056032180786E-02
 3.740125298500061035E-01 4.216441139578819275E-02
 3.740724921226501465E-01 4.216710850596427917E-02
 3.741324245929718018E-01 4.216980561614036560E-02
 3.741923570632934570E-01 4.217250272631645203E-02
 3.742522895336151123E-01 4.217519611120223999E-02
 3.743122518062591553E-01 4.217788949608802795E-02
 3.743721842765808105E-01 4.218058288097381592E-02
 3.744321167469024658E-01 4.218327626585960388E-02
 3.744920492172241211E-01 4.218596592545509338E-02
 3.745520114898681641E-01 4.218865185976028442E-02
 3.746119439601898193E-01 4.219134151935577393E-02
 3.746718764305114746E-01 4.219402745366096497E-02
 3.747318089008331299E-01 4.219670966267585754E-02
 3.747917711734771729E-01 4.219939559698104858E-02
 3.748517036437988281E-01 4.220207780599594116E-02
 3.749116361141204834E-01 4.220475628972053528E-02
 3.749715685844421387E-01 4.220743849873542786E-02
 3.750315308570861816E-01 4.221011698246002197E-02
 3.750914633274078369E-01 4.221279174089431763E-02
 3.751513957977294922E-01 4.221546649932861328E-02
 3.752113282680511475E-01 4.221814125776290894E-02
 3.752712905406951904E-01 4.222081601619720459E-02
 3.753312230110168457E-01 4.222348704934120178E-02
 3.753911554813385010E-01 4.222615808248519897E-02
 3.754510879516601562E-01 4.222882539033889771E-02
 3.755110502243041992E-01 4.223149642348289490E-02
 3.755709826946258545E-01 4.223416000604629517E-02
 3.756309151649475098E-01 4.223682731389999390E-02
 3.756908774375915527E-01 4.223949089646339417E-02
 3.757508099079132080E-01 4.224215447902679443E-02
 3.758107423782348633E-01 4.224481433629989624E-02
 3.758706748485565186E-01 4.224747791886329651E-02
 3.759306371212005615E-01 4.225013405084609985E-02
 3.759905695915222168E-01 4.225279390811920166E-02
 3.760505020618438721E-01 4.225545004010200500E-02
 3.761104643344879150E-01 4.225810617208480835E-02
 3.761703968048095703E-01 4.226075857877731323E-02
 3.762303292751312256E-01 4.226341098546981812E-02
 3.762902617454528809E-01 4.226606339216232300E-02
 3.763502240180969238E-01 4.226871207356452942E-02
 3.764101564884185791E-01 4.227136075496673584E-02
 3.764700889587402344E-01 4.227400943636894226E-02
 3.765300512313842773E-01 4.227665439248085022E-02
 3.765899837017059326E-01 4.227929934859275818E-02
 3.766499161720275879E-01 4.228194430470466614E-02
 3.767098784446716309E-01 4.228458553552627563E-02
 3.767698109149932861E-01 4.228722676634788513E-02
 3.768297433853149414E-01 4.228986799716949463E-02
 3.768897056579589844E-01 4.229250550270080566E-02
 3.769496381282806396E-01 4.229514300823211670E-02
 3.770095705986022949E-01 4.229777678847312927E-02
 3.770695328712463379E-01 4.230041056871414185E-02
 3.771294653415679932E-01 4.230304434895515442E-02
 3.771893978118896484E-01 4.230567812919616699E-02
 3.772493600845336914E-01 4.230830818414688110E-02
 3.773092925548553467E-01 4.231093823909759521E-02
 3.773692250251770020E-01 4.231356456875801086E-02
 3.774291872978210449E-01 4.231619462370872498E-02
 3.774891197681427002E-01 4.231881722807884216E-02
 3.775490522384643555E-01 4.232144355773925781E-02
 3.776090145111083984E-01 4.232406616210937500E-02
 3.776689469814300537E-01 4.232668876647949219E-02
 3.777288794517517090E-01 4.232930764555931091E-02
 3.777888417243957520E-01 4.233192652463912964E-02
 3.778487741947174072E-01 4.233454540371894836E-02
 3.779087066650390625E-01 4.233716055750846863E-02
 3.779686689376831055E-01 4.233977571129798889E-02
 3.780286014080047607E-01 4.234239086508750916E-02
 3.780885338783264160E-01 4.234500229358673096E-02
 3.781484961509704590E-01 4.234761372208595276E-02
 3.782084286212921143E-01 4.235022515058517456E-02
 3.782683610916137695E-01 4.235283285379409790E-02
 3.783283233642578125E-01 4.235544055700302124E-02
 3.783882558345794678E-01 4.235804826021194458E-02
 3.784481883049011230E-01 4.236065223813056946E-02
 3.785081505775451660E-01 4.236325621604919434E-02
 3.785680830478668213E-01 4.236586019396781921E-02
 3.786280453205108643E-01 4.236846044659614563E-02
 3.786879777908325195E-01 4.237106069922447205E-02
 3.787479102611541748E-01 4.237366095185279846E-02
 3.788078725337982178E-01 4.237625747919082642E-02
 3.788678050041198730E-01 4.237885400652885437E-02
 3.789277672767639160E-01 4.238144680857658386E-02
 3.789876997470855713E-01 4.238404333591461182E-02
 3.790476322174072266E-01 4.238663241267204285E-02
 3.791075944900512695E-01 4.238922521471977234E-02
 3.791675269603729248E-01 4.239181429147720337E-02
 3.792274594306945801E-01 4.239440336823463440E-02
 3.792874217033386230E-01 4.239698871970176697E-02
 3.793473541736602783E-01 4.239957407116889954E-02
 3.794073164463043213E-01 4.240215942263603210E-02
 3.794672489166259766E-01 4.240474477410316467E-02
 3.795271813869476318E-01 4.240732640027999878E-02
 3.795871436595916748E-01 4.240990430116653442E-02
 3.796470761299133301E-01 4.241248592734336853E-02
 3.797070384025573730E-01 4.241506382822990417E-02
 3.797669708728790283E-01 4.241764172911643982E-02
 3.798269033432006836E-01 4.242021590471267700E-02
 3.798868656158447266E-01 4.242279008030891418E-02
 3.799467980861663818E-01 4.242536425590515137E-02
 3.800067603588104248E-01 4.242793470621109009E-02
 3.800666928291320801E-01 4.243050515651702881E-02
 3.801266551017761230E-01 4.243307560682296753E-02
 3.801865875720977783E-01 4.243564233183860779E-02
 3.802465200424194336E-01 4.243820905685424805E-02
 3.803064823150634766E-01 4.244077205657958984E-02
 3.803664147853851318E-01 4.244333878159523010E-02
 3.804263770580291748E-01 4.244590178132057190E-02
 3.804863095283508301E-01 4.244846105575561523E-02
 3.805462718009948730E-01 4.245102033019065857E-02
 3.806062042713165283E-01 4.245357960462570190E-02
 3.806661367416381836E-01 4.245613887906074524E-02
 3.807260990142822266E-01 4.245869442820549011E-02
 3.807860314846038818E-01 4.246124997735023499E-02
 3.808459937572479248E-01 4.246380180120468140E-02
 3.809059262275695801E-01 4.246635735034942627E-02
 3.809658885002136230E-01 4.246890544891357422E-02
 3.810258209705352783E-01 4.247145727276802063E-02
 3.810857832431793213E-01 4.247400537133216858E-02
 3.811457157135009766E-01 4.247655346989631653E-02
 3.812056481838226318E-01 4.247909784317016602E-02
 3.812656104564666748E-01 4.248164221644401550E-02
 3.813255429267883301E-01 4.248418658971786499E-02
 3.813855051994323730E-01 4.248672723770141602E-02
 3.814454376697540283E-01 4.248926788568496704E-02
 3.815053999423980713E-01 4.249180853366851807E-02
 3.815653324127197266E-01 4.249434545636177063E-02
 3.816252946853637695E-01 4.249688237905502319E-02
 3.816852271556854248E-01 4.249941930174827576E-02
 3.817451894283294678E-01 4.250195249915122986E-02
 3.818051218986511230E-01 4.250448569655418396E-02
 3.818650841712951660E-01 4.250701889395713806E-02
 3.819250166416168213E-01 4.250954836606979370E-02
 3.819849491119384766E-01 4.251207783818244934E-02
 3.820449113845825195E-01 4.251460731029510498E-02
 3.821048438549041748E-01 4.251713305711746216E-02
 3.821648061275482178E-01 4.251965880393981934E-02
 3.822247385978698730E-01 4.252218455076217651E-02
 3.822847008705139160E-01 4.252470657229423523E-02
 3.823446333408355713E-01 4.252722859382629395E-02
 3.824045956134796143E-01 4.252974689006805420E-02
 3.824645280838012695E-01 4.253226891160011292E-02
 3.825244903564453125E-01 4.253478348255157471E-02
 3.825844228267669678E-01 4.253730177879333496E-02
 3.826443850994110107E-01 4.253981634974479675E-02
 3.827043175697326660E-01 4.254233092069625854E-02
 3.827642798423767090E-01 4.254484176635742188E-02
 3.828242123126983643E-01 4.254735261201858521E-02
 3.828841745853424072E-01 4.254986345767974854E-02
 3.829441070556640625E-01 4.255237430334091187E-02
 3.830040693283081055E-01 4.255488142371177673E-02
 3.830640017986297607E-01 4.255738481879234314E-02
 3.831239640712738037E-01 4.255989193916320801E-02
 3.831838965415954590E-01 4.256239533424377441E-02
 3.832438588142395020E-01 4.256489872932434082E-02
 3.833037912845611572E-01 4.256739839911460876E-02
 3.833637535572052002E-01 4.256989806890487671E-02
 3.834236860275268555E-01 4.257239773869514465E-02
 3.834836483001708984E-01 4.257489368319511414E-02
 3.835435807704925537E-01 4.257738962769508362E-02
 3.836035430431365967E-01 4.257988557219505310E-02
 3.836635053157806396E-01 4.258237779140472412E-02
 3.837234377861022949E-01 4.258487001061439514E-02
 3.837834000587463379E-01 4.258736222982406616E-02
 3.838433325290679932E-01 4.258985072374343872E-02
 3.839032948017120361E-01 4.259233921766281128E-02
 3.839632272720336914E-01 4.259482398629188538E-02
 3.840231895446777344E-01 4.259731248021125793E-02
 3.840831220149993896E-01 4.259979352355003357E-02
 3.841430842876434326E-01 4.260227829217910767E-02
 3.842030167579650879E-01 4.260475933551788330E-02
 3.842629790306091309E-01 4.260724037885665894E-02
 3.843229115009307861E-01 4.260971769690513611E-02
 3.843828737735748291E-01 4.261219874024391174E-02
 3.844428360462188721E-01 4.261467233300209045E-02
 3.845027685165405273E-01 4.261714965105056763E-02
 3.845627307891845703E-01 4.261962324380874634E-02
 3.846226632595062256E-01 4.262209683656692505E-02
 3.846826255321502686E-01 4.262456670403480530E-02
 3.847425580024719238E-01 4.262703657150268555E-02
 3.848025202751159668E-01 4.262950643897056580E-02
 3.848624527454376221E-01 4.263197258114814758E-02
 3.849224150180816650E-01 4.263444244861602783E-02
 3.849823772907257080E-01 4.263690486550331116E-02
 3.850423097610473633E-01 4.263937100768089294E-02
 3.851022720336914062E-01 4.264183342456817627E-02
 3.851622045040130615E-01 4.264429211616516113E-02
 3.852221667766571045E-01 4.264675453305244446E-02
 3.852820992469787598E-01 4.264921322464942932E-02
 3.853420615196228027E-01 4.265166819095611572E-02
 3.854020237922668457E-01 4.265412688255310059E-02
 3.854619562625885010E-01 4.265658184885978699E-02
 3.855219185352325439E-01 4.265903308987617493E-02
 3.855818510055541992E-01 4.266148433089256287E-02
 3.856418132781982422E-01 4.266393557190895081E-02
 3.857017755508422852E-01 4.266638681292533875E-02
 3.857617080211639404E-01 4.266883432865142822E-02
 3.858216702938079834E-01 4.267128184437751770E-02
 3.858816027641296387E-01 4.267372936010360718E-02
 3.859415650367736816E-01 4.267617315053939819E-02
 3.860014975070953369E-01 4.267861694097518921E-02
 3.860614597797393799E-01 4.268105700612068176E-02
 3.861214220523834229E-01 4.268349707126617432E-02
 3.861813545227050781E-01 4.268593713641166687E-02
 3.862413167953491211E-01 4.268837347626686096E-02
 3.863012492656707764E-01 4.269081354141235352E-02
 3.863612115383148193E-01 4.269324615597724915E-02
 3.864211738109588623E-01 4.269568249583244324E-02
 3.864811062812805176E-01 4.269811511039733887E-02
 3.865410685539245605E-01 4.270054772496223450E-02
 3.866010308265686035E-01 4.270297661423683167E-02
 3.866609632968902588E-01 4.270540550351142883E-02
 3.867209255695343018E-01 4.270783439278602600E-02
 3.867808580398559570E-01 4.271025955677032471E-02
 3.868408203125000000E-01 4.271268472075462341E-02
 3.869007825851440430E-01 4.271510988473892212E-02
 3.869607150554656982E-01 4.271753132343292236E-02
 3.870206773281097412E-01 4.271995276212692261E-02
 3.870806097984313965E-01 4.272237420082092285E-02
 3.871405720710754395E-01 4.272479191422462463E-02
 3.872005343437194824E-01 4.272720962762832642E-02
 3.872604668140411377E-01 4.272962734103202820E-02
 3.873204290866851807E-01 4.273204132914543152E-02
 3.873803913593292236E-01 4.273445531725883484E-02
 3.874403238296508789E-01 4.273686558008193970E-02
 3.875002861022949219E-01 4.273927956819534302E-02
 3.875602483749389648E-01 4.274168983101844788E-02
 3.876201808452606201E-01 4.274409636855125427E-02
 3.876801431179046631E-01 4.274650290608406067E-02
 3.877401053905487061E-01 4.274890944361686707E-02
 3.878000378608703613E-01 4.275131598114967346E-02
 3.878600001335144043E-01 4.275371879339218140E-02
 3.879199326038360596E-01 4.275612160563468933E-02
 3.879798948764801025E-01 4.275852069258689880E-02
 3.880398571491241455E-01 4.276091977953910828E-02
 3.880997896194458008E-01 4.276331886649131775E-02
 3.881597518920898438E-01 4.276571422815322876E-02
 3.882197141647338867E-01 4.276811331510543823E-02
 3.882796466350555420E-01 4.277050495147705078E-02
 3.883396089076995850E-01 4.277290031313896179E-02
 3.883995711803436279E-01 4.277529194951057434E-02
 3.884595036506652832E-01 4.277767986059188843E-02
 3.885194659233093262E-01 4.278007149696350098E-02
 3.885794281959533691E-01 4.278245940804481506E-02
 3.886393606662750244E-01 4.278484359383583069E-02
 3.886993229389190674E-01 4.278723150491714478E-02
 3.887592852115631104E-01 4.278961569070816040E-02
 3.888192176818847656E-01 4.279199615120887756E-02
 3.888791799545288086E-01 4.279438033699989319E-02
 3.889391422271728516E-01 4.279676079750061035E-02
 3.889990746974945068E-01 4.279913753271102905E-02
 3.890590369701385498E-01 4.280151799321174622E-02
 3.891189992427825928E-01 4.280389100313186646E-02
 3.891789615154266357E-01 4.280626773834228516E-02
 3.892388939857482910E-01 4.280864074826240540E-02
 3.892988562583923340E-01 4.281101375818252563E-02
 3.893588185310363770E-01 4.281338676810264587E-02
 3.894187510013580322E-01 4.281575605273246765E-02
 3.894787132740020752E-01 4.281812533736228943E-02
 3.895386755466461182E-01 4.282049089670181274E-02
 3.895986080169677734E-01 4.282285645604133606E-02
 3.896585702896118164E-01 4.282522201538085938E-02
 3.897185325622558594E-01 4.282758757472038269E-02
 3.897784948348999023E-01 4.282994940876960754E-02
 3.898384273052215576E-01 4.283231124281883240E-02
 3.898983895778656006E-01 4.283466935157775879E-02
 3.899583518505096436E-01 4.283702746033668518E-02
 3.900182843208312988E-01 4.283938556909561157E-02
 3.900782465934753418E-01 4.284173995256423950E-02
 3.901382088661193848E-01 4.284409433603286743E-02
 3.901981711387634277E-01 4.284644871950149536E-02
 3.902581036090850830E-01 4.284879937767982483E-02
 3.903180658817291260E-01 4.285115003585815430E-02
 3.903780281543731689E-01 4.285350069403648376E-02
 3.904379606246948242E-01 4.285584762692451477E-02
 3.904979228973388672E-01 4.285819455981254578E-02
 3.905578851699829102E-01 4.286054149270057678E-02
 3.906178474426269531E-01 4.286288470029830933E-02
 3.906777799129486084E-01 4.286522790789604187E-02
 3.907377421855926514E-01 4.286757111549377441E-02
 3.907977044582366943E-01 4.286991059780120850E-02
 3.908576369285583496E-01 4.287225008010864258E-02
 3.909175992012023926E-01 4.287458956241607666E-02
 3.909775614738464355E-01 4.287692531943321228E-02
 3.910375237464904785E-01 4.287926107645034790E-02
 3.910974562168121338E-01 4.288159310817718506E-02
 3.911574184894561768E-01 4.288392886519432068E-02
 3.912173807621002197E-01 4.288625717163085938E-02
 3.912773430347442627E-01 4.288858920335769653E-02
 3.913372755050659180E-01 4.289091750979423523E-02
 3.913972377777099609E-01 4.289324581623077393E-02
 3.914572000503540039E-01 4.289557039737701416E-02
 3.915171623229980469E-01 4.289789497852325439E-02
 3.915770947933197021E-01 4.290021955966949463E-02
 3.916370570659637451E-01 4.290254414081573486E-02
 3.916970193386077881E-01 4.290486499667167664E-02
 3.917569816112518311E-01 4.290718212723731995E-02
 3.918169140815734863E-01 4.290950298309326172E-02
 3.918768763542175293E-01 4.291182011365890503E-02
 3.919368386268615723E-01 4.291413724422454834E-02
 3.919968008995056152E-01 4.291645064949989319E-02
 3.920567631721496582E-01 4.291876405477523804E-02
 3.921166956424713135E-01 4.292107746005058289E-02
 3.921766579151153564E-01 4.292338714003562927E-02
 3.922366201877593994E-01 4.292569682002067566E-02
 3.922965824604034424E-01 4.292800650000572205E-02
 3.923565149307250977E-01 4.293031245470046997E-02
 3.924164772033691406E-01 4.293261840939521790E-02
 3.924764394760131836E-01 4.293492436408996582E-02
 3.925364017486572266E-01 4.293722659349441528E-02
 3.925963640213012695E-01 4.293952882289886475E-02
 3.926562964916229248E-01 4.294182732701301575E-02
 3.927162587642669678E-01 4.294412955641746521E-02
 3.927762210369110107E-01 4.294642433524131775E-02
 3.928361833095550537E-01 4.294872283935546875E-02
 3.928961157798767090E-01 4.295101761817932129E-02
 3.929560780525207520E-01 4.295331239700317383E-02
 3.930160403251647949E-01 4.295560345053672791E-02
 3.930760025978088379E-01 4.295789822936058044E-02
 3.931359648704528809E-01 4.296018555760383606E-02
 3.931958973407745361E-01 4.296247661113739014E-02
 3.932558596134185791E-01 4.296476393938064575E-02
 3.933158218860626221E-01 4.296705126762390137E-02
 3.933757841587066650E-01 4.296933487057685852E-02
 3.934357464313507080E-01 4.297161847352981567E-02
 3.934957087039947510E-01 4.297390207648277283E-02
 3.935556411743164062E-01 4.297618195414543152E-02
 3.936156034469604492E-01 4.297846555709838867E-02
 3.936755657196044922E-01 4.298074170947074890E-02
 3.937355279922485352E-01 4.298302158713340759E-02
 3.937954902648925781E-01 4.298529773950576782E-02
 3.938554227352142334E-01 4.298757016658782959E-02
 3.939153850078582764E-01 4.298984631896018982E-02
 3.939753472805023193E-01 4.299211874604225159E-02
 3.940353095531463623E-01 4.299438744783401489E-02
 3.940952718257904053E-01 4.299665987491607666E-02
 3.941552340984344482E-01 4.299892857670783997E-02
 3.942151665687561035E-01 4.300119355320930481E-02
 3.942751288414001465E-01 4.300345852971076965E-02
 3.943350911140441895E-01 4.300572350621223450E-02
 3.943950533866882324E-01 4.300798848271369934E-02
 3.944550156593322754E-01 4.301024973392486572E-02
 3.945149481296539307E-01 4.301251098513603210E-02
 3.945749104022979736E-01 4.301477223634719849E-02
 3.946348726749420166E-01 4.301702976226806641E-02
 3.946948349475860596E-01 4.301928728818893433E-02
 3.947547972202301025E-01 4.302154108881950378E-02
 3.948147594928741455E-01 4.302379488945007324E-02
 3.948747217655181885E-01 4.302604869008064270E-02
 3.949346542358398438E-01 4.302829876542091370E-02
 3.949946165084838867E-01 4.303055256605148315E-02
 3.950545787811279297E-01 4.303279891610145569E-02
 3.951145410537719727E-01 4.303504899144172668E-02
 3.951745033264160156E-01 4.303729534149169922E-02
 3.952344655990600586E-01 4.303954169154167175E-02
 3.952944278717041016E-01 4.304178431630134583E-02
 3.953543603420257568E-01 4.304402694106101990E-02
 3.954143226146697998E-01 4.304626956582069397E-02
 3.954742848873138428E-01 4.304850846529006958E-02
 3.955342471599578857E-01 4.305074736475944519E-02
 3.955942094326019287E-01 4.305298626422882080E-02
 3.956541717052459717E-01 4.305522143840789795E-02
 3.957141339778900146E-01 4.305745661258697510E-02
 3.957740664482116699E-01 4.305969178676605225E-02
 3.958340287208557129E-01 4.306192323565483093E-02
 3.958939909934997559E-01 4.306415468454360962E-02
 3.959539532661437988E-01 4.306638613343238831E-02
 3.960139155387878418E-01 4.306861385703086853E-02
 3.960738778114318848E-01 4.307084158062934875E-02
 3.961338400840759277E-01 4.307306557893753052E-02
 3.961938023567199707E-01 4.307529330253601074E-02
 3.962537348270416260E-01 4.307751730084419250E-02
 3.963136970996856689E-01 4.307973757386207581E-02
 3.963736593723297119E-01 4.308195784687995911E-02
 3.964336216449737549E-01 4.308417811989784241E-02
 3.964935839176177979E-01 4.308639839291572571E-02
 3.965535461902618408E-01 4.308861494064331055E-02
 3.966135084629058838E-01 4.309083148837089539E-02
 3.966734707355499268E-01 4.309304431080818176E-02
 3.967334330081939697E-01 4.309525713324546814E-02
 3.967933654785156250E-01 4.309746995568275452E-02
 3.968533277511596680E-01 4.309967905282974243E-02
 3.969132900238037109E-01 4.310188814997673035E-02
 3.969732522964477539E-01 4.310409724712371826E-02
 3.970332145690917969E-01 4.310630634427070618E-02
 3.970931768417358398E-01 4.310851171612739563E-02
 3.971531391143798828E-01 4.311071336269378662E-02
 3.972131013870239258E-01 4.311291873455047607E-02
 3.972730636596679688E-01 4.311512038111686707E-02
 3.973330259323120117E-01 4.311731830239295959E-02
 3.973929882049560547E-01 4.311951994895935059E-02
 3.974529206752777100E-01 4.312171787023544312E-02
 3.975128829479217529E-01 4.312391206622123718E-02
 3.975728452205657959E-01 4.312610998749732971E-02
 3.976328074932098389E-01 4.312830418348312378E-02
 3.976927697658538818E-01 4.313049465417861938E-02
 3.977527320384979248E-01 4.313268512487411499E-02
 3.978126943111419678E-01 4.313487559556961060E-02
 3.978726565837860107E-01 4.313706606626510620E-02
 3.979326188564300537E-01 4.313925281167030334E-02
 3.979925811290740967E-01 4.314143955707550049E-02
 3.980525434017181396E-01 4.314362630248069763E-02
 3.981125056743621826E-01 4.314580932259559631E-02
 3.981724679470062256E-01 4.314799234271049500E-02
 3.982324004173278809E-01 4.315017163753509521E-02
 3.982923626899719238E-01 4.315235093235969543E-02
 3.983523249626159668E-01 4.315453022718429565E-02
 3.984122872352600098E-01 4.315670952200889587E-02
 3.984722495079040527E-01 4.315888509154319763E-02
 3.985322117805480957E-01 4.316105693578720093E-02
 3.985921740531921387E-01 4.316323250532150269E-02
 3.986521363258361816E-01 4.316540434956550598E-02
 3.987120985984802246E-01 4.316757619380950928E-02
 3.987720608711242676E-01 4.316974431276321411E-02
 3.988320231437683105E-01 4.317191243171691895E-02
 3.988919854164123535E-01 4.317408055067062378E-02
 3.989519476890563965E-01 4.317624494433403015E-02
 3.990119099617004395E-01 4.317840933799743652E-02
 3.990718722343444824E-01 4.318057373166084290E-02
 3.991318345069885254E-01 4.318273440003395081E-02
 3.991917967796325684E-01 4.318489506840705872E-02
 3.992517590522766113E-01 4.318705573678016663E-02
 3.993117213249206543E-01 4.318921267986297607E-02
 3.993716835975646973E-01 4.319136962294578552E-02
 3.994316458702087402E-01 4.319352656602859497E-02
 3.994915783405303955E-01 4.319567978382110596E-02
 3.995515406131744385E-01 4.319783300161361694E-02
 3.996115028858184814E-01 4.319998249411582947E-02
 3.996714651584625244E-01 4.320213571190834045E-02
 3.997314274311065674E-01 4.320428520441055298E-02
 3.997913897037506104E-01 4.320643097162246704E-02
 3.998513519763946533E-01 4.320857673883438110E-02
 3.999113142490386963E-01 4.321072250604629517E-02
 3.999712765216827393E-01 4.321286827325820923E-02
 4.000312387943267822E-01 4.321501031517982483E-02
 4.000912010669708252E-01 4.321715235710144043E-02
 4.001511633396148682E-01 4.321929067373275757E-02
 4.002111256122589111E-01 4.322142899036407471E-02
 4.002710878849029541E-01 4.322356730699539185E-02
 4.003310501575469971E-01 4.322570189833641052E-02
 4.003910124301910400E-01 4.322783648967742920E-02
 4.004509747028350830E-01 4.322997108101844788E-02
 4.005109369754791260E-01 4.323210567235946655E-02
 4.005708992481231689E-01 4.323423653841018677E-02
 4.006308615207672119E-01 4.323636367917060852E-02
 4.006908237934112549E-01 4.323849454522132874E-02
 4.007507860660552979E-01 4.324062168598175049E-02
 4.008107483386993408E-01 4.324274510145187378E-02
 4.008707106113433838E-01 4.324487224221229553E-02
 4.009306728839874268E-01 4.324699565768241882E-02
 4.009906351566314697E-01 4.324911534786224365E-02
 4.010505974292755127E-01 4.325123876333236694E-02
 4.011105597019195557E-01 4.325335845351219177E-02
 4.011705219745635986E-01 4.325547441840171814E-02
 4.012304842472076416E-01 4.325759038329124451E-02
 4.012904465198516846E-01 4.325970634818077087E-02
 4.013504087924957275E-01 4.326182231307029724E-02
 4.014103710651397705E-01 4.326393455266952515E-02
 4.014703333377838135E-01 4.326604679226875305E-02
 4.015302956104278564E-01 4.326815903186798096E-02
 4.015902578830718994E-01 4.327026754617691040E-02
 4.016502201557159424E-01 4.327237606048583984E-02
 4.017101824283599854E-01 4.327448084950447083E-02
 4.017701447010040283E-01 4.327658563852310181E-02
 4.018301069736480713E-01 4.327869042754173279E-02
 4.018900692462921143E-01 4.328079521656036377E-02
 4.019500315189361572E-01 4.328289628028869629E-02
 4.020100235939025879E-01 4.328499361872673035E-02
 4.020699858665466309E-01 4.328709468245506287E-02
 4.021299481391906738E-01 4.328919202089309692E-02
 4.021899104118347168E-01 4.329128935933113098E-02
 4.022498726844787598E-01 4.329338297247886658E-02
 4.023098349571228027E-01 4.329547658562660217E-02
 4.023697972297668457E-01 4.329757019877433777E-02
 4.024297595024108887E-01 4.329966008663177490E-02
 4.024897217750549316E-01 4.330174997448921204E-02
 4.025496840476989746E-01 4.330383986234664917E-02
 4.026096463203430176E-01 4.330592602491378784E-02
 4.026696085929870605E-01 4.330801218748092651E-02
 4.027295708656311035E-01 4.331009835004806519E-02
 4.027895331382751465E-01 4.331218078732490540E-02
 4.028494954109191895E-01 4.331426322460174561E-02
 4.029094576835632324E-01 4.331634566187858582E-02
 4.029694199562072754E-01 4.331842437386512756E-02
 4.030293822288513184E-01 4.332050308585166931E-02
 4.030893445014953613E-01 4.332257807254791260E-02
 4.031493067741394043E-01 4.332465678453445435E-02
 4.032092690467834473E-01 4.332672804594039917E-02
 4.032692611217498779E-01 4.332880303263664246E-02
 4.033292233943939209E-01 4.333087429404258728E-02
 4.033891856670379639E-01 4.333294555544853210E-02
 4.034491479396820068E-01 4.333501681685447693E-02
 4.035091102123260498E-01 4.333708435297012329E-02
 4.035690724849700928E-01 4.333914816379547119E-02
 4.036290347576141357E-01 4.334121569991111755E-02
 4.036889970302581787E-01 4.334327951073646545E-02
 4.037489593029022217E-01 4.334534332156181335E-02
 4.038089215755462646E-01 4.334740340709686279E-02
 4.038688838481903076E-01 4.334946349263191223E-02
 4.039288461208343506E-01 4.335152357816696167E-02
 4.039888083934783936E-01 4.335357993841171265E-02
 4.040488004684448242E-01 4.335564002394676208E-02
 4.041087627410888672E-01 4.335769265890121460E-02
 4.041687250137329102E-01 4.335974901914596558E-02
 4.042286872863769531E-01 4.336180165410041809E-02
 4.042886495590209961E-01 4.336385056376457214E-02
 4.043486118316650391E-01 4.336590319871902466E-02
 4.044085741043090820E-01 4.336795210838317871E-02
 4.044685363769531250E-01 4.336999729275703430E-02
 4.045284986495971680E-01 4.337204247713088989E-02
 4.045884609222412109E-01 4.337408766150474548E-02
 4.046484231948852539E-01 4.337613284587860107E-02
 4.047084152698516846E-01 4.337817430496215820E-02
 4.047683775424957275E-01 4.338021576404571533E-02
 4.048283398151397705E-01 4.338225722312927246E-02
 4.048883020877838135E-01 4.338429495692253113E-02
 4.049482643604278564E-01 4.338633269071578979E-02
 4.050082266330718994E-01 4.338836669921875000E-02
 4.050681889057159424E-01 4.339040443301200867E-02
 4.051281511783599854E-01 4.339243471622467041E-02
 4.051881134510040283E-01 4.339446872472763062E-02
 4.052480757236480713E-01 4.339649900794029236E-02
 4.053080677986145020E-01 4.339852929115295410E-02
 4.053680300712585449E-01 4.340055584907531738E-02
 4.054279923439025879E-01 4.340258240699768066E-02
 4.054879546165466309E-01 4.340460896492004395E-02
 4.055479168891906738E-01 4.340663552284240723E-02
 4.056078791618347168E-01 4.340865835547447205E-02
 4.056678414344787598E-01 4.341067746281623840E-02
 4.057278037071228027E-01 4.341270029544830322E-02
 4.057877957820892334E-01 4.341471940279006958E-02
 4.058477580547332764E-01 4.341673851013183594E-02
 4.059077203273773193E-01 4.341875389218330383E-02
 4.059676826000213623E-01 4.342076927423477173E-02
 4.060276448726654053E-01 4.342278465628623962E-02
 4.060876071453094482E-01 4.342479631304740906E-02
 4.061475694179534912E-01 4.342680796980857849E-02
 4.062075316905975342E-01 4.342881962656974792E-02
 4.062675237655639648E-01 4.343082755804061890E-02
 4.063274860382080078E-01 4.343283548951148987E-02
 4.063874483108520508E-01 4.343483969569206238E-02
 4.064474105834960938E-01 4.343684762716293335E-02
 4.065073728561401367E-01 4.343884810805320740E-02
 4.065673351287841797E-01 4.344085231423377991E-02
 4.066272974014282227E-01 4.344285279512405396E-02
 4.066872894763946533E-01 4.344485327601432800E-02
 4.067472517490386963E-01 4.344685375690460205E-02
 4.068072140216827393E-01 4.344885051250457764E-02
 4.068671762943267822E-01 4.345084726810455322E-02
 4.069271385669708252E-01 4.345284029841423035E-02
 4.069871008396148682E-01 4.345483332872390747E-02
 4.070470929145812988E-01 4.345682635903358459E-02
 4.071070551872253418E-01 4.345881938934326172E-02
 4.071670174598693848E-01 4.346080869436264038E-02
 4.072269797325134277E-01 4.346279427409172058E-02
 4.072869420051574707E-01 4.346478357911109924E-02
 4.073469042778015137E-01 4.346676915884017944E-02
 4.074068665504455566E-01 4.346875473856925964E-02
 4.074668586254119873E-01 4.347073659300804138E-02
 4.075268208980560303E-01 4.347271844744682312E-02
 4.075867831707000732E-01 4.347470030188560486E-02
 4.076467454433441162E-01 4.347667843103408813E-02
 4.077067077159881592E-01 4.347865656018257141E-02
 4.077666699886322021E-01 4.348063468933105469E-02
 4.078266620635986328E-01 4.348260909318923950E-02
 4.078866243362426758E-01 4.348458349704742432E-02
 4.079465866088867188E-01 4.348655790090560913E-02
 4.080065488815307617E-01 4.348852857947349548E-02
 4.080665111541748047E-01 4.349049925804138184E-02
 4.081265032291412354E-01 4.349246993660926819E-02
 4.081864655017852783E-01 4.349443688988685608E-02
 4.082464277744293213E-01 4.349640384316444397E-02
 4.083063900470733643E-01 4.349836707115173340E-02
 4.083663523197174072E-01 4.350033402442932129E-02
 4.084263145923614502E-01 4.350229352712631226E-02
 4.084863066673278809E-01 4.350425675511360168E-02
 4.085462689399719238E-01 4.350621625781059265E-02
 4.086062312126159668E-01 4.350817576050758362E-02
 4.086661934852600098E-01 4.351013153791427612E-02
 4.087261557579040527E-01 4.351209104061126709E-02
 4.087861478328704834E-01 4.351404309272766113E-02
 4.088461101055145264E-01 4.351599887013435364E-02
 4.089060723781585693E-01 4.351795092225074768E-02
 4.089660346508026123E-01 4.351990297436714172E-02
 4.090259969234466553E-01 4.352185130119323730E-02
 4.090859889984130859E-01 4.352379962801933289E-02
 4.091459512710571289E-01 4.352574795484542847E-02
 4.092059135437011719E-01 4.352769255638122559E-02
 4.092658758163452148E-01 4.352963715791702271E-02
 4.093258380889892578E-01 4.353158175945281982E-02
 4.093858301639556885E-01 4.353352263569831848E-02
 4.094457924365997314E-01 4.353546351194381714E-02
 4.095057547092437744E-01 4.353740438818931580E-02
 4.095657169818878174E-01 4.353934153914451599E-02
 4.096257090568542480E-01 4.354127869009971619E-02
 4.096856713294982910E-01 4.354321584105491638E-02
 4.097456336021423340E-01 4.354514926671981812E-02
 4.098055958747863770E-01 4.354708269238471985E-02
 4.098655581474304199E-01 4.354901611804962158E-02
 4.099255502223968506E-01 4.355094581842422485E-02
 4.099855124950408936E-01 4.355287551879882812E-02
 4.100454747676849365E-01 4.355480149388313293E-02
 4.101054370403289795E-01 4.355673119425773621E-02
 4.101654291152954102E-01 4.355865716934204102E-02
 4.102253913879394531E-01 4.356057941913604736E-02
 4.102853536605834961E-01 4.356250166893005371E-02
 4.103453159332275391E-01 4.356442391872406006E-02
 4.104052782058715820E-01 4.356634616851806641E-02
 4.104652702808380127E-01 4.356826469302177429E-02
 4.105252325534820557E-01 4.357018321752548218E-02
 4.105851948261260986E-01 4.357209801673889160E-02
 4.106451570987701416E-01 4.357401281595230103E-02
 4.107051491737365723E-01 4.357592761516571045E-02
 4.107651114463806152E-01 4.357783868908882141E-02
 4.108250737190246582E-01 4.357974976301193237E-02
 4.108850359916687012E-01 4.358166083693504333E-02
 4.109450280666351318E-01 4.358356818556785583E-02
 4.110049903392791748E-01 4.358547553420066833E-02
 4.110649526119232178E-01 4.358738288283348083E-02
 4.111249148845672607E-01 4.358929023146629333E-02
 4.111849069595336914E-01 4.359119385480880737E-02
 4.112448692321777344E-01 4.359309375286102295E-02
 4.113048315048217773E-01 4.359499365091323853E-02
 4.113647937774658203E-01 4.359689354896545410E-02
 4.114247858524322510E-01 4.359879344701766968E-02
 4.114847481250762939E-01 4.360068961977958679E-02
 4.115447103977203369E-01 4.360258579254150391E-02
 4.116046726703643799E-01 4.360448196530342102E-02
 4.116646647453308105E-01 4.360637441277503967E-02
 4.117246270179748535E-01 4.360826686024665833E-02
 4.117845892906188965E-01 4.361015930771827698E-02
 4.118445813655853271E-01 4.361204802989959717E-02
 4.119045436382293701E-01 4.361393675208091736E-02
 4.119645059108734131E-01 4.361582174897193909E-02
 4.120244681835174561E-01 4.361770674586296082E-02
 4.120844602584838867E-01 4.361959174275398254E-02
 4.121444225311279297E-01 4.362147673964500427E-02
 4.122043848037719727E-01 4.362335801124572754E-02
 4.122643470764160156E-01 4.362523928284645081E-02
 4.123243391513824463E-01 4.362711682915687561E-02
 4.123843014240264893E-01 4.362899437546730042E-02
 4.124442636966705322E-01 4.363087192177772522E-02
 4.125042557716369629E-01 4.363274574279785156E-02
 4.125642180442810059E-01 4.363461956381797791E-02
 4.126241803169250488E-01 4.363649338483810425E-02
 4.126841425895690918E-01 4.363836348056793213E-02
 4.127441346645355225E-01 4.364023730158805847E-02
 4.128040969371795654E-01 4.364210367202758789E-02
 4.128640592098236084E-01 4.364397376775741577E-02
 4.129240512847900391E-01 4.364584013819694519E-02
 4.129840135574340820E-01 4.364770278334617615E-02
 4.130439758300781250E-01 4.364956915378570557E-02
 4.131039381027221680E-01 4.365142807364463806E-02
 4.131639301776885986E-01 4.365329071879386902E-02
 4.132238924503326416E-01 4.365514963865280151E-02
 4.132838547229766846E-01 4.365700855851173401E-02
 4.133438467979431152E-01 4.365886747837066650E-02
 4.134038090705871582E-01 4.366072267293930054E-02
 4.134637713432312012E-01 4.366257786750793457E-02
 4.135237634181976318E-01 4.366443306207656860E-02
 4.135837256908416748E-01 4.366628453135490417E-02
 4.136436879634857178E-01 4.366813600063323975E-02
 4.137036502361297607E-01 4.366998374462127686E-02
 4.137636423110961914E-01 4.367183148860931396E-02
 4.138236045837402344E-01 4.367367923259735107E-02
 4.138835668563842773E-01 4.367552697658538818E-02
 4.139435589313507080E-01 4.367737099528312683E-02
 4.140035212039947510E-01 4.367921501398086548E-02
 4.140634834766387939E-01 4.368105530738830566E-02
 4.141234755516052246E-01 4.368289560079574585E-02
 4.141834378242492676E-01 4.368473589420318604E-02
 4.142434000968933105E-01 4.368657246232032776E-02
 4.143033921718597412E-01 4.368840903043746948E-02
 4.143633544445037842E-01 4.369024559855461121E-02
 4.144233167171478271E-01 4.369207844138145447E-02
 4.144833087921142578E-01 4.369391128420829773E-02
 4.145432710647583008E-01 4.369574412703514099E-02
 4.146032333374023438E-01 4.369757696986198425E-02
 4.146632254123687744E-01 4.369940608739852905E-02
 4.147231876850128174E-01 4.370123147964477539E-02
 4.147831499576568604E-01 4.370305687189102173E-02
 4.148431420326232910E-01 4.370488226413726807E-02
 4.149031043052673340E-01 4.370670765638351440E-02
 4.149630665779113770E-01 4.370852932333946228E-02
 4.150230586528778076E-01 4.371035099029541016E-02
 4.150830209255218506E-01 4.371217265725135803E-02
 4.151429831981658936E-01 4.371399059891700745E-02
 4.152029752731323242E-01 4.371580854058265686E-02
 4.152629375457763672E-01 4.371762648224830627E-02
 4.153228998184204102E-01 4.371944069862365723E-02
 4.153828918933868408E-01 4.372125491499900818E-02
 4.154428541660308838E-01 4.372306540608406067E-02
 4.155028164386749268E-01 4.372487589716911316E-02
 4.155628085136413574E-01 4.372668638825416565E-02
 4.156227707862854004E-01 4.372849687933921814E-02
 4.156827330589294434E-01 4.373030364513397217E-02
 4.157427251338958740E-01 4.373210668563842773E-02
 4.158026874065399170E-01 4.373391345143318176E-02
 4.158626496791839600E-01 4.373571649193763733E-02
 4.159226417541503906E-01 4.373751953244209290E-02
 4.159826040267944336E-01 4.373931884765625000E-02
 4.160425961017608643E-01 4.374111816287040710E-02
 4.161025583744049072E-01 4.374291747808456421E-02
 4.161625206470489502E-01 4.374471306800842285E-02
 4.162225127220153809E-01 4.374650865793228149E-02
 4.162824749946594238E-01 4.374830424785614014E-02
 4.163424372673034668E-01 4.375009611248970032E-02
 4.164024293422698975E-01 4.375188797712326050E-02
 4.164623916149139404E-01 4.375367984175682068E-02
 4.165223836898803711E-01 4.375546798110008240E-02
 4.165823459625244141E-01 4.375725612044334412E-02
 4.166423082351684570E-01 4.375904425978660583E-02
 4.167023003101348877E-01 4.376082867383956909E-02
 4.167622625827789307E-01 4.376261308789253235E-02
 4.168222248554229736E-01 4.376439750194549561E-02
 4.168822169303894043E-01 4.376617819070816040E-02
 4.169421792030334473E-01 4.376795887947082520E-02
 4.170021712779998779E-01 4.376973584294319153E-02
 4.170621335506439209E-01 4.377151653170585632E-02
 4.171220958232879639E-01 4.377328976988792419E-02
 4.171820878982543945E-01 4.377506673336029053E-02
 4.172420501708984375E-01 4.377683997154235840E-02
 4.173020124435424805E-01 4.377861320972442627E-02
 4.173620045185089111E-01 4.378038272261619568E-02
 4.174219667911529541E-01 4.378215223550796509E-02
 4.174819588661193848E-01 4.378392174839973450E-02
 4.175419211387634277E-01 4.378569126129150391E-02
 4.176018834114074707E-01 4.378745704889297485E-02
 4.176618754863739014E-01 4.378922283649444580E-02
 4.177218377590179443E-01 4.379098489880561829E-02
 4.177818298339843750E-01 4.379274696111679077E-02
 4.178417921066284180E-01 4.379450902342796326E-02
 4.179017543792724609E-01 4.379626736044883728E-02
 4.179617464542388916E-01 4.379802569746971130E-02
 4.180217087268829346E-01 4.379978403449058533E-02
 4.180817008018493652E-01 4.380153864622116089E-02
 4.181416630744934082E-01 4.380329325795173645E-02
 4.182016253471374512E-01 4.380504786968231201E-02
 4.182616174221038818E-01 4.380679875612258911E-02
 4.183215796947479248E-01 4.380854964256286621E-02
 4.183815717697143555E-01 4.381030052900314331E-02
 4.184415340423583984E-01 4.381204769015312195E-02
 4.185014963150024414E-01 4.381379485130310059E-02
 4.185614883899688721E-01 4.381553828716278076E-02
 4.186214506626129150E-01 4.381728544831275940E-02
 4.186814427375793457E-01 4.381902888417243958E-02
 4.187414050102233887E-01 4.382076859474182129E-02
 4.188013970851898193E-01 4.382250830531120300E-02
 4.188613593578338623E-01 4.382424801588058472E-02
 4.189213216304779053E-01 4.382598772644996643E-02
 4.189813137054443359E-01 4.382772371172904968E-02
 4.190412759780883789E-01 4.382945969700813293E-02
 4.191012680530548096E-01 4.383119195699691772E-02
 4.191612303256988525E-01 4.383292421698570251E-02
 4.192211925983428955E-01 4.383465647697448730E-02
 4.192811846733093262E-01 4.383638501167297363E-02
 4.193411469459533691E-01 4.383811727166175842E-02
 4.194011390209197998E-01 4.383984208106994629E-02
 4.194611012935638428E-01 4.384157061576843262E-02
 4.195210933685302734E-01 4.384329542517662048E-02
 4.195810556411743164E-01 4.384501650929450989E-02
 4.196410477161407471E-01 4.384674131870269775E-02
 4.197010099887847900E-01 4.384846240282058716E-02
 4.197609722614288330E-01 4.385017976164817810E-02
 4.198209643363952637E-01 4.385190084576606750E-02
 4.198809266090393066E-01 4.385361820459365845E-02
 4.199409186840057373E-01 4.385533183813095093E-02
 4.200008809566497803E-01 4.385704919695854187E-02
 4.200608730316162109E-01 4.385876283049583435E-02
 4.201208353042602539E-01 4.386047273874282837E-02
 4.201808273792266846E-01 4.386218637228012085E-02
 4.202407896518707275E-01 4.386389255523681641E-02
 4.203007519245147705E-01 4.386560246348381042E-02
 4.203607439994812012E-01 4.386730864644050598E-02
 4.204207062721252441E-01 4.386901482939720154E-02
 4.204806983470916748E-01 4.387072101235389709E-02
 4.205406606197357178E-01 4.387242347002029419E-02
 4.206006526947021484E-01 4.387412592768669128E-02
 4.206606149673461914E-01 4.387582466006278992E-02
 4.207206070423126221E-01 4.387752339243888855E-02
 4.207805693149566650E-01 4.387922212481498718E-02
 4.208405613899230957E-01 4.388092085719108582E-02
 4.209005236625671387E-01 4.388261586427688599E-02
 4.209604859352111816E-01 4.388431087136268616E-02
 4.210204780101776123E-01 4.388600215315818787E-02
 4.210804402828216553E-01 4.388769343495368958E-02
 4.211404323577880859E-01 4.388938471674919128E-02
 4.212003946304321289E-01 4.389107227325439453E-02
 4.212603867053985596E-01 4.389275982975959778E-02
 4.213203489780426025E-01 4.389444738626480103E-02
 4.213803410530090332E-01 4.389613121747970581E-02
 4.214403033256530762E-01 4.389781504869461060E-02
 4.215002954006195068E-01 4.389949887990951538E-02
 4.215602576732635498E-01 4.390117898583412170E-02
 4.216202497482299805E-01 4.390285909175872803E-02
 4.216802120208740234E-01 4.390453919768333435E-02
 4.217402040958404541E-01 4.390621557831764221E-02
 4.218001663684844971E-01 4.390789195895195007E-02
 4.218601584434509277E-01 4.390956833958625793E-02
 4.219201207160949707E-01 4.391124099493026733E-02
 4.219800829887390137E-01 4.391291365027427673E-02
 4.220400750637054443E-01 4.391458630561828613E-02
 4.221000373363494873E-01 4.391625523567199707E-02
 4.221600294113159180E-01 4.391792416572570801E-02
 4.222199916839599609E-01 4.391958937048912048E-02
 4.222799837589263916E-01 4.392125457525253296E-02
 4.223399460315704346E-01 4.392291978001594543E-02
 4.223999381065368652E-01 4.392458498477935791E-02
 4.224599003791809082E-01 4.392624646425247192E-02
 4.225198924541473389E-01 4.392790794372558594E-02
 4.225798547267913818E-01 4.392956569790840149E-02
 4.226398468017578125E-01 4.393122345209121704E-02
 4.226998090744018555E-01 4.393288120627403259E-02
 4.227598011493682861E-01 4.393453896045684814E-02
 4.228197634220123291E-01 4.393619298934936523E-02
 4.228797554969787598E-01 4.393784329295158386E-02
 4.229397177696228027E-01 4.393949732184410095E-02
 4.229997098445892334E-01 4.394114762544631958E-02
 4.230596721172332764E-01 4.394279420375823975E-02
 4.231196641921997070E-01 4.394444450736045837E-02
 4.231796264648437500E-01 4.394609108567237854E-02
 4.232396185398101807E-01 4.394773766398429871E-02
 4.232995808124542236E-01 4.394938051700592041E-02
 4.233595728874206543E-01 4.395102337002754211E-02
 4.234195351600646973E-01 4.395266249775886536E-02
 4.234795272350311279E-01 4.395430535078048706E-02
 4.235394895076751709E-01 4.395594447851181030E-02
 4.235994815826416016E-01 4.395757988095283508E-02
 4.236594736576080322E-01 4.395921900868415833E-02
 4.237194359302520752E-01 4.396085068583488464E-02
 4.237794280052185059E-01 4.396248608827590942E-02
 4.238393902778625488E-01 4.396411776542663574E-02
 4.238993823528289795E-01 4.396574944257736206E-02
 4.239593446254730225E-01 4.396738111972808838E-02
 4.240193367004394531E-01 4.396900907158851624E-02
 4.240792989730834961E-01 4.397063702344894409E-02
 4.241392910480499268E-01 4.397226125001907349E-02
 4.241992533206939697E-01 4.397388547658920288E-02
 4.242592453956604004E-01 4.397550970315933228E-02
 4.243192076683044434E-01 4.397713392972946167E-02
 4.243791997432708740E-01 4.397875443100929260E-02
 4.244391620159149170E-01 4.398037120699882507E-02
 4.244991540908813477E-01 4.398199170827865601E-02
 4.245591163635253906E-01 4.398360848426818848E-02
 4.246191084384918213E-01 4.398522526025772095E-02
 4.246790707111358643E-01 4.398683831095695496E-02
 4.247390627861022949E-01 4.398845136165618896E-02
 4.247990548610687256E-01 4.399006441235542297E-02
 4.248590171337127686E-01 4.399167373776435852E-02
 4.249190092086791992E-01 4.399328306317329407E-02
 4.249789714813232422E-01 4.399489238858222961E-02
 4.250389635562896729E-01 4.399649798870086670E-02
 4.250989258289337158E-01 4.399810358881950378E-02
 4.251589179039001465E-01 4.399970918893814087E-02
 4.252188801765441895E-01 4.400131106376647949E-02
 4.252788722515106201E-01 4.400291293859481812E-02
 4.253388345241546631E-01 4.400451481342315674E-02
 4.253988265991210938E-01 4.400611296296119690E-02
 4.254588186740875244E-01 4.400771111249923706E-02
 4.255187809467315674E-01 4.400930553674697876E-02
 4.255787730216979980E-01 4.401090368628501892E-02
 4.256387352943420410E-01 4.401249438524246216E-02
 4.256987273693084717E-01 4.401408880949020386E-02
 4.257586896419525146E-01 4.401567950844764709E-02
 4.258186817169189453E-01 4.401727020740509033E-02
 4.258786439895629883E-01 4.401885718107223511E-02
 4.259386360645294189E-01 4.402044788002967834E-02
 4.259986281394958496E-01 4.402203112840652466E-02
 4.260585904121398926E-01 4.402361810207366943E-02
 4.261185824871063232E-01 4.402520135045051575E-02
 4.261785447597503662E-01 4.402678459882736206E-02
 4.262385368347167969E-01 4.402836412191390991E-02
 4.262984991073608398E-01 4.402994364500045776E-02
 4.263584911823272705E-01 4.403152316808700562E-02
 4.264184832572937012E-01 4.403309896588325500E-02
 4.264784455299377441E-01 4.403467476367950439E-02
 4.265384376049041748E-01 4.403625056147575378E-02
 4.265983998775482178E-01 4.403782263398170471E-02
 4.266583919525146484E-01 4.403939470648765564E-02
 4.267183542251586914E-01 4.404096677899360657E-02
 4.267783463001251221E-01 4.404253512620925903E-02
 4.268383383750915527E-01 4.404410347342491150E-02
 4.268983006477355957E-01 4.404567182064056396E-02
 4.269582927227020264E-01 4.404723644256591797E-02
 4.270182549953460693E-01 4.404880106449127197E-02
 4.270782470703125000E-01 4.405036568641662598E-02
 4.271382093429565430E-01 4.405192658305168152E-02
 4.271982014179229736E-01 4.405348747968673706E-02
 4.272581934928894043E-01 4.405504465103149414E-02
 4.273181557655334473E-01 4.405660554766654968E-02
 4.273781478404998779E-01 4.405816271901130676E-02
 4.274381101131439209E-01 4.405971616506576538E-02
 4.274981021881103516E-01 4.406126961112022400E-02
 4.275580942630767822E-01 4.406282305717468262E-02
 4.276180565357208252E-01 4.406437650322914124E-02
 4.276780486106872559E-01 4.406592622399330139E-02
 4.277380108833312988E-01 4.406747594475746155E-02
 4.277980029582977295E-01 4.406902194023132324E-02
 4.278579950332641602E-01 4.407056793570518494E-02
 4.279179573059082031E-01 4.407211393117904663E-02
 4.279779493808746338E-01 4.407365620136260986E-02
 4.280379116535186768E-01 4.407519847154617310E-02
 4.280979037284851074E-01 4.407674074172973633E-02
 4.281578958034515381E-01 4.407827928662300110E-02
 4.282178580760955811E-01 4.407981783151626587E-02
 4.282778501510620117E-01 4.408135637640953064E-02
 4.283378124237060547E-01 4.408289119601249695E-02
 4.283978044986724854E-01 4.408442601561546326E-02
 4.284577965736389160E-01 4.408596083521842957E-02
 4.285177588462829590E-01 4.408749192953109741E-02
 4.285777509212493896E-01 4.408902302384376526E-02
 4.286377131938934326E-01 4.409055411815643311E-02
 4.286977052688598633E-01 4.409208148717880249E-02
 4.287576973438262939E-01 4.409360885620117188E-02
 4.288176596164703369E-01 4.409513622522354126E-02
 4.288776516914367676E-01 4.409665986895561218E-02
 4.289376437664031982E-01 4.409818351268768311E-02
 4.289976060390472412E-01 4.409970715641975403E-02
 4.290575981140136719E-01 4.410122707486152649E-02
 4.291175603866577148E-01 4.410274699330329895E-02
 4.291775524616241455E-01 4.410426318645477295E-02
 4.292375445365905762E-01 4.410577937960624695E-02
 4.292975068092346191E-01 4.410729557275772095E-02
 4.293574988842010498E-01 4.410881176590919495E-02
 4.294174611568450928E-01 4.411032423377037048E-02
 4.294774532318115234E-01 4.411183670163154602E-02
 4.295374453067779541E-01 4.411334544420242310E-02
 4.295974075794219971E-01 4.411485418677330017E-02
 4.296573996543884277E-01 4.411636292934417725E-02
 4.297173917293548584E-01 4.411786794662475586E-02
 4.297773540019989014E-01 4.411937296390533447E-02
 4.298373460769653320E-01 4.412087798118591309E-02
 4.298973381519317627E-01 4.412237927317619324E-02
 4.299573004245758057E-01 4.412388056516647339E-02
 4.300172924995422363E-01 4.412538185715675354E-02
 4.300772547721862793E-01 4.412687942385673523E-02
 4.301372468471527100E-01 4.412837699055671692E-02
 4.301972389221191406E-01 4.412987455725669861E-02
 4.302572011947631836E-01 4.413136839866638184E-02
 4.303171932697296143E-01 4.413286224007606506E-02
 4.303771853446960449E-01 4.413435608148574829E-02
 4.304371476173400879E-01 4.413584619760513306E-02
 4.304971396923065186E-01 4.413733631372451782E-02
 4.305571317672729492E-01 4.413882642984390259E-02
 4.306170940399169922E-01 4.414031282067298889E-02
 4.306770861148834229E-01 4.414179921150207520E-02
 4.307370781898498535E-01 4.414328187704086304E-02
 4.307970404624938965E-01 4.414476826786994934E-02
 4.308570325374603271E-01 4.414624720811843872E-02
 4.309169948101043701E-01 4.414772987365722656E-02
 4.309769868850708008E-01 4.414920881390571594E-02
 4.310369789600372314E-01 4.415068775415420532E-02
 4.310969412326812744E-01 4.415216296911239624E-02
 4.311569333076477051E-01 4.415364190936088562E-02
 4.312169253826141357E-01 4.415511339902877808E-02
 4.312768876552581787E-01 4.415658861398696899E-02
 4.313368797302246094E-01 4.415806010365486145E-02
 4.313968718051910400E-01 4.415953159332275391E-02
 4.314568340778350830E-01 4.416099935770034790E-02
 4.315168261528015137E-01 4.416246712207794189E-02
 4.315768182277679443E-01 4.416393488645553589E-02
 4.316367805004119873E-01 4.416539892554283142E-02
 4.316967725753784180E-01 4.416686296463012695E-02
 4.317567646503448486E-01 4.416832700371742249E-02
 4.318167269229888916E-01 4.416978731751441956E-02
 4.318767189979553223E-01 4.417124763131141663E-02
 4.319367110729217529E-01 4.417270794510841370E-02
 4.319966733455657959E-01 4.417416453361511230E-02
 4.320566654205322266E-01 4.417562112212181091E-02
 4.321166574954986572E-01 4.417707771062850952E-02
 4.321766197681427002E-01 4.417853057384490967E-02
 4.322366118431091309E-01 4.417998343706130981E-02
 4.322966039180755615E-01 4.418143630027770996E-02
 4.323565661907196045E-01 4.418288543820381165E-02
 4.324165582656860352E-01 4.418433457612991333E-02
 4.324765503406524658E-01 4.418577998876571655E-02
 4.325365424156188965E-01 4.418722540140151978E-02
 4.325965046882629395E-01 4.418867081403732300E-02
 4.326564967632293701E-01 4.419011622667312622E-02
 4.327164888381958008E-01 4.419155791401863098E-02
 4.327764511108398438E-01 4.419299960136413574E-02
 4.328364431858062744E-01 4.419443756341934204E-02
 4.328964352607727051E-01 4.419587552547454834E-02
 4.329563975334167480E-01 4.419731348752975464E-02
 4.330163896083831787E-01 4.419875144958496094E-02
 4.330763816833496094E-01 4.420018568634986877E-02
 4.331363439559936523E-01 4.420161619782447815E-02
 4.331963360309600830E-01 4.420305043458938599E-02
 4.332563281059265137E-01 4.420448094606399536E-02
 4.333162903785705566E-01 4.420591145753860474E-02
 4.333762824535369873E-01 4.420733824372291565E-02
 4.334362745285034180E-01 4.420876502990722656E-02
 4.334962666034698486E-01 4.421019181609153748E-02
 4.335562288761138916E-01 4.421161487698554993E-02
 4.336162209510803223E-01 4.421303793787956238E-02
 4.336762130260467529E-01 4.421446099877357483E-02
 4.337361752986907959E-01 4.421588033437728882E-02
 4.337961673736572266E-01 4.421729966998100281E-02
 4.338561594486236572E-01 4.421871528029441833E-02
 4.339161217212677002E-01 4.422013461589813232E-02
 4.339761137962341309E-01 4.422155022621154785E-02
 4.340361058712005615E-01 4.422296211123466492E-02
 4.340960979461669922E-01 4.422437399625778198E-02
 4.341560602188110352E-01 4.422578588128089905E-02
 4.342160522937774658E-01 4.422719776630401611E-02
 4.342760443687438965E-01 4.422860592603683472E-02
 4.343360066413879395E-01 4.423001408576965332E-02
 4.343959987163543701E-01 4.423141852021217346E-02
 4.344559907913208008E-01 4.423282667994499207E-02
 4.345159828662872314E-01 4.423422738909721375E-02
 4.345759451389312744E-01 4.423563182353973389E-02
 4.346359372138977051E-01 4.423703253269195557E-02
 4.346959292888641357E-01 4.423843324184417725E-02
 4.347558915615081787E-01 4.423983022570610046E-02
 4.348158836364746094E-01 4.424122720956802368E-02
 4.348758757114410400E-01 4.424262419342994690E-02
 4.349358677864074707E-01 4.424401745200157166E-02
 4.349958300590515137E-01 4.424541071057319641E-02
 4.350558221340179443E-01 4.424680396914482117E-02
 4.351158142089843750E-01 4.424819350242614746E-02
 4.351757764816284180E-01 4.424958676099777222E-02
 4.352357685565948486E-01 4.425097256898880005E-02
 4.352957606315612793E-01 4.425236210227012634E-02
 4.353557527065277100E-01 4.425374418497085571E-02
 4.354157149791717529E-01 4.425512999296188354E-02
 4.354757070541381836E-01 4.425651207566261292E-02
 4.355356991291046143E-01 4.425789415836334229E-02
 4.355956912040710449E-01 4.425927624106407166E-02
 4.356556534767150879E-01 4.426065459847450256E-02
 4.357156455516815186E-01 4.426203295588493347E-02
 4.357756376266479492E-01 4.426341131329536438E-02
 4.358356297016143799E-01 4.426478594541549683E-02
 4.358955919742584229E-01 4.426616057753562927E-02
 4.359555840492248535E-01 4.426753148436546326E-02
 4.360155761241912842E-01 4.426890611648559570E-02
 4.360755383968353271E-01 4.427027329802513123E-02
 4.361355304718017578E-01 4.427164420485496521E-02
 4.361955225467681885E-01 4.427301138639450073E-02
 4.362555146217346191E-01 4.427437856793403625E-02
 4.363154768943786621E-01 4.427574202418327332E-02
 4.363754689693450928E-01 4.427710548043251038E-02
 4.364354610443115234E-01 4.427846893668174744E-02
 4.364954531192779541E-01 4.427983239293098450E-02
 4.365554153919219971E-01 4.428119212388992310E-02
 4.366154074668884277E-01 4.428254812955856323E-02
 4.366753995418548584E-01 4.428390786051750183E-02
 4.367353916168212891E-01 4.428526386618614197E-02
 4.367953538894653320E-01 4.428661987185478210E-02
 4.368553459644317627E-01 4.428797215223312378E-02
 4.369153380393981934E-01 4.428932443261146545E-02
 4.369753301143646240E-01 4.429067671298980713E-02
 4.370352923870086670E-01 4.429202526807785034E-02
 4.370952844619750977E-01 4.429337382316589355E-02
 4.371552765369415283E-01 4.429472237825393677E-02
 4.372152686119079590E-01 4.429606720805168152E-02
 4.372752606868743896E-01 4.429741203784942627E-02
 4.373352229595184326E-01 4.429875314235687256E-02
 4.373952150344848633E-01 4.430009797215461731E-02
 4.374552071094512939E-01 4.430143535137176514E-02
 4.375151991844177246E-01 4.430277645587921143E-02
 4.375751614570617676E-01 4.430411383509635925E-02
 4.376351535320281982E-01 4.430545121431350708E-02
 4.376951456069946289E-01 4.430678859353065491E-02
 4.377551376819610596E-01 4.430812224745750427E-02
 4.378150999546051025E-01 4.430945590138435364E-02
 4.378750920295715332E-01 4.431078583002090454E-02
 4.379350841045379639E-01 4.431211575865745544E-02
 4.379950761795043945E-01 4.431344568729400635E-02
 4.380550384521484375E-01 4.431477561593055725E-02
 4.381150305271148682E-01 4.431610181927680969E-02
 4.381750226020812988E-01 4.431742429733276367E-02
 4.382350146770477295E-01 4.431875050067901611E-02
 4.382950067520141602E-01 4.432007297873497009E-02
 4.383549690246582031E-01 4.432139545679092407E-02
 4.384149610996246338E-01 4.432271420955657959E-02
 4.384749531745910645E-01 4.432403296232223511E-02
 4.385349452495574951E-01 4.432535171508789062E-02
 4.385949075222015381E-01 4.432666674256324768E-02
 4.386548995971679688E-01 4.432798177003860474E-02
 4.387148916721343994E-01 4.432929679751396179E-02
 4.387748837471008301E-01 4.433060809969902039E-02
 4.388348758220672607E-01 4.433191940188407898E-02
 4.388948380947113037E-01 4.433323070406913757E-02
 4.389548301696777344E-01 4.433453828096389771E-02
 4.390148222446441650E-01 4.433584585785865784E-02
 4.390748143196105957E-01 4.433715343475341797E-02
 4.391348063945770264E-01 4.433845728635787964E-02
 4.391947686672210693E-01 4.433976113796234131E-02
 4.392547607421875000E-01 4.434106126427650452E-02
 4.393147528171539307E-01 4.434236139059066772E-02
 4.393747448921203613E-01 4.434366151690483093E-02
 4.394347369670867920E-01 4.434496164321899414E-02
 4.394946992397308350E-01 4.434625804424285889E-02
 4.395546913146972656E-01 4.434755444526672363E-02
 4.396146833896636963E-01 4.434884712100028992E-02
 4.396746754646301270E-01 4.435013979673385620E-02
 4.397346675395965576E-01 4.435143247246742249E-02
 4.397946298122406006E-01 4.435272514820098877E-02
 4.398546218872070312E-01 4.435401409864425659E-02
 4.399146139621734619E-01 4.435530304908752441E-02
 4.399746060371398926E-01 4.435658827424049377E-02
 4.400345981121063232E-01 4.435787349939346313E-02
 4.400945603847503662E-01 4.435915872454643250E-02
 4.401545524597167969E-01 4.436044022440910339E-02
 4.402145445346832275E-01 4.436172172427177429E-02
 4.402745366096496582E-01 4.436300322413444519E-02
 4.403345286846160889E-01 4.436428099870681763E-02
 4.403944909572601318E-01 4.436555877327919006E-02
 4.404544830322265625E-01 4.436683654785156250E-02
 4.405144751071929932E-01 4.436811059713363647E-02
 4.405744671821594238E-01 4.436938464641571045E-02
 4.406344592571258545E-01 4.437065869569778442E-02
 4.406944215297698975E-01 4.437192901968955994E-02
 4.407544136047363281E-01 4.437319934368133545E-02
 4.408144056797027588E-01 4.437446966767311096E-02
 4.408743977546691895E-01 4.437573626637458801E-02
 4.409343898296356201E-01 4.437700286507606506E-02
 4.409943819046020508E-01 4.437826573848724365E-02
 4.410543441772460938E-01 4.437952861189842224E-02
 4.411143362522125244E-01 4.438079148530960083E-02
 4.411743283271789551E-01 4.438205435872077942E-02
 4.412343204021453857E-01 4.438331350684165955E-02
 4.412943124771118164E-01 4.438457265496253967E-02
 4.413542747497558594E-01 4.438582807779312134E-02
 4.414142668247222900E-01 4.438708350062370300E-02
 4.414742588996887207E-01 4.438833892345428467E-02
 4.415342509746551514E-01 4.438959434628486633E-02
 4.415942430496215820E-01 4.439084604382514954E-02
 4.416542351245880127E-01 4.439209774136543274E-02
 4.417141973972320557E-01 4.439334571361541748E-02
 4.417741894721984863E-01 4.439459368586540222E-02
 4.418341815471649170E-01 4.439584165811538696E-02
 4.418941736221313477E-01 4.439708590507507324E-02
 4.419541656970977783E-01 4.439833015203475952E-02
 4.420141577720642090E-01 4.439957439899444580E-02
 4.420741200447082520E-01 4.440081492066383362E-02
 4.421341121196746826E-01 4.440205544233322144E-02
 4.421941041946411133E-01 4.440329596400260925E-02
 4.422540962696075439E-01 4.440453276038169861E-02
 4.423140883445739746E-01 4.440576955676078796E-02
 4.423740804195404053E-01 4.440700635313987732E-02
 4.424340426921844482E-01 4.440823942422866821E-02
 4.424940347671508789E-01 4.440947249531745911E-02
 4.425540268421173096E-01 4.441070184111595154E-02
 4.426140189170837402E-01 4.441193491220474243E-02
 4.426740109920501709E-01 4.441316425800323486E-02
 4.427340030670166016E-01 4.441438987851142883E-02
 4.427939653396606445E-01 4.441561549901962280E-02
 4.428539574146270752E-01 4.441684111952781677E-02
 4.429139494895935059E-01 4.441806674003601074E-02
 4.429739415645599365E-01 4.441928863525390625E-02
 4.430339336395263672E-01 4.442051053047180176E-02
 4.430939257144927979E-01 4.442172870039939880E-02
 4.431539177894592285E-01 4.442294687032699585E-02
 4.432138800621032715E-01 4.442416504025459290E-02
 4.432738721370697021E-01 4.442538321018218994E-02
 4.433338642120361328E-01 4.442659765481948853E-02
 4.433938562870025635E-01 4.442780837416648865E-02
 4.434538483619689941E-01 4.442902281880378723E-02
 4.435138404369354248E-01 4.443023353815078735E-02
 4.435738325119018555E-01 4.443144425749778748E-02
 4.436337947845458984E-01 4.443265125155448914E-02
 4.436937868595123291E-01 4.443385824561119080E-02
 4.437537789344787598E-01 4.443506523966789246E-02
 4.438137710094451904E-01 4.443626850843429565E-02
 4.438737630844116211E-01 4.443747177720069885E-02
 4.439337551593780518E-01 4.443867504596710205E-02
 4.439937472343444824E-01 4.443987458944320679E-02
 4.440537095069885254E-01 4.444107413291931152E-02
 4.441137015819549561E-01 4.444226995110511780E-02
 4.441736936569213867E-01 4.444346949458122253E-02
 4.442336857318878174E-01 4.444466531276702881E-02
 4.442936778068542480E-01 4.444585740566253662E-02
 4.443536698818206787E-01 4.444704949855804443E-02
 4.444136619567871094E-01 4.444824159145355225E-02
 4.444736540317535400E-01 4.444943368434906006E-02
 4.445336163043975830E-01 4.445062205195426941E-02
 4.445936083793640137E-01 4.445181041955947876E-02
 4.446536004543304443E-01 4.445299506187438965E-02
 4.447135925292968750E-01 4.445418342947959900E-02
 4.447735846042633057E-01 4.445536434650421143E-02
 4.448335766792297363E-01 4.445654898881912231E-02
 4.448935687541961670E-01 4.445772990584373474E-02
 4.449535310268402100E-01 4.445891082286834717E-02
 4.450135231018066406E-01 4.446008801460266113E-02
 4.450735151767730713E-01 4.446126520633697510E-02
 4.451335072517395020E-01 4.446244239807128906E-02
 4.451934993267059326E-01 4.446361586451530457E-02
 4.452534914016723633E-01 4.446478933095932007E-02
 4.453134834766387939E-01 4.446596279740333557E-02
 4.453734755516052246E-01 4.446713626384735107E-02
 4.454334676265716553E-01 4.446830600500106812E-02
 4.454934298992156982E-01 4.446947202086448669E-02
 4.455534219741821289E-01 4.447064176201820374E-02
 4.456134140491485596E-01 4.447180777788162231E-02
 4.456734061241149902E-01 4.447297006845474243E-02
 4.457333981990814209E-01 4.447413235902786255E-02
 4.457933902740478516E-01 4.447529464960098267E-02
 4.458533823490142822E-01 4.447645694017410278E-02
 4.459133744239807129E-01 4.447761550545692444E-02
 4.459733664989471436E-01 4.447877407073974609E-02
 4.460333287715911865E-01 4.447993263602256775E-02
 4.460933208465576172E-01 4.448108747601509094E-02
 4.461533129215240479E-01 4.448224231600761414E-02
 4.462133049964904785E-01 4.448339343070983887E-02
 4.462732970714569092E-01 4.448454827070236206E-02
 4.463332891464233398E-01 4.448569566011428833E-02
 4.463932812213897705E-01 4.448684677481651306E-02
 4.464532732963562012E-01 4.448799416422843933E-02
 4.465132653713226318E-01 4.448914155364036560E-02
 4.465732276439666748E-01 4.449028521776199341E-02
 4.466332197189331055E-01 4.449142888188362122E-02
 4.466932117938995361E-01 4.449257254600524902E-02
 4.467532038688659668E-01 4.449371621012687683E-02
 4.468131959438323975E-01 4.449485614895820618E-02
 4.468731880187988281E-01 4.449599608778953552E-02
 4.469331800937652588E-01 4.449713230133056641E-02
 4.469931721687316895E-01 4.449826851487159729E-02
 4.470531642436981201E-01 4.449940472841262817E-02
 4.471131563186645508E-01 4.450053721666336060E-02
 4.471731483936309814E-01 4.450166970491409302E-02
 4.472331106662750244E-01 4.450280219316482544E-02
 4.472931027412414551E-01 4.450393095612525940E-02
 4.473530948162078857E-01 4.450505971908569336E-02
 4.474130868911743164E-01 4.450618848204612732E-02
 4.474730789661407471E-01 4.450731351971626282E-02
 4.475330710411071777E-01 4.450843855738639832E-02
 4.475930631160736084E-01 4.450955986976623535E-02
 4.476530551910400391E-01 4.451068490743637085E-02
 4.477130472660064697E-01 4.451180621981620789E-02
 4.477730393409729004E-01 4.451292380690574646E-02
 4.478330314159393311E-01 4.451404139399528503E-02
 4.478929936885833740E-01 4.451515898108482361E-02
 4.479529857635498047E-01 4.451627656817436218E-02
 4.480129778385162354E-01 4.451739042997360229E-02
 4.480729699134826660E-01 4.451850429177284241E-02
 4.481329619884490967E-01 4.451961442828178406E-02
 4.481929540634155273E-01 4.452072456479072571E-02
 4.482529461383819580E-01 4.452183470129966736E-02
 4.483129382133483887E-01 4.452294483780860901E-02
 4.483729302883148193E-01 4.452405124902725220E-02
 4.484329223632812500E-01 4.452515766024589539E-02
 4.484929144382476807E-01 4.452626034617424011E-02
 4.485529065132141113E-01 4.452736303210258484E-02
 4.486128985881805420E-01 4.452846571803092957E-02
 4.486728608608245850E-01 4.452956467866897583E-02
 4.487328529357910156E-01 4.453066363930702209E-02
 4.487928450107574463E-01 4.453176259994506836E-02
 4.488528370857238770E-01 4.453285783529281616E-02
 4.489128291606903076E-01 4.453395307064056396E-02
 4.489728212356567383E-01 4.453504830598831177E-02
 4.490328133106231689E-01 4.453613981604576111E-02
 4.490928053855895996E-01 4.453723132610321045E-02
 4.491527974605560303E-01 4.453832283616065979E-02
 4.492127895355224609E-01 4.453941062092781067E-02
 4.492727816104888916E-01 4.454049840569496155E-02
 4.493327736854553223E-01 4.454158619046211243E-02
 4.493927657604217529E-01 4.454267024993896484E-02
 4.494527578353881836E-01 4.454375430941581726E-02
 4.495127499103546143E-01 4.454483464360237122E-02
 4.495727121829986572E-01 4.454591870307922363E-02
 4.496327042579650879E-01 4.454699531197547913E-02
 4.496926963329315186E-01 4.454807564616203308E-02
 4.497526884078979492E-01 4.454915225505828857E-02
 4.498126804828643799E-01 4.455022886395454407E-02
 4.498726725578308105E-01 4.455130174756050110E-02
 4.499326646327972412E-01 4.455237835645675659E-02
 4.499926567077636719E-01 4.455344751477241516E-02
 4.500526487827301025E-01 4.455452039837837219E-02
 4.501126408576965332E-01 4.455558955669403076E-02
 4.501726329326629639E-01 4.455665871500968933E-02
 4.502326250076293945E-01 4.455772414803504944E-02
 4.502926170825958252E-01 4.455878958106040955E-02
 4.503526091575622559E-01 4.455985501408576965E-02
 4.504126012325286865E-01 4.456091672182083130E-02
 4.504725933074951172E-01 4.456197842955589294E-02
 4.505325853824615479E-01 4.456304013729095459E-02
 4.505925774574279785E-01 4.456409811973571777E-02
 4.506525397300720215E-01 4.456515610218048096E-02
 4.507125318050384521E-01 4.456621408462524414E-02
 4.507725238800048828E-01 4.456726834177970886E-02
 4.508325159549713135E-01 4.456832259893417358E-02
 4.508925080299377441E-01 4.456937685608863831E-02
 4.509525001049041748E-01 4.457042738795280457E-02
 4.510124921798706055E-01 4.457147791981697083E-02
 4.510724842548370361E-01 4.457252845168113708E-02
 4.511324763298034668E-01 4.457357525825500488E-02
 4.511924684047698975E-01 4.457462206482887268E-02
 4.512524604797363281E-01 4.457566514611244202E-02
 4.513124525547027588E-01 4.457671195268630981E-02
 4.513724446296691895E-01 4.457775130867958069E-02
 4.514324367046356201E-01 4.457879438996315002E-02
 4.514924287796020508E-01 4.457983374595642090E-02
 4.515524208545684814E-01 4.458087310194969177E-02
 4.516124129295349121E-01 4.458190873265266418E-02
 4.516724050045013428E-01 4.458294808864593506E-02
 4.517323970794677734E-01 4.458397999405860901E-02
 4.517923891544342041E-01 4.458501562476158142E-02
 4.518523812294006348E-01 4.458604753017425537E-02
 4.519123733043670654E-01 4.458707943558692932E-02
 4.519723653793334961E-01 4.458810761570930481E-02
 4.520323574542999268E-01 4.458913579583168030E-02
 4.520923495292663574E-01 4.459016397595405579E-02
 4.521523416042327881E-01 4.459118843078613281E-02
 4.522123336791992188E-01 4.459221288561820984E-02
 4.522723257541656494E-01 4.459323734045028687E-02
 4.523322880268096924E-01 4.459425806999206543E-02
 4.523922801017761230E-01 4.459527879953384399E-02
 4.524522721767425537E-01 4.459629952907562256E-02
 4.525122642517089844E-01 4.459731653332710266E-02
 4.525722563266754150E-01 4.459833353757858276E-02
 4.526322484016418457E-01 4.459935054183006287E-02
 4.526922404766082764E-01 4.460036382079124451E-02
 4.527522325515747070E-01 4.460137709975242615E-02
 4.528122246265411377E-01 4.460239037871360779E-02
 4.528722167015075684E-01 4.460339993238449097E-02
 4.529322087764739990E-01 4.460440948605537415E-02
 4.529922008514404297E-01 4.460541531443595886E-02
 4.530521929264068604E-01 4.460642114281654358E-02
 4.531121850013732910E-01 4.460742697119712830E-02
 4.531721770763397217E-01 4.460843279957771301E-02
 4.532321691513061523E-01 4.460943490266799927E-02
 4.532921612262725830E-01 4.461043700575828552E-02
 4.533521533012390137E-01 4.461143538355827332E-02
 4.534121453762054443E-01 4.461243376135826111E-02
 4.534721374511718750E-01 4.461343213915824890E-02
 4.535321295261383057E-01 4.461443051695823669E-02
 4.535921216011047363E-01 4.461542516946792603E-02
 4.536521136760711670E-01 4.461641609668731689E-02
 4.537121057510375977E-01 4.461741074919700623E-02
 4.537720978260040283E-01 4.461840167641639709E-02
 4.538320899009704590E-01 4.461939260363578796E-02
 4.538920819759368896E-01 4.462037980556488037E-02
 4.539520740509033203E-01 4.462136700749397278E-02
 4.540120661258697510E-01 4.462235420942306519E-02
 4.540720582008361816E-01 4.462333768606185913E-02
 4.541320502758026123E-01 4.462432116270065308E-02
 4.541920423507690430E-01 4.462530463933944702E-02
 4.542520344257354736E-01 4.462628439068794250E-02
 4.543120265007019043E-01 4.462726414203643799E-02
 4.543720185756683350E-01 4.462824389338493347E-02
 4.544320106506347656E-01 4.462921991944313049E-02
 4.544920027256011963E-01 4.463019594550132751E-02
 4.545519948005676270E-01 4.463116824626922607E-02
 4.546119868755340576E-01 4.463214054703712463E-02
 4.546719789505004883E-01 4.463311284780502319E-02
 4.547319710254669189E-01 4.463408514857292175E-02
 4.547919631004333496E-01 4.463505372405052185E-02
 4.548519551753997803E-01 4.463602229952812195E-02
 4.549119472503662109E-01 4.463698714971542358E-02
 4.549719393253326416E-01 4.463795572519302368E-02
 4.550319314002990723E-01 4.463891685009002686E-02
 4.550919234752655029E-01 4.463988170027732849E-02
 4.551519155502319336E-01 4.464084282517433167E-02
 4.552119076251983643E-01 4.464180395007133484E-02
 4.552718997001647949E-01 4.464276134967803955E-02
 4.553318917751312256E-01 4.464371874928474426E-02
 4.553918838500976562E-01 4.464467614889144897E-02
 4.554518759250640869E-01 4.464562982320785522E-02
 4.555118680000305176E-01 4.464658349752426147E-02
 4.555718600749969482E-01 4.464753717184066772E-02
 4.556318521499633789E-01 4.464849084615707397E-02
 4.556918442249298096E-01 4.464944079518318176E-02
 4.557518362998962402E-01 4.465038701891899109E-02
 4.558118283748626709E-01 4.465133696794509888E-02
 4.558718204498291016E-01 4.465228319168090820E-02
 4.559318125247955322E-01 4.465322569012641907E-02
 4.559918045997619629E-01 4.465416818857192993E-02
 4.560517966747283936E-01 4.465511068701744080E-02
 4.561117887496948242E-01 4.465605318546295166E-02
 4.561717808246612549E-01 4.465699195861816406E-02
 4.562317728996276855E-01 4.465793073177337646E-02
 4.562917649745941162E-01 4.465886950492858887E-02
 4.563517570495605469E-01 4.465980455279350281E-02
 4.564117491245269775E-01 4.466073960065841675E-02
 4.564717411994934082E-01 4.466167092323303223E-02
 4.565317332744598389E-01 4.466260597109794617E-02
 4.565917253494262695E-01 4.466353356838226318E-02
 4.566517174243927002E-01 4.466446489095687866E-02
 4.567117094993591309E-01 4.466539248824119568E-02
 4.567717313766479492E-01 4.466632008552551270E-02
 4.568317234516143799E-01 4.466724395751953125E-02
 4.568917155265808105E-01 4.466816782951354980E-02
 4.569517076015472412E-01 4.466909170150756836E-02
 4.570116996765136719E-01 4.467001557350158691E-02
 4.570716917514801025E-01 4.467093572020530701E-02
 4.571316838264465332E-01 4.467185214161872864E-02
 4.571916759014129639E-01 4.467277228832244873E-02
 4.572516679763793945E-01 4.467368870973587036E-02
 4.573116600513458252E-01 4.467460513114929199E-02
 4.573716521263122559E-01 4.467551782727241516E-02
 4.574316442012786865E-01 4.467643052339553833E-02
 4.574916362762451172E-01 4.467734321951866150E-02
 4.575516283512115479E-01 4.467825219035148621E-02
 4.576116204261779785E-01 4.467916116118431091E-02
 4.576716125011444092E-01 4.468007013201713562E-02
 4.577316045761108398E-01 4.468097537755966187E-02
 4.577915966510772705E-01 4.468188062310218811E-02
 4.578515887260437012E-01 4.468278214335441589E-02
 4.579115808010101318E-01 4.468368738889694214E-02
 4.579715728759765625E-01 4.468458890914916992E-02
 4.580315649509429932E-01 4.468548670411109924E-02
 4.580915570259094238E-01 4.468638449907302856E-02
 4.581515491008758545E-01 4.468728229403495789E-02
 4.582115411758422852E-01 4.468818008899688721E-02
 4.582715332508087158E-01 4.468907415866851807E-02
 4.583315253257751465E-01 4.468996822834014893E-02
 4.583915174007415771E-01 4.469085857272148132E-02
 4.584515392780303955E-01 4.469174891710281372E-02
 4.585115313529968262E-01 4.469263926148414612E-02
 4.585715234279632568E-01 4.469352960586547852E-02
 4.586315155029296875E-01 4.469441622495651245E-02
 4.586915075778961182E-01 4.469529911875724792E-02
 4.587514996528625488E-01 4.469618573784828186E-02
 4.588114917278289795E-01 4.469706863164901733E-02
 4.588714838027954102E-01 4.469795152544975281E-02
 4.589314758777618408E-01 4.469883069396018982E-02
 4.589914679527282715E-01 4.469970986247062683E-02
 4.590514600276947021E-01 4.470058903098106384E-02
 4.591114521026611328E-01 4.470146447420120239E-02
 4.591714441776275635E-01 4.470233991742134094E-02
 4.592314362525939941E-01 4.470321536064147949E-02
 4.592914283275604248E-01 4.470408707857131958E-02
 4.593514204025268555E-01 4.470495879650115967E-02
 4.594114124774932861E-01 4.470583051443099976E-02
 4.594714045524597168E-01 4.470669850707054138E-02
 4.595313966274261475E-01 4.470756649971008301E-02
 4.595913887023925781E-01 4.470843076705932617E-02
 4.596514105796813965E-01 4.470929875969886780E-02
 4.597114026546478271E-01 4.471016302704811096E-02
 4.597713947296142578E-01 4.471102356910705566E-02
 4.598313868045806885E-01 4.471188411116600037E-02
 4.598913788795471191E-01 4.471274465322494507E-02
 4.599513709545135498E-01 4.471360519528388977E-02
 4.600113630294799805E-01 4.471446201205253601E-02
 4.600713551044464111E-01 4.471531882882118225E-02
 4.601313471794128418E-01 4.471617192029953003E-02
 4.601913392543792725E-01 4.471702501177787781E-02
 4.602513313293457031E-01 4.471787810325622559E-02
 4.603113234043121338E-01 4.471873119473457336E-02
 4.603713154792785645E-01 4.471958056092262268E-02
 4.604313075542449951E-01 4.472042620182037354E-02
 4.604912996292114258E-01 4.472127556800842285E-02
 4.605512917041778564E-01 4.472212120890617371E-02
 4.606113135814666748E-01 4.472296684980392456E-02
 4.606713056564331055E-01 4.472380876541137695E-02
 4.607312977313995361E-01 4.472465068101882935E-02
 4.607912898063659668E-01 4.472549259662628174E-02
 4.608512818813323975E-01 4.472633078694343567E-02
 4.609112739562988281E-01 4.472716897726058960E-02
 4.609712660312652588E-01 4.472800716757774353E-02
 4.610312581062316895E-01 4.472884163260459900E-02
 4.610912501811981201E-01 4.472967609763145447E-02
 4.611512422561645508E-01 4.473051056265830994E-02
 4.612112343311309814E-01 4.473134130239486694E-02
 4.612712264060974121E-01 4.473217204213142395E-02
 4.613312184810638428E-01 4.473299905657768250E-02
 4.613912105560302734E-01 4.473382979631423950E-02
 4.614512324333190918E-01 4.473465681076049805E-02
 4.615112245082855225E-01 4.473548009991645813E-02
 4.615712165832519531E-01 4.473630338907241821E-02
 4.616312086582183838E-01 4.473712667822837830E-02
 4.616912007331848145E-01 4.473794996738433838E-02
 4.617511928081512451E-01 4.473876953125000000E-02
 4.618111848831176758E-01 4.473958909511566162E-02
 4.618711769580841064E-01 4.474040493369102478E-02
 4.619311690330505371E-01 4.474122077226638794E-02
 4.619911611080169678E-01 4.474203661084175110E-02
 4.620511531829833984E-01 4.474284872412681580E-02
 4.621111452579498291E-01 4.474366456270217896E-02
 4.621711373329162598E-01 4.474447295069694519E-02
 4.622311592102050781E-01 4.474528506398200989E-02
 4.622911512851715088E-01 4.474609345197677612E-02
 4.623511433601379395E-01 4.474689811468124390E-02
 4.624111354351043701E-01 4.474770650267601013E-02
 4.624711275100708008E-01 4.474851116538047791E-02
 4.625311195850372314E-01 4.474931582808494568E-02
 4.625911116600036621E-01 4.475011676549911499E-02
 4.626511037349700928E-01 4.475091770291328430E-02
 4.627110958099365234E-01 4.475171864032745361E-02
 4.627710878849029541E-01 4.475251585245132446E-02
 4.628310799598693848E-01 4.475331306457519531E-02
 4.628910720348358154E-01 4.475410655140876770E-02
 4.629510939121246338E-01 4.475490376353263855E-02
 4.630110859870910645E-01 4.475569725036621094E-02
 4.630710780620574951E-01 4.475648701190948486E-02
 4.631310701370239258E-01 4.475727677345275879E-02
 4.631910622119903564E-01 4.475806653499603271E-02
 4.632510542869567871E-01 4.475885629653930664E-02
 4.633110463619232178E-01 4.475964233279228210E-02
 4.633710384368896484E-01 4.476042836904525757E-02
 4.634310305118560791E-01 4.476121068000793457E-02
 4.634910225868225098E-01 4.476199299097061157E-02
 4.635510146617889404E-01 4.476277530193328857E-02
 4.636110365390777588E-01 4.476355761289596558E-02
 4.636710286140441895E-01 4.476433619856834412E-02
 4.637310206890106201E-01 4.476511478424072266E-02
 4.637910127639770508E-01 4.476588964462280273E-02
 4.638510048389434814E-01 4.476666450500488281E-02
 4.639109969139099121E-01 4.476743936538696289E-02
 4.639709889888763428E-01 4.476821050047874451E-02
 4.640309810638427734E-01 4.476898163557052612E-02
 4.640909731388092041E-01 4.476975277066230774E-02
 4.641509652137756348E-01 4.477052018046379089E-02
 4.642109870910644531E-01 4.477128759026527405E-02
 4.642709791660308838E-01 4.477205500006675720E-02
 4.643309712409973145E-01 4.477281868457794189E-02
 4.643909633159637451E-01 4.477358236908912659E-02
 4.644509553909301758E-01 4.477434605360031128E-02
 4.645109474658966064E-01 4.477510601282119751E-02
 4.645709395408630371E-01 4.477586597204208374E-02
 4.646309316158294678E-01 4.477662593126296997E-02
 4.646909236907958984E-01 4.477738216519355774E-02
 4.647509455680847168E-01 4.477813839912414551E-02
 4.648109376430511475E-01 4.477889463305473328E-02
 4.648709297180175781E-01 4.477964714169502258E-02
 4.649309217929840088E-01 4.478039965033531189E-02
 4.649909138679504395E-01 4.478114843368530273E-02
 4.650509059429168701E-01 4.478189721703529358E-02
 4.651108980178833008E-01 4.478264600038528442E-02
 4.651708900928497314E-01 4.478339478373527527E-02
 4.652308821678161621E-01 4.478413984179496765E-02
 4.652908742427825928E-01 4.478488489985466003E-02
 4.653508961200714111E-01 4.478562623262405396E-02
 4.654108881950378418E-01 4.478636756539344788E-02
 4.654708802700042725E-01 4.478710889816284180E-02
 4.655308723449707031E-01 4.478785023093223572E-02
 4.655908644199371338E-01 4.478858783841133118E-02
 4.656508564949035645E-01 4.478932172060012817E-02
 4.657108485698699951E-01 4.479005932807922363E-02
 4.657708406448364258E-01 4.479079321026802063E-02
 4.658308625221252441E-01 4.479152709245681763E-02
 4.658908545970916748E-01 4.479225724935531616E-02
 4.659508466720581055E-01 4.479298740625381470E-02
 4.660108387470245361E-01 4.479371756315231323E-02
 4.660708308219909668E-01 4.479444399476051331E-02
 4.661308228969573975E-01 4.479517042636871338E-02
 4.661908149719238281E-01 4.479589313268661499E-02
 4.662508070468902588E-01 4.479661956429481506E-02
 4.663107991218566895E-01 4.479734227061271667E-02
 4.663708209991455078E-01 4.479806125164031982E-02
 4.664308130741119385E-01 4.479878395795822144E-02
 4.664908051490783691E-01 4.479949921369552612E-02
 4.665507972240447998E-01 4.480021819472312927E-02
 4.666107892990112305E-01 4.480093345046043396E-02
 4.666707813739776611E-01 4.480164870619773865E-02
 4.667307734489440918E-01 4.480236396193504333E-02
 4.667907655239105225E-01 4.480307549238204956E-02
 4.668507874011993408E-01 4.480378702282905579E-02
 4.669107794761657715E-01 4.480449482798576355E-02
 4.669707715511322021E-01 4.480520263314247131E-02
 4.670307636260986328E-01 4.480591043829917908E-02
 4.670907557010650635E-01 4.480661824345588684E-02
 4.671507477760314941E-01 4.480732232332229614E-02
 4.672107398509979248E-01 4.480802267789840698E-02
 4.672707319259643555E-01 4.480872675776481628E-02
 4.673307538032531738E-01 4.480942711234092712E-02
 4.673907458782196045E-01 4.481012746691703796E-02
 4.674507379531860352E-01 4.481082409620285034E-02
 4.675107300281524658E-01 4.481152072548866272E-02
 4.675707221031188965E-01 4.481221735477447510E-02
 4.676307141780853271E-01 4.481291025876998901E-02
 4.676907062530517578E-01 4.481360316276550293E-02
 4.677506983280181885E-01 4.481429606676101685E-02
 4.678107202053070068E-01 4.481498524546623230E-02
 4.678707122802734375E-01 4.481567442417144775E-02
 4.679307043552398682E-01 4.481636360287666321E-02
 4.679906964302062988E-01 4.481704905629158020E-02
 4.680506885051727295E-01 4.481773450970649719E-02
 4.681106805801391602E-01 4.481841623783111572E-02
 4.681706726551055908E-01 4.481910169124603271E-02
 4.682306945323944092E-01 4.481978341937065125E-02
 4.682906866073608398E-01 4.482046142220497131E-02
 4.683506786823272705E-01 4.482113942503929138E-02
 4.684106707572937012E-01 4.482181742787361145E-02
 4.684706628322601318E-01 4.482249543070793152E-02
 4.685306549072265625E-01 4.482316970825195312E-02
 4.685906469821929932E-01 4.482384398579597473E-02
 4.686506688594818115E-01 4.482451453804969788E-02
 4.687106609344482422E-01 4.482518509030342102E-02
 4.687706530094146729E-01 4.482585564255714417E-02
 4.688306450843811035E-01 4.482652619481086731E-02
 4.688906371593475342E-01 4.482719302177429199E-02
 4.689506292343139648E-01 4.482785612344741821E-02
 4.690106213092803955E-01 4.482852295041084290E-02
 4.690706431865692139E-01 4.482918605208396912E-02
 4.691306352615356445E-01 4.482984915375709534E-02
 4.691906273365020752E-01 4.483050853013992310E-02
 4.692506194114685059E-01 4.483116790652275085E-02
 4.693106114864349365E-01 4.483182728290557861E-02
 4.693706035614013672E-01 4.483248293399810791E-02
 4.694305956363677979E-01 4.483313858509063721E-02
 4.694906175136566162E-01 4.483379423618316650E-02
 4.695506095886230469E-01 4.483444616198539734E-02
 4.696106016635894775E-01 4.483509808778762817E-02
 4.696705937385559082E-01 4.483575001358985901E-02
 4.697305858135223389E-01 4.483639821410179138E-02
 4.697905778884887695E-01 4.483704641461372375E-02
 4.698505699634552002E-01 4.483769088983535767E-02
 4.699105918407440186E-01 4.483833909034729004E-02
 4.699705839157104492E-01 4.483897984027862549E-02
 4.700305759906768799E-01 4.483962431550025940E-02
 4.700905680656433105E-01 4.484026506543159485E-02
 4.701505601406097412E-01 4.484090581536293030E-02
 4.702105522155761719E-01 4.484154656529426575E-02
 4.702705442905426025E-01 4.484218358993530273E-02
 4.703305661678314209E-01 4.484282061457633972E-02
 4.703905582427978516E-01 4.484345391392707825E-02
 4.704505503177642822E-01 4.484408721327781677E-02
 4.705105423927307129E-01 4.484472051262855530E-02
 4.705705344676971436E-01 4.484535008668899536E-02
 4.706305265426635742E-01 4.484598338603973389E-02
 4.706905484199523926E-01 4.484660923480987549E-02
 4.707505404949188232E-01 4.484723880887031555E-02
 4.708105325698852539E-01 4.484786465764045715E-02
 4.708705246448516846E-01 4.484848678112030029E-02
 4.709305167198181152E-01 4.484911262989044189E-02
 4.709905087947845459E-01 4.484973475337028503E-02
 4.710505008697509766E-01 4.485035687685012817E-02
 4.711105227470397949E-01 4.485097527503967285E-02
 4.711705148220062256E-01 4.485159367322921753E-02
 4.712305068969726562E-01 4.485220834612846375E-02
 4.712904989719390869E-01 4.485282674431800842E-02
 4.713504910469055176E-01 4.485344141721725464E-02
 4.714104831218719482E-01 4.485405236482620239E-02
 4.714705049991607666E-01 4.485466703772544861E-02
 4.715304970741271973E-01 4.485527798533439636E-02
 4.715904891490936279E-01 4.485588520765304565E-02
 4.716504812240600586E-01 4.485649242997169495E-02
 4.717104732990264893E-01 4.485709965229034424E-02
 4.717704653739929199E-01 4.485770687460899353E-02
 4.718304872512817383E-01 4.485831037163734436E-02
 4.718904793262481689E-01 4.485891386866569519E-02
 4.719504714012145996E-01 4.485951364040374756E-02
 4.720104634761810303E-01 4.486011341214179993E-02
 4.720704555511474609E-01 4.486071318387985229E-02
 4.721304476261138916E-01 4.486131295561790466E-02
 4.721904695034027100E-01 4.486190900206565857E-02
 4.722504615783691406E-01 4.486250504851341248E-02
 4.723104536533355713E-01 4.486309736967086792E-02
 4.723704457283020020E-01 4.486368969082832336E-02
 4.724304378032684326E-01 4.486428201198577881E-02
 4.724904298782348633E-01 4.486487060785293579E-02
 4.725504517555236816E-01 4.486545920372009277E-02
 4.726104438304901123E-01 4.486604779958724976E-02
 4.726704359054565430E-01 4.486663267016410828E-02
 4.727304279804229736E-01 4.486721754074096680E-02
 4.727904200553894043E-01 4.486780241131782532E-02
 4.728504121303558350E-01 4.486838355660438538E-02
 4.729104340076446533E-01 4.486896470189094543E-02
 4.729704260826110840E-01 4.486954584717750549E-02
 4.730304181575775146E-01 4.487012326717376709E-02
 4.730904102325439453E-01 4.487070068717002869E-02
 4.731504023075103760E-01 4.487127810716629028E-02
 4.732103943824768066E-01 4.487185180187225342E-02
 4.732704162597656250E-01 4.487242549657821655E-02
 4.733304083347320557E-01 4.487299919128417969E-02
 4.733904004096984863E-01 4.487356916069984436E-02
 4.734503924846649170E-01 4.487413913011550903E-02
 4.735103845596313477E-01 4.487470537424087524E-02
 4.735704064369201660E-01 4.487527161836624146E-02
 4.736303985118865967E-01 4.487583786249160767E-02
 4.736903905868530273E-01 4.487640410661697388E-02
 4.737503826618194580E-01 4.487696662545204163E-02
 4.738103747367858887E-01 4.487752914428710938E-02
 4.738703668117523193E-01 4.487808793783187866E-02
 4.739303886890411377E-01 4.487864673137664795E-02
 4.739903807640075684E-01 4.487920552492141724E-02
 4.740503728389739990E-01 4.487976059317588806E-02
 4.741103649139404297E-01 4.488031938672065735E-02
 4.741703569889068604E-01 4.488087072968482971E-02
 4.742303490638732910E-01 4.488142579793930054E-02
 4.742903709411621094E-01 4.488197714090347290E-02
 4.743503630161285400E-01 4.488252475857734680E-02
 4.744103550910949707E-01 4.488307610154151917E-02
 4.744703471660614014E-01 4.488362371921539307E-02
 4.745303392410278320E-01 4.488416761159896851E-02
 4.745903611183166504E-01 4.488471522927284241E-02
 4.746503531932830811E-01 4.488525912165641785E-02
 4.747103452682495117E-01 4.488579928874969482E-02
 4.747703373432159424E-01 4.488634318113327026E-02
 4.748303294181823730E-01 4.488688334822654724E-02
 4.748903512954711914E-01 4.488741979002952576E-02
 4.749503433704376221E-01 4.488795623183250427E-02
 4.750103354454040527E-01 4.488849267363548279E-02
 4.750703275203704834E-01 4.488902911543846130E-02
 4.751303195953369141E-01 4.488956183195114136E-02
 4.751903116703033447E-01 4.489009454846382141E-02
 4.752503335475921631E-01 4.489062353968620300E-02
 4.753103256225585938E-01 4.489115625619888306E-02
 4.753703176975250244E-01 4.489168524742126465E-02
 4.754303097724914551E-01 4.489221051335334778E-02
 4.754903018474578857E-01 4.489273577928543091E-02
 4.755503237247467041E-01 4.489326104521751404E-02
 4.756103157997131348E-01 4.489378258585929871E-02
 4.756703078746795654E-01 4.489430785179138184E-02
 4.757302999496459961E-01 4.489482566714286804E-02
 4.757902920246124268E-01 4.489534720778465271E-02
 4.758503139019012451E-01 4.489586502313613892E-02
 4.759103059768676758E-01 4.489637911319732666E-02
 4.759702980518341064E-01 4.489689692854881287E-02
 4.760302901268005371E-01 4.489741101861000061E-02
 4.760902822017669678E-01 4.489792510867118835E-02
 4.761502742767333984E-01 4.489843547344207764E-02
 4.762102961540222168E-01 4.489894583821296692E-02
 4.762702882289886475E-01 4.489945620298385620E-02
 4.763302803039550781E-01 4.489996284246444702E-02
 4.763902723789215088E-01 4.490046948194503784E-02
 4.764502644538879395E-01 4.490097239613533020E-02
 4.765102863311767578E-01 4.490147903561592102E-02
 4.765702784061431885E-01 4.490198194980621338E-02
 4.766302704811096191E-01 4.490248113870620728E-02
 4.766902625560760498E-01 4.490298405289649963E-02
 4.767502546310424805E-01 4.490347951650619507E-02
 4.768102765083312988E-01 4.490397870540618896E-02
 4.768702685832977295E-01 4.490447416901588440E-02
 4.769302606582641602E-01 4.490496963262557983E-02
 4.769902527332305908E-01 4.490546509623527527E-02
 4.770502448081970215E-01 4.490595683455467224E-02
 4.771102666854858398E-01 4.490644857287406921E-02
 4.771702587604522705E-01 4.490693658590316772E-02
 4.772302508354187012E-01 4.490742459893226624E-02
 4.772902429103851318E-01 4.490791261196136475E-02
 4.773502349853515625E-01 4.490839689970016479E-02
 4.774102568626403809E-01 4.490888491272926331E-02
 4.774702489376068115E-01 4.490936547517776489E-02
 4.775302410125732422E-01 4.490984976291656494E-02
 4.775902330875396729E-01 4.491033032536506653E-02
 4.776502251625061035E-01 4.491080716252326965E-02
 4.777102470397949219E-01 4.491128772497177124E-02
 4.777702391147613525E-01 4.491176456212997437E-02
 4.778302311897277832E-01 4.491224139928817749E-02
 4.778902232646942139E-01 4.491271451115608215E-02
 4.779502153396606445E-01 4.491318762302398682E-02
 4.780102372169494629E-01 4.491366073489189148E-02
 4.780702292919158936E-01 4.491413012146949768E-02
 4.781302213668823242E-01 4.491459950804710388E-02
 4.781902134418487549E-01 4.491506516933441162E-02
 4.782502055168151855E-01 4.491553455591201782E-02
 4.783102273941040039E-01 4.491600021719932556E-02
 4.783702194690704346E-01 4.491646215319633484E-02
 4.784302115440368652E-01 4.491692408919334412E-02
 4.784902036190032959E-01 4.491738602519035339E-02
 4.785501956939697266E-01 4.491784796118736267E-02
 4.786102175712585449E-01 4.491830617189407349E-02
 4.786702096462249756E-01 4.491876438260078430E-02
 4.787302017211914062E-01 4.491921886801719666E-02
 4.787901937961578369E-01 4.491967707872390747E-02
 4.788502156734466553E-01 4.492012783885002136E-02
 4.789102077484130859E-01 4.492058232426643372E-02
 4.789701998233795166E-01 4.492103308439254761E-02
 4.790301918983459473E-01 4.492148384451866150E-02
 4.790901839733123779E-01 4.492193087935447693E-02
 4.791502058506011963E-01 4.492237791419029236E-02
 4.792101979255676270E-01 4.492282494902610779E-02
 4.792701900005340576E-01 4.492326825857162476E-02
 4.793301820755004883E-01 4.492371529340744019E-02
 4.793901741504669189E-01 4.492415487766265869E-02
 4.794501960277557373E-01 4.492459818720817566E-02
 4.795101881027221680E-01 4.492503777146339417E-02
 4.795701801776885986E-01 4.492547363042831421E-02
 4.796301722526550293E-01 4.492591321468353271E-02
 4.796901643276214600E-01 4.492634907364845276E-02
 4.797501862049102783E-01 4.492678120732307434E-02
 4.798101782798767090E-01 4.492721706628799438E-02
 4.798701703548431396E-01 4.492764547467231750E-02
 4.799301624298095703E-01 4.492807760834693909E-02
 4.799901843070983887E-01 4.492850601673126221E-02
 4.800501763820648193E-01 4.492893442511558533E-02
 4.801101684570312500E-01 4.492936283349990845E-02
 4.801701605319976807E-01 4.492978751659393311E-02
 4.802301526069641113E-01 4.493021219968795776E-02
 4.802901744842529297E-01 4.493063315749168396E-02
 4.803501665592193604E-01 4.493105784058570862E-02
 4.804101586341857910E-01 4.493147879838943481E-02
 4.804701507091522217E-01 4.493189603090286255E-02
 4.805301427841186523E-01 4.493231326341629028E-02
 4.805901646614074707E-01 4.493273049592971802E-02
 4.806501567363739014E-01 4.493314400315284729E-02
 4.807101488113403320E-01 4.493356123566627502E-02
 4.807701408863067627E-01 4.493397101759910583E-02
 4.808301627635955811E-01 4.493438452482223511E-02
 4.808901548385620117E-01 4.493479430675506592E-02
 4.809501469135284424E-01 4.493520408868789673E-02
 4.810101389884948730E-01 4.493561014533042908E-02
 4.810701310634613037E-01 4.493601620197296143E-02
 4.811301529407501221E-01 4.493642225861549377E-02
 4.811901450157165527E-01 4.493682458996772766E-02
 4.812501370906829834E-01 4.493722692131996155E-02
 4.813101291656494141E-01 4.493762925267219543E-02
 4.813701510429382324E-01 4.493802785873413086E-02
 4.814301431179046631E-01 4.493842646479606628E-02
 4.814901351928710938E-01 4.493882507085800171E-02
 4.815501272678375244E-01 4.493921995162963867E-02
 4.816101193428039551E-01 4.493961483240127563E-02
 4.816701412200927734E-01 4.494000971317291260E-02
 4.817301332950592041E-01 4.494040086865425110E-02
 4.817901253700256348E-01 4.494079202413558960E-02
 4.818501174449920654E-01 4.494117945432662964E-02
 4.819101393222808838E-01 4.494157060980796814E-02
 4.819701313972473145E-01 4.494195431470870972E-02
 4.820301234722137451E-01 4.494234174489974976E-02
 4.820901155471801758E-01 4.494272544980049133E-02
 4.821501076221466064E-01 4.494310915470123291E-02
 4.822101294994354248E-01 4.494348913431167603E-02
 4.822701215744018555E-01 4.494387283921241760E-02
 4.823301136493682861E-01 4.494424909353256226E-02
 4.823901057243347168E-01 4.494462907314300537E-02
 4.824501276016235352E-01 4.494500532746315002E-02
 4.825101196765899658E-01 4.494538158178329468E-02
 4.825701117515563965E-01 4.494575411081314087E-02
 4.826301038265228271E-01 4.494612663984298706E-02
 4.826900959014892578E-01 4.494649916887283325E-02
 4.827501177787780762E-01 4.494686797261238098E-02
 4.828101098537445068E-01 4.494723677635192871E-02
 4.828701019287109375E-01 4.494760558009147644E-02
 4.829300940036773682E-01 4.494797065854072571E-02
 4.829901158809661865E-01 4.494833573698997498E-02
 4.830501079559326172E-01 4.494870081543922424E-02
 4.831101000308990479E-01 4.494906216859817505E-02
 4.831700921058654785E-01 4.494942352175712585E-02
 4.832301139831542969E-01 4.494978487491607666E-02
 4.832901060581207275E-01 4.495014250278472900E-02
 4.833500981330871582E-01 4.495050013065338135E-02
 4.834100902080535889E-01 4.495085775852203369E-02
 4.834700822830200195E-01 4.495121166110038757E-02
 4.835301041603088379E-01 4.495156556367874146E-02
 4.835900962352752686E-01 4.495191946625709534E-02
 4.836500883102416992E-01 4.495226964354515076E-02
 4.837100803852081299E-01 4.495261982083320618E-02
 4.837701022624969482E-01 4.495296627283096313E-02
 4.838300943374633789E-01 4.495331272482872009E-02
 4.838900864124298096E-01 4.495365917682647705E-02
 4.839500784873962402E-01 4.495400562882423401E-02
 4.840101003646850586E-01 4.495434835553169250E-02
 4.840700924396514893E-01 4.495469108223915100E-02
 4.841300845146179199E-01 4.495503008365631104E-02
 4.841900765895843506E-01 4.495536908507347107E-02
 4.842500686645507812E-01 4.495570808649063110E-02
 4.843100905418395996E-01 4.495604336261749268E-02
 4.843700826168060303E-01 4.495637863874435425E-02
 4.844300746917724609E-01 4.495671391487121582E-02
 4.844900667667388916E-01 4.495704546570777893E-02
 4.845500886440277100E-01 4.495738074183464050E-02
 4.846100807189941406E-01 4.495770856738090515E-02
 4.846700727939605713E-01 4.495804011821746826E-02
 4.847300648689270020E-01 4.495836794376373291E-02
 4.847900867462158203E-01 4.495869204401969910E-02
 4.848500788211822510E-01 4.495901614427566528E-02
 4.849100708961486816E-01 4.495934024453163147E-02
 4.849700629711151123E-01 4.495966434478759766E-02
 4.850300848484039307E-01 4.495998471975326538E-02
 4.850900769233703613E-01 4.496030509471893311E-02
 4.851500689983367920E-01 4.496062546968460083E-02
 4.852100610733032227E-01 4.496094211935997009E-02
 4.852700531482696533E-01 4.496125876903533936E-02
 4.853300750255584717E-01 4.496157541871070862E-02
 4.853900671005249023E-01 4.496188834309577942E-02
 4.854500591754913330E-01 4.496220126748085022E-02
 4.855100512504577637E-01 4.496251046657562256E-02
 4.855700731277465820E-01 4.496281966567039490E-02
 4.856300652027130127E-01 4.496312886476516724E-02
 4.856900572776794434E-01 4.496343806385993958E-02
 4.857500493526458740E-01 4.496374353766441345E-02
 4.858100712299346924E-01 4.496404901146888733E-02
 4.858700633049011230E-01 4.496435075998306274E-02
 4.859300553798675537E-01 4.496465250849723816E-02
 4.859900474548339844E-01 4.496495425701141357E-02
 4.860500693321228027E-01 4.496525228023529053E-02
 4.861100614070892334E-01 4.496555030345916748E-02
 4.861700534820556641E-01 4.496584832668304443E-02
 4.862300455570220947E-01 4.496614262461662292E-02
 4.862900674343109131E-01 4.496643692255020142E-02
 4.863500595092773438E-01 4.496673122048377991E-02
 4.864100515842437744E-01 4.496702179312705994E-02
 4.864700436592102051E-01 4.496731236577033997E-02
 4.865300655364990234E-01 4.496760293841362000E-02
 4.865900576114654541E-01 4.496788978576660156E-02
 4.866500496864318848E-01 4.496817663311958313E-02
 4.867100417613983154E-01 4.496846348047256470E-02
 4.867700636386871338E-01 4.496874660253524780E-02
 4.868300557136535645E-01 4.496902972459793091E-02
 4.868900477886199951E-01 4.496931284666061401E-02
 4.869500398635864258E-01 4.496959224343299866E-02
 4.870100319385528564E-01 4.496987164020538330E-02
 4.870700538158416748E-01 4.497014731168746948E-02
 4.871300458908081055E-01 4.497042670845985413E-02
 4.871900379657745361E-01 4.497069865465164185E-02
 4.872500300407409668E-01 4.497097432613372803E-02
 4.873100519180297852E-01 4.497124627232551575E-02
 4.873700439929962158E-01 4.497151821851730347E-02
 4.874300360679626465E-01 4.497178643941879272E-02
 4.874900281429290771E-01 4.497205466032028198E-02
 4.875500500202178955E-01 4.497232288122177124E-02
 4.876100420951843262E-01 4.497259110212326050E-02
 4.876700341701507568E-01 4.497285559773445129E-02
 4.877300262451171875E-01 4.497312009334564209E-02
 4.877900481224060059E-01 4.497338086366653442E-02
 4.878500401973724365E-01 4.497364163398742676E-02
 4.879100322723388672E-01 4.497390240430831909E-02
 4.879700243473052979E-01 4.497415944933891296E-02
 4.880300462245941162E-01 4.497441649436950684E-02
 4.880900382995605469E-01 4.497467353940010071E-02
 4.881500303745269775E-01 4.497492685914039612E-02
 4.882100224494934082E-01 4.497518017888069153E-02
 4.882700443267822266E-01 4.497543349862098694E-02
 4.883300364017486572E-01 4.497568309307098389E-02
 4.883900284767150879E-01 4.497593268752098083E-02
 4.884500205516815186E-01 4.497618228197097778E-02
 4.885100424289703369E-01 4.497642815113067627E-02
 4.885700345039367676E-01 4.497667402029037476E-02
 4.886300265789031982E-01 4.497691616415977478E-02
 4.886900186538696289E-01 4.497715830802917480E-02
 4.887500405311584473E-01 4.497740045189857483E-02
 4.888100326061248779E-01 4.497764259576797485E-02
 4.888700246810913086E-01 4.497788101434707642E-02
 4.889300167560577393E-01 4.497811943292617798E-02
 4.889900386333465576E-01 4.497835412621498108E-02
 4.890500307083129883E-01 4.497859254479408264E-02
 4.891100227832794189E-01 4.497882351279258728E-02
 4.891700148582458496E-01 4.497905820608139038E-02
 4.892300367355346680E-01 4.497928917407989502E-02
 4.892900288105010986E-01 4.497952014207839966E-02
 4.893500208854675293E-01 4.497974738478660583E-02
 4.894100129604339600E-01 4.497997462749481201E-02
 4.894700348377227783E-01 4.498020187020301819E-02
 4.895300269126892090E-01 4.498042538762092590E-02
 4.895900189876556396E-01 4.498064890503883362E-02
 4.896500110626220703E-01 4.498087242245674133E-02
 4.897100329399108887E-01 4.498109221458435059E-02
 4.897700250148773193E-01 4.498131200671195984E-02
 4.898300170898437500E-01 4.498153179883956909E-02
 4.898900091648101807E-01 4.498174786567687988E-02
 4.899500310420989990E-01 4.498196393251419067E-02
 4.900100231170654297E-01 4.498217999935150146E-02
 4.900700151920318604E-01 4.498239234089851379E-02
 4.901300072669982910E-01 4.498260468244552612E-02
 4.901900291442871094E-01 4.498281702399253845E-02
 4.902500212192535400E-01 4.498302564024925232E-02
 4.903100132942199707E-01 4.498323425650596619E-02
 4.903700053691864014E-01 4.498344287276268005E-02
 4.904300272464752197E-01 4.498364776372909546E-02
 4.904900193214416504E-01 4.498385265469551086E-02
 4.905500113964080811E-01 4.498405382037162781E-02
 4.906100034713745117E-01 4.498425498604774475E-02
 4.906700253486633301E-01 4.498445615172386169E-02
 4.907300174236297607E-01 4.498465731739997864E-02
 4.907900094985961914E-01 4.498485475778579712E-02
 4.908500015735626221E-01 4.498505219817161560E-02
 4.909100234508514404E-01 4.498524591326713562E-02
 4.909700155258178711E-01 4.498543962836265564E-02
 4.910300076007843018E-01 4.498563334345817566E-02
 4.910900294780731201E-01 4.498582333326339722E-02
 4.911500215530395508E-01 4.498601704835891724E-02
 4.912100136280059814E-01 4.498620331287384033E-02
 4.912700057029724121E-01 4.498639330267906189E-02
 4.913300275802612305E-01 4.498657956719398499E-02
 4.913900196552276611E-01 4.498676210641860962E-02
 4.914500117301940918E-01 4.498694837093353271E-02
 4.915100038051605225E-01 4.498713091015815735E-02
 4.915700256824493408E-01 4.498730972409248352E-02
 4.916300177574157715E-01 4.498749226331710815E-02
 4.916900098323822021E-01 4.498767107725143433E-02
 4.917500019073486328E-01 4.498784616589546204E-02
 4.918100237846374512E-01 4.498802497982978821E-02
 4.918700158596038818E-01 4.498819634318351746E-02
 4.919300079345703125E-01 4.498837143182754517E-02
 4.919900000095367432E-01 4.498854279518127441E-02
 4.920500218868255615E-01 4.498871415853500366E-02
 4.921100139617919922E-01 4.498888552188873291E-02
 4.921700060367584229E-01 4.498905315995216370E-02
 4.922299981117248535E-01 4.498922079801559448E-02
 4.922900199890136719E-01 4.498938471078872681E-02
 4.923500120639801025E-01 4.498955234885215759E-02
 4.924100041389465332E-01 4.498971253633499146E-02
 4.924699962139129639E-01 4.498987644910812378E-02
 4.925300180912017822E-01 4.499003663659095764E-02
 4.925900101661682129E-01 4.499019682407379150E-02
 4.926500022411346436E-01 4.499035328626632690E-02
 4.927099943161010742E-01 4.499050974845886230E-02
 4.927700161933898926E-01 4.499066621065139771E-02
 4.928300082683563232E-01 4.499081894755363464E-02
 4.928900003433227539E-01 4.499097540974617004E-02
 4.929500222206115723E-01 4.499112442135810852E-02
 4.930100142955780029E-01 4.499127715826034546E-02
 4.930700063705444336E-01 4.499142616987228394E-02
 4.931299984455108643E-01 4.499157145619392395E-02
 4.931900203227996826E-01 4.499172046780586243E-02
 4.932500123977661133E-01 4.499186575412750244E-02
 4.933100044727325439E-01 4.499200731515884399E-02
 4.933699965476989746E-01 4.499215260148048401E-02
 4.934300184249877930E-01 4.499229416251182556E-02
 4.934900104999542236E-01 4.499243199825286865E-02
 4.935500025749206543E-01 4.499257355928421021E-02
 4.936099946498870850E-01 4.499270766973495483E-02
 4.936700165271759033E-01 4.499284550547599792E-02
 4.937300086021423340E-01 4.499297961592674255E-02
 4.937900006771087646E-01 4.499311372637748718E-02
 4.938499927520751953E-01 4.499324783682823181E-02
 4.939100146293640137E-01 4.499337822198867798E-02
 4.939700067043304443E-01 4.499350860714912415E-02
 4.940299987792968750E-01 4.499363526701927185E-02
 4.940899908542633057E-01 4.499376192688941956E-02
 4.941500127315521240E-01 4.499388858675956726E-02
 4.942100048065185547E-01 4.499401524662971497E-02
 4.942699968814849854E-01 4.499413818120956421E-02
 4.943300187587738037E-01 4.499426111578941345E-02
 4.943900108337402344E-01 4.499438032507896423E-02
 4.944500029087066650E-01 4.499449953436851501E-02
 4.945099949836730957E-01 4.499461874365806580E-02
 4.945700168609619141E-01 4.499473422765731812E-02
 4.946300089359283447E-01 4.499484971165657043E-02
 4.946900010108947754E-01 4.499496519565582275E-02
 4.947499930858612061E-01 4.499507695436477661E-02
 4.948100149631500244E-01 4.499518871307373047E-02
 4.948700070381164551E-01 4.499530047178268433E-02
 4.949299991130828857E-01 4.499540850520133972E-02
 4.949899911880493164E-01 4.499551653861999512E-02
 4.950500130653381348E-01 4.499562457203865051E-02
 4.951100051403045654E-01 4.499572888016700745E-02
 4.951699972152709961E-01 4.499583318829536438E-02
 4.952299892902374268E-01 4.499593749642372131E-02
 4.952900111675262451E-01 4.499603807926177979E-02
 4.953500032424926758E-01 4.499613866209983826E-02
 4.954099953174591064E-01 4.499623924493789673E-02
 4.954699873924255371E-01 4.499633610248565674E-02
 4.955300092697143555E-01 4.499643296003341675E-02
 4.955900013446807861E-01 4.499652609229087830E-02
 4.956499934196472168E-01 4.499662294983863831E-02
 4.957100152969360352E-01 4.499671235680580139E-02
 4.957700073719024658E-01 4.499680548906326294E-02
 4.958299994468688965E-01 4.499689489603042603E-02
 4.958899915218353271E-01 4.499698430299758911E-02
 4.959500133991241455E-01 4.499706998467445374E-02
 4.960100054740905762E-01 4.499715566635131836E-02
 4.960699975490570068E-01 4.499724134802818298E-02
 4.961299896240234375E-01 4.499732702970504761E-02
 4.961900115013122559E-01 4.499740898609161377E-02
 4.962500035762786865E-01 4.499749094247817993E-02
 4.963099956512451172E-01 4.499756917357444763E-02
 4.963699877262115479E-01 4.499764740467071533E-02
 4.964300096035003662E-01 4.499772563576698303E-02
 4.964900016784667969E-01 4.499780014157295227E-02
 4.965499937534332275E-01 4.499787464737892151E-02
 4.966100156307220459E-01 4.499794915318489075E-02
 4.966700077056884766E-01 4.499801993370056152E-02
 4.967299997806549072E-01 4.499809071421623230E-02
 4.967899918556213379E-01 4.499816149473190308E-02
 4.968500137329101562E-01 4.499822854995727539E-02
 4.969100058078765869E-01 4.499829560518264771E-02
 4.969699978828430176E-01 4.499835893511772156E-02
 4.970299899578094482E-01 4.499842599034309387E-02
 4.970900118350982666E-01 4.499848932027816772E-02
 4.971500039100646973E-01 4.499854892492294312E-02
 4.972099959850311279E-01 4.499860852956771851E-02
 4.972699880599975586E-01 4.499866813421249390E-02
 4.973300099372863770E-01 4.499872773885726929E-02
 4.973900020122528076E-01 4.499878361821174622E-02
 4.974499940872192383E-01 4.499883949756622314E-02
 4.975099861621856689E-01 4.499889165163040161E-02
 4.975700080394744873E-01 4.499894380569458008E-02
 4.976300001144409180E-01 4.499899595975875854E-02
 4.976899921894073486E-01 4.499904811382293701E-02
 4.977500140666961670E-01 4.499909654259681702E-02
 4.978100061416625977E-01 4.499914497137069702E-02
 4.978699982166290283E-01 4.499918967485427856E-02
 4.979299902915954590E-01 4.499923437833786011E-02
 4.979900121688842773E-01 4.499927908182144165E-02
 4.980500042438507080E-01 4.499932006001472473E-02
 4.981099963188171387E-01 4.499936103820800781E-02
 4.981699883937835693E-01 4.499940201640129089E-02
 4.982300102710723877E-01 4.499943926930427551E-02
 4.982900023460388184E-01 4.499947652220726013E-02
 4.983499944210052490E-01 4.499951377511024475E-02
 4.984099864959716797E-01 4.499954730272293091E-02
 4.984700083732604980E-01 4.499958083033561707E-02
 4.985300004482269287E-01 4.499961435794830322E-02
 4.985899925231933594E-01 4.499964416027069092E-02
 4.986500144004821777E-01 4.499967396259307861E-02
 4.987100064754486084E-01 4.499970376491546631E-02
 4.987699985504150391E-01 4.499972984194755554E-02
 4.988299906253814697E-01 4.499975591897964478E-02
 4.988900125026702881E-01 4.499977827072143555E-02
 4.989500045776367188E-01 4.499980434775352478E-02
 4.990099966526031494E-01 4.499982669949531555E-02
 4.990699887275695801E-01 4.499984532594680786E-02
 4.991300106048583984E-01 4.499986395239830017E-02
 4.991900026798248291E-01 4.499988257884979248E-02
 4.992499947547912598E-01 4.499990120530128479E-02
 4.993099868297576904E-01 4.499991610646247864E-02
 4.993700087070465088E-01 4.499992728233337402E-02
 4.994300007820129395E-01 4.499994218349456787E-02
 4.994899928569793701E-01 4.499995335936546326E-02
 4.995500147342681885E-01 4.499996453523635864E-02
 4.996100068092346191E-01 4.499997198581695557E-02
 4.996699988842010498E-01 4.499997943639755249E-02
 4.997299909591674805E-01 4.499998688697814941E-02
 4.997900128364562988E-01 4.499999061226844788E-02
 4.998500049114227295E-01 4.499999433755874634E-02
 4.999099969863891602E-01 4.499999806284904480E-02
 4.999699890613555908E-01 4.499999806284904480E-02
 5.000299811363220215E-01 4.499999806284904480E-02
